timestamp,timestamp_sample,time_last_fuse,observation[0],observation[1],device_id,observation_variance[0],observation_variance[1],innovation[0],innovation[1],innovation_filtered[0],innovation_filtered[1],innovation_variance[0],innovation_variance[1],test_ratio[0],test_ratio[1],test_ratio_filtered[0],test_ratio_filtered[1],estimator_instance,innovation_rejected,fused
164749891,164552046,164559576,31.185566641644215,117.19754439917091,0,4.4609375,4.4609375,-0.077828325,0.1163512,-0.050053634,0.12960719,4.6018867,4.601878,5.265013e-05,0.00011767024,-7.0436625e-05,0.00015649294,0,0,1
165348463,165149504,165158152,31.185567942832712,117.19754541079149,0,4.0976567,4.0976567,-0.03523313,0.071061686,-0.036214102,0.08437998,4.2363977,4.236411,1.17210275e-05,4.7679634e-05,-3.1254884e-05,7.897988e-05,0,0,1
165747523,165549642,165557202,31.18556953489573,117.19754576546201,0,4.058594,4.058594,0.054905664,0.06434216,-0.008011551,0.07294335,4.1955595,4.195576,2.874117e-05,3.9469327e-05,-9.008649e-06,5.77521e-05,0,0,1
166346064,166150054,166155778,31.185569738357174,117.19754408146092,0,4.042969,4.042969,0.120257095,0.07157129,0.06740898,0.081792966,4.177625,4.1776457,0.00013846881,4.9046284e-05,7.1638715e-05,6.860149e-05,0,0,1
166745160,166548738,166554828,31.185569548198075,117.19754378460581,0,3.9667969,3.9667969,0.146351,0.02965044,0.10121081,0.06320495,4.100126,4.100159,0.00020895568,8.576726e-06,0.00012563747,4.538387e-05,0,0,1
167343738,167148773,167153404,31.18557164500015,117.19754405897473,0,4.0039062,4.0039062,0.11525745,0.05104335,0.11402943,0.056447834,4.135378,4.1354156,0.000128494,2.5201081e-05,0.00013782513,3.4832326e-05,0,0,1
167742763,167548222,167552454,31.185570943767246,117.19754346673469,0,3.9902341,3.9902341,0.2706336,0.10572595,0.18260387,0.070968546,4.120695,4.120741,0.00071097276,0.00010850453,0.0003788158,5.555398e-05,0,0,1
168341378,168148917,168151030,31.185569746189405,117.19754308077863,0,3.7695312,3.7695312,0.2575427,0.059728872,0.22540659,0.06552285,3.898375,3.8984275,0.0006805732,3.6604895e-05,0.00054141757,4.5571483e-05,0,0,1
168740388,168548625,168550081,31.18556954650578,117.19754327510029,0,3.6835938,3.6835938,0.2382536,0.033402283,0.23195454,0.05360552,3.8111238,3.8111753,0.00059577986,1.1709904e-05,0.00056943117,3.2416592e-05,0,0,1
169348917,169149270,169158633,31.18556894618303,117.19754307665222,0,3.6835938,3.6835938,0.26601404,0.046880655,0.2515377,0.05101203,3.8097358,3.8097837,0.0007429751,2.3075281e-05,0.0006682273,2.8489068e-05,0,0,1
169747972,169548018,169557683,31.185568845835288,117.1975430755885,0,3.6015623,3.6015623,0.25254735,0.046538852,0.25446486,0.04784206,3.726652,3.7266967,0.0006845841,2.3247017e-05,0.0006874439,2.4938534e-05,0,0,1
170346622,170147484,170156259,31.185568646417163,117.19754327767485,0,3.5878906,3.5878906,0.24556932,0.030684145,0.24969609,0.03971392,3.7114103,3.711452,0.000649934,1.0147153e-05,0.00066799234,1.760109e-05,0,0,1
170745697,170547388,170555309,31.18556804913337,117.19754338717438,0,3.515625,3.515625,0.26797053,0.01826294,0.25191438,0.030205287,3.6382053,3.6382487,0.0007894904,3.6669837e-06,0.0006895184,1.1223478e-05,0,0,1
171344253,171146897,171153885,31.18556695007303,117.19754400817992,0,3.517578,3.517578,0.23748837,0.0008399056,0.2514873,0.00933871,3.6388052,3.6388412,0.00061999174,7.754572e-09,0.00069449306,3.5743187e-06,0,0,1
171743264,171548276,171552935,31.185566748428972,117.19754430647585,0,3.5761719,3.5761719,0.27160037,-0.008120953,0.25875598,0.007193775,3.6967204,3.6967523,0.000798186,7.13598e-07,0.0007301995,2.8176316e-06,0,0,1
172341931,172148176,172151511,31.18556624546542,117.19754513964767,0,3.5722659,3.5722659,0.29925394,-0.03138344,0.2838635,-0.010651876,3.6920204,3.6920502,0.0009702322,1.0670714e-05,0.00087870425,-2.589341e-06,0,0,1
172740922,172546873,172550561,31.185565945188216,117.19754535189665,0,3.5722659,3.5722659,0.30229127,-0.020989066,0.29382697,-0.0152971875,3.6915722,3.6915996,0.0009901474,4.7734416e-06,0.0009400293,-3.482371e-06,0,0,1
173339511,173147566,173149138,31.18556584470284,117.19754544820005,0,3.4648438,3.4648438,0.2841187,-0.018898472,0.28891823,-0.018868055,3.5834243,3.5834513,0.000901076,3.9866845e-06,0.00092016463,-4.3973087e-06,0,0,1
173738517,173547354,173548188,31.185565845143472,117.19754544810978,0,3.470703,3.470703,0.26217514,-0.015560737,0.27779338,-0.017336734,3.5887306,3.5887578,0.0007661295,2.6988341e-06,0.00085663656,-3.5972323e-06,0,0,1
174347093,174146922,174156741,31.18556584494499,117.1975454517761,0,3.4746091,3.4746091,0.23246634,-0.012485225,0.25403827,-0.015131797,3.5923111,3.592341,0.0006017363,1.7357021e-06,0.0007217645,-2.6850346e-06,0,0,1
174746194,174547680,174555792,31.18556594501515,117.19754534446791,0,3.4765627,3.4765627,0.21336442,-0.010673861,0.23607911,-0.011455259,3.5938923,3.5939226,0.00050668605,1.2680441e-06,0.0006258769,-1.757156e-06,0,0,1
175344745,175147222,175154368,31.18556664456686,117.19754325124397,0,3.4628904,3.4628904,0.23724449,0.014075682,0.21639651,0.01095875,3.5797312,3.5797622,0.0006289293,2.213832e-06,0.0005344188,4.1965336e-06,0,0,1
175743833,175547033,175553419,31.18556664808599,117.19754265776508,0,3.4746091,3.4746091,0.15469746,-0.008191863,0.19827972,-0.00075656886,3.59114,3.5911727,0.00026655942,7.474619e-07,0.00045293974,1.0498803e-06,0,0,1
176342395,176147552,176151995,31.18556673690314,117.19754304167269,0,3.4746091,3.4746091,0.1350941,-0.025902199,0.178705,-0.02120778,3.5907779,3.5908136,0.0002033032,7.4737814e-06,0.00036986725,-1.0851602e-05,0,0,1
176741434,176547546,176551046,31.185569622153917,117.19754286168174,0,3.4160159,3.4160159,0.065743305,0.0050176317,0.12695669,-0.0063026957,3.5319679,3.5320053,4.8949278e-05,2.851256e-07,0.00021859992,-4.9319187e-06,0,0,1
177340056,177146902,177149622,31.18556972477501,117.19754142833024,0,3.3945312,3.3945312,0.20342185,0.059928,0.16874622,0.041451797,3.5100098,3.5100467,0.00047157073,4.0926694e-05,0.00035233394,3.3449032e-05,0,0,1
177739039,177546671,177548673,31.185569430243266,117.19754114654127,0,3.3945312,3.3945312,0.16243058,0.06464684,0.16977489,0.052602485,3.5097053,3.509742,0.00030069414,4.762987e-05,0.00034325005,4.0090446e-05,0,0,1
178347591,178147433,178157226,31.185568936540115,117.19754099930316,0,3.388672,3.388672,0.1610161,0.082708746,0.16225028,0.067516916,3.5038497,3.5038865,0.0002959737,7.809313e-05,0.00030609613,5.6813824e-05,0,0,1
178746642,178547146,178556277,31.185569338394497,117.1975415112936,0,3.3945312,3.3945312,0.099982135,0.048838858,0.13161997,0.059286293,3.5094287,3.5094635,0.000113937946,2.718631e-05,0.00021171418,4.3379903e-05,0,0,1
179345286,179148843,179154853,31.185569335409806,117.19754089666223,0,3.390625,3.390625,0.04341408,0.054679427,0.10614648,0.06632515,3.505249,3.5052817,2.1508113e-05,3.411811e-05,0.00015432166,5.4082924e-05,0,0,1
179744358,179546559,179553904,31.185569814639553,117.19753911895799,0,3.390625,3.390625,-0.002976516,0.09356908,0.08611434,0.08348732,3.5050256,3.5050561,1.01107936e-07,9.9914774e-05,0.00013882772,8.5560314e-05,0,0,1
180342879,180146026,180152480,31.18557251805471,117.19753941429903,0,3.386719,3.386719,0.17402941,0.011580521,0.059790198,0.053234033,3.5009215,3.5009494,0.0003460373,1.5322527e-06,0.00013125954,4.401249e-05,0,0,1
180741940,180546965,180551531,31.185570329338105,117.19753984711787,0,3.3828125,3.3828125,-0.040533774,0.039039027,0.06847367,0.039882112,3.4968548,3.4968817,1.879388e-05,1.7433196e-05,0.0001993568,2.7555932e-05,0,0,1
181340501,181147328,181150107,31.1855682351382,117.19754016802204,0,3.3808596,3.3808596,0.012980182,0.046489693,0.0538767,0.027838644,3.4946897,3.4947143,1.92847e-06,2.4737836e-05,9.699786e-05,1.9357716e-05,0,0,1
181739461,181547140,181549158,31.18557013538848,117.19753879367566,0,3.390625,3.390625,-0.16541713,0.11658887,-0.033655,0.05628854,3.5043533,3.5043776,0.00031232956,0.00015515409,-5.060878e-05,5.8554182e-05,0,0,1
182347929,182151924,182157710,31.18559611261212,117.19752397473226,0,3.986328,3.986328,-0.7301422,0.116358265,-0.3688627,0.091469154,4.1053376,4.1059074,0.0051942873,0.00013190016,-0.0021119923,0.000102235375,0,0,1
182747089,182552859,182556760,31.185610812932005,117.19751186591687,0,3.9609375,3.9609375,-0.7369471,0.022311425,-0.5483102,0.056923565,4.0850487,4.0859294,0.0053178417,4.873307e-06,-0.0036495053,5.4213724e-05,0,0,1
183345646,183152412,183155335,31.185627931043566,117.19749323399255,0,3.876953,3.876953,-0.805447,0.14747079,-0.70085216,0.11162017,4.0001745,4.0006175,0.006487165,0.00021744278,-0.0052787154,0.00015116255,0,0,1
183744704,183552237,183554384,31.185637066365683,117.19748353763471,0,3.8984377,3.8984377,-0.8567693,0.16205963,-0.7655263,0.13284108,4.021195,4.021525,0.007301846,0.0002612275,-0.0060903453,0.00019487212,0,0,1
184353270,184153090,184162935,31.185652504528452,117.19747114295106,0,3.8652346,3.8652346,-0.84052163,0.19700447,-0.81169856,0.1621677,3.9880328,3.9882991,0.007085966,0.0003892462,-0.0066895126,0.00027965172,0,0,1
184742421,184551541,184552008,31.18566440948058,117.19746235228511,0,3.832031,3.832031,-0.8536999,0.26100418,-0.82540953,0.20062922,3.9542282,3.9544616,0.007372398,0.00068907667,-0.0069090356,0.00043266232,0,0,1
185350876,185151227,185160558,31.185683588601734,117.19744800117024,0,3.8183591,3.8183591,-0.77378,0.28425887,-0.7909622,0.24140157,3.9405444,3.9407191,0.006077693,0.0008201864,-0.0063507888,0.0006118237,0,0,1
185749967,185551050,185559607,31.185696048321937,117.19743960003109,0,3.8125002,3.8125002,-0.6690563,0.17050362,-0.73498106,0.2161478,3.9343982,3.934541,0.004551002,0.00029555146,-0.0055191726,0.00049405923,0,0,1
186348486,186150708,186158180,31.18571639644406,117.19742637658328,0,3.8203125,3.8203125,-0.66992736,0.1853908,-0.6993426,0.20204869,3.9419208,3.942037,0.004554152,0.00034875114,-0.0049876124,0.0004233925,0,0,1
186747558,186550553,186557229,31.185730355846772,117.19741739652841,0,3.8339846,3.8339846,-0.6083217,0.14291085,-0.6570358,0.17520662,3.955451,3.955546,0.0037422313,0.00020653039,-0.0044090264,0.00032373035,0,0,1
187346163,187153316,187155801,31.185749804593343,117.19740122082013,0,3.8339846,3.8339846,-0.60697913,0.109667294,-0.6038401,0.15274434,3.9551716,3.9552345,0.0037259944,0.00012163037,-0.0037279327,0.00025107694,0,0,1
187745142,187550347,187554849,31.185761803859155,117.19739314169108,0,3.8730466,3.8730466,-0.5028367,0.1150791,-0.56402624,0.12747507,3.994214,3.9942684,0.00253211,0.00013262201,-0.0032461004,0.00017981813,0,0,1
188343717,188149430,188153420,31.18577864421235,117.19738509748602,0,3.9570315,3.9570315,-0.3571269,-0.06706635,-0.48358247,0.043565866,4.078139,4.0781703,0.0012509591,4.4116798e-05,-0.0024290406,7.10722e-05,0,0,1
188742797,188549244,188552468,31.18578511281393,117.19738547864621,0,3.9628909,3.9628909,-0.3005978,-0.12511857,-0.39548835,-0.027069764,4.084039,4.084058,0.00088499667,0.00015332454,-0.0016823246,-1.6357206e-05,0,0,1
189351322,189151962,189161015,31.18578866899957,117.19739317560932,0,3.921875,3.921875,-0.2251797,-0.1586545,-0.2745792,-0.1045188,4.0434575,4.043453,0.0005016093,0.00024900743,-0.00087890186,-0.00014684752,0,0,1
189750400,189550717,189560063,31.185788911763186,117.19740253837384,0,3.9042969,3.9042969,-0.128813,-0.20740725,-0.20813847,-0.15783536,4.025924,4.0259027,0.00016485943,0.00042740992,-0.0005432372,-0.0002967522,0,0,1
190348999,190151294,190158633,31.185784262528735,117.19742136285193,0,3.9121094,3.9121094,-0.005126411,-0.22334078,-0.11913603,-0.18799312,4.03368,4.033641,2.606066e-07,0.0004946509,-0.000246902,-0.00037496016,0,0,1
190747995,190550258,190557680,31.18577666750835,117.19743639704228,0,3.9082034,3.9082034,0.018238233,-0.16792186,-0.05298273,-0.1802594,4.029774,4.029732,3.3017548e-06,0.000279897,-0.00012486186,-0.00033587162,0,0,1
191346518,191149760,191156250,31.185757042165744,117.197461990883,0,3.8847656,3.8847656,0.15335396,-0.113137886,0.0691827,-0.1612444,4.0062966,4.006272,0.00023480476,0.00012780142,8.63226e-05,-0.00027381294,0,0,1
191745597,191549607,191555296,31.185740152098074,117.19748048496675,0,3.8749998,3.8749998,0.20154794,-0.13824989,0.107976645,-0.15191388,3.9963737,3.996351,0.00040658432,0.00019130483,0.00017127451,-0.00023886612,0,0,1
192344159,192147877,192153866,31.185709038696668,117.19751101081019,0,3.484375,3.484375,0.15434399,-0.07828755,0.13481744,-0.11194026,3.6056817,3.6056767,0.00026427253,6.799212e-05,0.00021597627,-0.00014013673,0,0,1
192743263,192549661,192552911,31.185685117940004,117.19753015995047,0,3.4902344,3.4902344,0.10775937,0.04083888,0.12897958,-0.050720774,3.6107593,3.6107876,0.00012863867,1.8475903e-05,0.00019368209,-6.7636756e-05,0,0,1
193341861,193150247,193151479,31.185646903313962,117.19755331337528,0,3.4785159,3.4785159,0.079880334,0.19679901,0.08970337,0.07913407,3.5978758,3.597936,7.094038e-05,0.00043057857,0.00010827768,0.00016039329,0,0,1
193740852,193550021,193550525,31.185621443925704,117.19756452037925,0,3.3789065,3.3789065,0.05442899,0.23386458,0.070435695,0.1456148,3.4975712,3.4976542,3.3880828e-05,0.000625478,6.9586255e-05,0.0003432576,0,0,1
194349432,194149498,194159069,31.185583419205678,117.1975717979399,0,3.390625,3.390625,-0.028965374,0.34525257,0.011895773,0.28179264,3.5085306,3.5086398,9.565178e-06,0.0013589236,2.0497397e-05,0.0010698993,0,0,1
194748396,194550610,194558113,31.185557894703155,117.19757200876414,0,3.3984373,3.3984373,-0.010188462,0.41467133,0.002362532,0.33239934,3.5156512,3.5157745,1.1810587e-06,0.001956352,1.0069169e-05,0.0013790142,0,0,1
195346994,195150043,195156681,31.18551918440852,117.19756317982545,0,3.5000002,3.5000002,0.040947504,0.37657854,0.014463093,0.3658406,3.6166356,3.6167588,1.8544286e-05,0.0015683811,9.5985515e-06,0.001550046,0,0,1
195746020,195549869,195555726,31.185492708588562,117.19755039457665,0,3.4960935,3.4960935,0.009267385,0.43387595,0.021202073,0.40330124,3.6124985,3.612605,9.509699e-07,0.00208435,1.1926032e-05,0.0018519289,0,0,1
196344583,196150577,196154292,31.185454947437314,117.19752140174073,0,3.4941409,3.4941409,-0.028155642,0.42705888,0.0067568496,0.41333395,3.6101332,3.6102164,8.783501e-06,0.002020702,3.3886845e-06,0.0019128398,0,0,1
196743701,196549377,196553337,31.185432823903714,117.19749601600058,0,3.4882815,3.4882815,-0.08690076,0.3260822,-0.037488006,0.38031754,3.6041687,3.6042233,8.38112e-05,0.0011800556,-3.6377005e-05,0.0016290725,0,0,1
197342236,197147456,197151903,31.185406131254116,117.19745194898928,0,3.419922,3.419922,-0.22482993,0.17642206,-0.15908492,0.26422173,3.5354583,3.5354998,0.0005719032,0.00035213964,-0.0003955076,0.0008788459,0,0,1
197741286,197547909,197550946,31.185395286903034,117.19742031071392,0,3.4687502,3.4687502,-0.3607936,0.04322301,-0.2396123,0.16228229,3.5839899,3.5840445,0.0014528168,2.0850504e-05,-0.0007856276,0.00046678694,0,0,1
198339809,198148827,198149511,31.185395248440095,117.19737409482774,0,3.6015623,3.6015623,-0.3792211,-0.15904847,-0.3352091,-0.039657902,3.7165303,3.716688,0.0015477731,0.00027224683,-0.0013519466,-5.7922684e-06,0,0,1
198738866,198548186,198548554,31.18540659144536,117.19735054483702,0,3.6113281,3.6113281,-0.5120012,-0.45984784,-0.4150356,-0.21992481,3.7263944,3.7266378,0.0028139292,0.002269714,-0.0019925132,-0.00089528196,0,0,1
199347479,199150213,199157095,31.185432324930204,117.19733656665366,0,3.5527341,3.5527341,-0.15188223,-0.7633498,-0.28629917,-0.50586444,3.6681185,3.6684465,0.0002515536,0.0063536745,-0.0010631444,-0.003479515,0,0,1
199746568,199550081,199556138,31.185447358742103,117.19734410477564,0,3.652344,3.652344,0.25111553,-0.6162189,-0.054633647,-0.5779566,3.7678943,3.7681272,0.000669435,0.004030923,-0.0003314045,-0.003991026,0,0,1
200345103,200150823,200154701,31.185463261274432,117.19737106989625,0,3.6796875,3.6796875,0.61486626,-0.44317782,0.29047957,-0.5105186,3.7955692,3.795643,0.00398423,0.0020698109,0.0015696982,-0.0029468331,0,0,1
200744115,200551682,200553743,31.185463243108035,117.19739658222842,0,3.6757815,3.6757815,0.6612927,-0.30927998,0.46820214,-0.42560238,3.7918613,3.7918448,0.004613122,0.0010090509,0.00300459,-0.002095879,0,0,1
201342786,201151386,201152306,31.185443954710568,117.19743240580162,0,3.7070312,3.7070312,0.87734616,-0.15729612,0.70929956,-0.26606137,3.8233209,3.8232648,0.008053065,0.00025885805,0.0058884704,-0.0009791515,0,0,1
201741717,201551072,201551348,31.185420107517416,117.19744873606946,0,3.8398438,3.8398438,0.9161952,0.07527979,0.79530543,-0.1280315,3.9562855,3.956248,0.0084868865,5.7297177e-05,0.006915406,-0.00049285655,0,0,1
202350224,202151735,202159886,31.185376282396373,117.1974442075445,0,3.7812498,3.7812498,0.23926593,0.4421076,0.53982204,0.19605564,3.8983386,3.8984032,0.0005874111,0.0020055298,0.003696565,0.0007913184,0,0,1
202749250,202551478,202558927,31.185347209289784,117.19742380470107,0,4.078125,4.078125,0.023588974,0.2894135,0.29771563,0.27736127,4.195588,4.195642,5.3049985e-06,0.00079854456,0.0018996756,0.0010620188,0,0,1
203347867,203152192,203157488,31.185322094137245,117.1973684798987,0,4.1562505,4.1562505,-0.37794375,0.3638076,-0.04086202,0.32966328,4.2746754,4.2746263,0.0013366301,0.0012385267,0.00023573927,0.0011804651,0,0,1
203746964,203551972,203556529,31.185322398562313,117.19732954131874,0,4.0898438,4.0898438,-0.3892494,0.11177701,-0.2189986,0.24650288,4.20899,4.2088985,0.0014399189,0.000118739845,-0.00063974556,0.0007354313,0,0,1
204345504,204151563,204155089,31.18534261661533,117.19728653019202,0,4.0976567,4.0976567,-0.24229874,-0.3294573,-0.29608762,-0.052442435,4.2175703,4.217537,0.000556801,0.0010294361,-0.0009756872,-0.00012458634,0,0,1
204744484,204552384,204554129,31.185364231949574,117.1972757587471,0,4.0976567,4.0976567,-0.07220846,-0.5261844,-0.20251249,-0.269915,4.2179613,4.217977,4.9446266e-05,0.002625619,-0.0005559121,-0.0012135169,0,0,1
205343027,205151979,205152689,31.18538931535928,117.19728623594652,0,4.101562,4.101562,0.30514142,-0.23433179,0.08050583,-0.2968949,4.2223954,4.222415,0.00088207074,0.0005201894,0.00018324763,-0.0010889848,0,0,1
205752065,205554506,205561704,31.185392505741962,117.19730842074655,0,4.3398433,4.3398433,0.5225767,-0.17657901,0.2853295,-0.2552278,4.4615245,4.4615064,0.0024483686,0.00027954817,0.0011857983,-0.0007595519,0,0,1
206350593,206151907,206160263,31.185373292292553,117.19734367986348,0,4.296875,4.296875,0.659135,0.03140975,0.46164417,-0.11075387,4.4192557,4.419218,0.0039324174,8.929837e-06,0.0023075975,-0.00029380887,0,0,1
206749614,206552788,206559303,31.18534775239568,117.19735425065649,0,4.2031255,4.2031255,0.34429523,0.3778627,0.42280796,0.09075695,4.3257766,4.3257813,0.0010961195,0.0013202722,0.0018547387,0.0002983692,0,0,1
207348054,207153261,207157861,31.18531195162444,117.19735330965868,0,5.2812505,5.2812505,-0.09486129,0.51619756,0.108630635,0.38405818,5.408415,5.408561,6.655307e-05,0.0019706527,0.0006246366,0.0016524466,0,0,1
207747229,207554627,207556900,31.185324588483304,117.19735202780828,0,7.0820312,7.0820312,-3.4406724,0.23421578,-1.334641,0.3688415,7.219003,7.219346,0.0655948,0.00030394457,-0.024318771,0.0013335228,0,0,1
208345643,208153142,208155459,31.185329323590775,117.19735239059105,0,6.9101567,6.9101567,-6.589256,-0.16387464,-4.2026577,0.0983068,7.0756254,7.076273,0.24545275,0.0001518025,-0.13245754,0.00045120707,0,0,1
208744728,208550490,208554499,31.185330320004716,117.19735289423546,0,7.0390625,7.0390625,-8.317097,-0.4474799,-6.0429506,-0.13985996,7.2594852,7.260557,0.3811515,0.0011031564,-0.2372413,-0.00018669844,0,0,1
209343300,209149111,209153059,31.185330318294838,117.19735349421273,0,9.3125,9.3125,-7.9984937,-0.55409765,-7.4367185,-0.3879171,9.607353,9.608427,0.26636222,0.0012781456,-0.2919003,-0.00090855913,0,0,1
209742309,209547870,209552099,31.185331317431817,117.19735469430339,0,8.8046875,8.8046875,-7.3280277,-0.57111377,-7.539775,-0.48681265,9.108606,9.109446,0.23582087,0.0014322316,-0.27510914,-0.0012135217,0,0,1
210340906,210143464,210150660,31.18533281699423,117.1973557945985,0,9.281251,9.281251,-6.7785397,-0.5655519,-7.170395,-0.5449256,9.675947,9.676791,0.18994978,0.001322128,-0.23064308,-0.0013421816,0,0,1
210739961,210542846,210549701,31.18533361621487,117.19735679477378,0,11.125,11.125,-6.257148,-0.576962,-6.7802787,-0.55889875,11.578716,11.579506,0.13525471,0.0011499114,-0.18782893,-0.0012515999,0,0,1
211338492,211142586,211148262,31.185333715678567,117.19735879521014,0,10.1875,10.1875,-5.6294336,-0.6909055,-6.165865,-0.64462245,10.571677,10.57218,0.11990727,0.0018060623,-0.14728484,-0.0015790246,0,0,1
211737566,211543055,211547302,31.185332515206536,117.19735889553834,0,10.8984375,10.8984375,-5.048567,-0.5828645,-5.674134,-0.6256988,11.340003,11.340551,0.08990484,0.0011982875,-0.120302595,-0.0014282948,0,0,1
212336073,212142791,212145864,31.1853297124449,117.19735899543426,0,12.7265625,12.7265625,-4.567936,-0.575322,-5.0127935,-0.5884561,13.185394,13.185812,0.06330046,0.0010040955,-0.08524556,-0.0011394726,0,0,1
212735139,212544171,212544905,31.185328206392313,117.19735899555548,0,18.406252,18.406252,-4.1296196,-0.4817475,-4.619871,-0.5491824,18.911364,18.91181,0.036070924,0.0004908693,-0.06668506,-0.0009266372,0,0,1
213343680,213145081,213153443,31.185327980928772,117.19735869734093,0,14.476563,14.476563,-4.111529,-0.6625175,-4.3455896,-0.58312625,14.8612795,14.861066,0.045499902,0.0011814211,-0.05356108,-0.0009491748,0,0,1
213742712,213546382,213552485,31.185327984116558,117.19735860068103,0,10.171875,10.171875,-3.8466558,-0.6764116,-4.132641,-0.63037664,10.525343,10.5248995,0.056232892,0.0017388582,-0.057184584,-0.001383996,0,0,1
214341278,214146949,214151048,31.18532779797328,117.19735729378483,0,9.6953125,9.6953125,-3.447145,-0.5781462,-3.7662547,-0.6179827,10.027469,10.027006,0.04740103,0.0013334111,-0.05269495,-0.0014456804,0,0,1
214740361,214546004,214550090,31.185327698056845,117.19735599457921,0,11.4296875,11.4296875,-3.2499096,-0.500005,-3.5300992,-0.5667356,11.751192,11.750715,0.035951797,0.00085102906,-0.043612696,-0.001145389,0,0,1
215338885,215146721,215148653,31.185327698521156,117.19735439515604,0,11.726562,11.726562,-2.9285145,-0.3375852,-3.2039094,-0.44995293,12.039861,12.039683,0.028492678,0.00037862713,-0.03726462,-0.00077310635,0,0,1
215737976,215546152,215547695,31.18532749883132,117.19735389552294,0,13.906251,13.906251,-2.7395627,-0.28902885,-2.9958634,-0.37597427,14.217791,14.217764,0.021114966,0.00023502338,-0.03066968,-0.00053010194,0,0,1
216346497,216146506,216156235,31.18532729951182,117.19735359594065,0,11.703125,11.703125,-2.5541255,-0.250047,-2.7481222,-0.3027978,12.004324,12.004226,0.021737358,0.00020833829,-0.025581578,-0.0003376683,0,0,1
216745589,216545616,216555278,31.185326900200113,117.19735349623562,0,12.062499,12.062499,-2.444271,-0.22999763,-2.6075003,-0.26854497,12.355375,12.355242,0.019342063,0.00017125983,-0.022864478,-0.0002602019,0,0,1
217344071,217146764,217153842,31.185326400838154,117.19735349668407,0,10.921875,10.921875,-2.2969728,-0.206378,-2.4326246,-0.23204719,11.204772,11.204643,0.018835133,0.00015205081,-0.020110663,-0.00019127959,0,0,1
217743109,217547238,217552885,31.185326101065883,117.19735329715083,0,10.609375,10.609375,-2.1830502,-0.17677127,-2.3229265,-0.20788081,10.885176,10.885069,0.017512655,0.00011482916,-0.01899336,-0.00015740652,0,0,1
218341719,218148291,218151449,31.185325901288646,117.19735299875073,0,11.085937,11.085937,-2.0512047,-0.14193071,-2.1721475,-0.17104927,11.35034,11.350272,0.014827542,7.0991526e-05,-0.017678536,-0.00011322762,0,0,1
218740776,218548042,218550493,31.185325701515215,117.19735299896726,0,10.703125,10.703125,-1.9797947,-0.13862048,-2.0820944,-0.1557505,10.962368,10.962324,0.014301972,7.0115195e-05,-0.016010372,-9.233622e-05,0,0,1
219339331,219147776,219149058,31.185325601606074,117.19735279950153,0,10.804687,10.804687,-1.8991846,-0.10861699,-1.9764187,-0.13047104,11.056797,11.056785,0.013048633,4.268022e-05,-0.014196401,-6.4375825e-05,0,0,1
219748288,219548204,219558077,31.185325701548496,117.19735259991185,0,10.718749,10.718749,-1.8345921,-0.0918751,-1.9169595,-0.11309299,10.966916,10.966925,0.012275932,3.078724e-05,-0.0133594675,-4.889778e-05,0,0,1
220346891,220148019,220156643,31.18532570146559,117.19735240035472,0,10.742187,10.742187,-1.72685,-0.06454456,-1.8128445,-0.09113314,10.984361,10.98439,0.010859116,1.517062e-05,-0.012019394,-3.25727e-05,0,0,1
220745913,220547457,220555687,31.185326001384926,117.19735210076516,0,10.609375,10.609375,-1.6822163,-0.037581444,-1.7533052,-0.0660446,10.848006,10.848046,0.01043455,5.2078126e-06,-0.011315607,-1.9524397e-05,0,0,1
221344520,221147577,221154253,31.18532630118557,117.19735180133131,0,10.609375,10.609375,-1.5762963,-0.017372845,-1.664968,-0.040974,10.843096,10.843149,0.009166054,1.1133877e-06,-0.01028143,-8.954283e-06,0,0,1
221743543,221548100,221553297,31.18532620120482,117.19735160156344,0,10.453125,10.453125,-1.5181354,-0.0085775815,-1.5972787,-0.026213398,10.6839695,10.68403,0.0086287595,2.7545752e-07,-0.009508292,-4.793984e-06,0,0,1
222342095,222148055,222151864,31.18532620124396,117.19735130183327,0,10.34375,10.34375,-1.4348083,0.013367432,-1.5070897,-0.00095161743,10.570682,10.57075,0.007790131,6.7616105e-07,-0.008513979,-1.2967691e-06,0,0,1
222741187,222548388,222550909,31.185326301216765,117.19735120206633,0,10.265625,10.265625,-1.3811334,0.023900617,-1.4498686,0.011388601,10.490076,10.490148,0.0072736545,2.1781943e-06,-0.007957205,4.37057e-07,0,0,1
223339764,223147473,223149475,31.18532640113667,117.19735090239477,0,7.234375,7.234375,-1.2570528,0.038007755,-1.3490838,0.026208797,7.451745,7.451819,0.00848221,7.754292e-06,-0.008576393,4.298496e-06,0,0,1
223738747,223546778,223548520,31.185326401160015,117.19735090251135,0,8.632812,8.632812,-1.1838069,0.028171802,-1.2753165,0.027944963,8.844873,8.844948,0.0063376767,3.5891694e-06,-0.007825804,4.346559e-06,0,0,1
224347333,224147875,224157064,31.18532640111913,117.19735090254821,0,10.0234375,10.0234375,-1.0706824,0.020528859,-1.1677331,0.026062546,10.231061,10.231139,0.0044818847,1.6476524e-06,-0.0063000857,3.4839684e-06,0,0,1
224746378,224548189,224556109,31.185326501105948,117.1973508024663,0,8.21875,8.21875,-1.0269727,0.030176353,-1.1043324,0.025992787,8.425299,8.425378,0.0050071715,4.323188e-06,-0.0055234404,3.327713e-06,0,0,1
225344930,225148121,225154677,31.1853263011067,117.1973507026888,0,8.179688,8.179688,-0.925451,0.03580097,-1.0076772,0.030139675,8.380636,8.3807125,0.004087802,6.117425e-06,-0.0049786777,4.640785e-06,0,0,1
225744027,225547535,225553723,31.185326201093915,117.19735030290063,0,8.09375,8.09375,-0.87651557,0.06427423,-0.94735223,0.04391051,8.29247,8.292545,0.0037059141,1.9927182e-05,-0.0043648924,1.0431036e-05,0,0,1
226342579,226148600,226152291,31.18532600151973,117.1973499031294,0,8.78125,8.78125,-0.8020846,0.09315289,-0.8676636,0.0692403,8.976948,8.97702,0.0028666302,3.8665214e-05,-0.0035691375,2.438532e-05,0,0,1
226741640,226548117,226551337,31.185325902124408,117.19734990354969,0,8.1875,8.1875,-0.7553515,0.087082595,-0.8189704,0.07837116,8.381452,8.381522,0.0027229453,3.6190937e-05,-0.0032341096,3.0920728e-05,0,0,1
227340239,227146784,227149906,31.185325702011014,117.19734980434889,0,7.894531,7.894531,-0.6827129,0.08836799,-0.7447355,0.08238695,8.085968,8.086035,0.0023057074,3.862908e-05,-0.0027099561,3.359823e-05,0,0,1
227739284,227546123,227548952,31.185325502123163,117.1973498045089,0,8.046875,8.046875,-0.6304186,0.08256569,-0.69402313,0.083127014,8.236642,8.236707,0.0019300468,3.3105916e-05,-0.0023652322,3.3963574e-05,0,0,1
228337834,228147123,228147521,31.185325301774522,117.19734990560062,0,8.054687,8.054687,-0.5662315,0.068883434,-0.6239441,0.076301485,8.242347,8.242407,0.0015559554,2.3026903e-05,-0.0019159089,2.8658173e-05,0,0,1
228746860,228546680,228556543,31.1853253017597,117.19734990593277,0,7.132812,7.132812,-0.5403215,0.062594414,-0.58565974,0.07026643,7.3190646,7.3191237,0.0015955447,2.141273e-05,-0.0017779972,2.562888e-05,0,0,1
229345382,229147625,229155113,31.18532510157322,117.19735000727883,0,7.078125,7.078125,-0.48027563,0.04516109,-0.5262915,0.057002544,7.2614937,7.261548,0.0012706184,1.12346515e-05,-0.0014825254,1.7816217e-05,0,0,1
229744450,229546879,229554159,31.18532490129431,117.19735010778652,0,7.1875,7.1875,-0.43574846,0.03138662,-0.4840374,0.04678162,7.3689804,7.3690314,0.0010306811,5.3473514e-06,-0.0012725014,1.26577415e-05,0,0,1
230343009,230146903,230152729,31.185324801103143,117.19735010781413,0,6.9804688,6.9804688,-0.39605117,0.023083314,-0.43426004,0.033022217,7.159592,7.1596394,0.00087634334,2.9769064e-06,-0.00104248,6.8429476e-06,0,0,1
230742043,230546283,230551776,31.18532450101272,117.19735000822857,0,6.8476562,6.8476562,-0.34279495,0.027271433,-0.39649776,0.028949443,7.0234275,7.0234714,0.00066923664,4.235689e-06,-0.0009477726,5.406381e-06,0,0,1
231340694,231146147,231150346,31.18532410038198,117.19734991044524,0,5.535156,5.535156,-0.27914095,0.022836687,-0.3346546,0.024197668,5.706823,5.7068634,0.00054615096,3.6553479e-06,-0.00074622314,4.057514e-06,0,0,1
231739660,231546548,231549395,31.185323800262573,117.19734981041628,0,5.367187,5.367187,-0.23629837,0.022224352,-0.29180765,0.022187345,5.53651,5.5365486,0.00040340878,3.5684457e-06,-0.00058314996,3.460253e-06,0,0,1
232338239,232146439,232147964,31.185323600291458,117.19734981003077,0,5.3203125,5.3203125,-0.1998386,0.012105,-0.23747225,0.016741605,5.4850965,5.4851317,0.00029122888,1.068569e-06,-0.000411575,2.1562569e-06,0,0,1
232737339,232546776,232547011,31.185323500150258,117.19734970983079,0,5.2460938,5.2460938,-0.17746308,0.015339799,-0.20925233,0.016808316,5.408292,5.4083257,0.00023292491,1.7403496e-06,-0.00032722094,2.1443007e-06,0,0,1
233345832,233146636,233155559,31.185323300096293,117.19734970927216,0,5.371094,5.371094,-0.14475638,0.005258759,-0.17172489,0.010735821,5.530355,5.530387,0.00015155922,2.0001889e-07,-0.00022342076,1.0421668e-06,0,0,1
233744927,233546009,233554607,31.185323100238232,117.19734980833277,0,5.1640625,5.1640625,-0.116206326,-0.005915014,-0.14513361,0.0024718824,5.321452,5.3214827,0.00010150545,2.629898e-07,-0.00016406683,3.9480938e-07,0,0,1
234343449,234145911,234153180,31.18532320034287,117.19735010793148,0,5.2109375,5.2109375,-0.11740523,-0.030839808,-0.1277087,-0.014783192,5.365544,5.3655715,0.000102759295,7.090345e-06,-0.00012552936,-2.9234743e-06,0,0,1
234742496,234546283,234552226,31.185323300541196,117.19735030768568,0,5.0898438,5.0898438,-0.11899666,-0.044470765,-0.12220436,-0.02609443,5.2428718,5.242898,0.00010803396,1.50882115e-05,-0.00011444685,-7.059022e-06,0,0,1
235341083,235146181,235150798,31.18532340037668,117.19735040786175,0,5.0820312,5.0820312,-0.11561661,-0.0449112,-0.12025624,-0.038153544,5.2328224,5.2328467,0.00010217967,1.5418114e-05,-0.000110338675,-1.2417e-05,0,0,1
235740073,235546573,235549846,31.18532370029461,117.1973507079528,0,5.3320317,5.3320317,-0.14126942,-0.06768661,-0.1268961,-0.04935729,5.481662,5.481684,0.00014562771,3.3431166e-05,-0.00012074621,-1.9898904e-05,0,0,1
236338714,236146556,236148418,31.18532400012027,117.19735110820145,0,5.335938,5.335938,-0.15857707,-0.0921776,-0.14426512,-0.07280239,5.4842935,5.484314,0.00018340877,6.1971e-05,-0.00015467468,-4.2079482e-05,0,0,1
236737702,236546867,236547466,31.18532420001369,117.19735130833126,0,5.34375,5.34375,-0.168289,-0.101395056,-0.1552426,-0.08591554,5.491413,5.4914327,0.00020629437,7.4887255e-05,-0.0001782712,-5.693773e-05,0,0,1
237346267,237146722,237156015,31.18532429993061,117.19735140824203,0,5.1523438,5.1523438,-0.15420385,-0.09447804,-0.15504846,-0.09287027,5.299281,5.2992992,0.0001794872,6.73757e-05,-0.00017917412,-6.537837e-05,0,0,1
237745298,237546106,237555064,31.18532449984224,117.1973515082204,0,5.1250005,5.1250005,-0.15989032,-0.0921669,-0.15671748,-0.091756634,5.271095,5.2711115,0.00019400081,6.446259e-05,-0.00018463377,-6.3839434e-05,0,0,1
238343893,238146118,238153637,31.18532459979706,117.19735160836922,0,5.140625,5.140625,-0.14768972,-0.081979044,-0.15067759,-0.0856224,5.2857,5.2857146,0.00016506614,5.0858314e-05,-0.00017124516,-5.5624787e-05,0,0,1
238742988,238546484,238552685,31.185324599756708,117.19735160840916,0,5.0117188,5.0117188,-0.13556717,-0.067546114,-0.1444655,-0.07822124,5.156208,5.156222,0.00014257345,3.5393958e-05,-0.00015837909,-4.6933925e-05,0,0,1
239341540,239146772,239151258,31.18532459980464,117.19735160843446,0,5.0625,5.0625,-0.119331196,-0.048865408,-0.13102031,-0.062407963,5.206035,5.206048,0.000109410976,1.8346569e-05,-0.00013165004,-3.1019492e-05,0,0,1
239740536,239546001,239550307,31.185324699680407,117.19735160850153,0,5.039062,5.039062,-0.12163083,-0.037994538,-0.12502602,-0.05158838,5.182012,5.182024,0.00011419548,1.114302e-05,-0.00012052256,-2.199789e-05,0,0,1
240339110,240145721,240148881,31.18532469960608,117.19735170887749,0,5.1523438,5.1523438,-0.110179916,-0.034965258,-0.117395245,-0.03954969,5.294547,5.2945576,9.1714086e-05,9.236423e-06,-0.00010564602,-1.3200346e-05,0,0,1
240738194,240546222,240547930,31.185324799569326,117.19735170890253,0,5.0937495,5.0937495,-0.11549885,-0.0299193,-0.11702964,-0.035322033,5.2355657,5.235575,0.00010191819,6.8390923e-06,-0.00010503868,-1.0332585e-05,0,0,1
241336786,241146122,241146505,31.185324799508283,117.19735160911486,0,5.128906,5.128906,-0.11145225,-0.015338797,-0.114119485,-0.023033684,5.270293,5.2703023,9.427639e-05,1.7856942e-06,-9.888789e-05,-4.9930895e-06,0,0,1
241745759,241546491,241555530,31.18532479953659,117.19735150947704,0,5.1328125,5.1328125,-0.110475175,-0.0028527959,-0.11247351,-0.013285904,5.2743154,5.2743244,9.2559996e-05,6.1721224e-08,-9.566035e-05,-2.5829333e-06,0,0,1
242344337,242146568,242154104,31.185324699549234,117.19735140923954,0,5.140625,5.140625,-0.0950456,0.0074847625,-0.10383031,-0.003552159,5.2817674,5.2817755,6.841395e-05,4.242639e-07,-8.1968086e-05,-8.358256e-07,0,0,1
242743415,242545881,242553154,31.185324699467664,117.19735130955247,0,5.0742183,5.0742183,-0.09171925,0.019062972,-0.09816045,0.0054060617,5.215173,5.215181,6.452266e-05,2.7872238e-06,-7.3526e-05,4.8498714e-07,0,0,1
243341987,243147206,243151728,31.185324699397636,117.19735111032807,0,5.3593755,5.3593755,-0.08883972,0.034106404,-0.09310861,0.020837499,5.5000978,5.500105,5.7398946e-05,8.459815e-06,-6.493709e-05,4.3655937e-06,0,0,1
243741035,243547164,243550778,31.18532469935058,117.19735101020429,0,6.054688,6.054688,-0.08640692,0.041058794,-0.090046965,0.029077174,6.195951,6.195958,4.820022e-05,1.0883383e-05,-5.6956702e-05,6.758956e-06,0,0,1
244339628,244147151,244149353,31.18532471486227,117.19735103598833,0,5.640625,5.640625,-0.094004296,0.029957611,-0.08940295,0.03211412,5.7848253,5.7848325,6.110337e-05,6.2055965e-06,-5.003246e-05,6.5087916e-06,0,0,1
244738656,244546167,244548403,31.185324998775943,117.19735095785441,0,4.9726567,4.9726567,-0.108366184,0.007421999,-0.09979716,0.027896825,5.118216,5.1182227,9.177596e-05,4.3050932e-07,-6.380779e-05,5.4155803e-06,0,0,1
245347271,245147145,245156955,31.185326161437096,117.19735000881596,0,4.5117188,4.5117188,-0.13845356,0.0535378,-0.11910699,0.040204283,4.655902,4.6559067,0.00016468894,2.4625031e-05,-0.000114510396,1.4795531e-05,0,0,1
245746259,245547464,245556005,31.18532564787492,117.1973489768958,0,4.4726562,4.4726562,-0.06405214,0.06897443,-0.10324075,0.054090858,4.6152368,4.6152406,3.5557674e-05,4.123271e-05,-9.339906e-05,2.7498018e-05,0,0,1
246344854,246151372,246154580,31.185324754102744,117.1973472621916,0,4.6171875,4.6171875,-0.25961643,0.18941008,-0.15638086,0.11193233,4.7578416,4.7578387,0.00056664937,0.00030161743,-0.00024786184,0.0001314387,0,0,1
246743890,246552404,246553631,31.185325492362008,117.19734591845068,0,4.492188,4.492188,-0.3502465,0.41418257,-0.24924573,0.23943865,4.6318293,4.6318197,0.0010593879,0.001481467,-0.0006294171,0.00066064874,0,0,1
247342452,247149507,247152207,31.18532670171568,117.19734264402022,0,5.0742183,5.0742183,-0.27342755,0.7828024,-0.30393037,0.5272696,5.212598,5.2125864,0.0005737072,0.0047023073,-0.00082112703,0.0026926147,0,0,1
247741501,247550034,247551257,31.185325875483827,117.19734369588215,0,4.9921875,4.9921875,-0.18767117,0.6744873,-0.2524159,0.6147556,5.13052,5.1305094,0.0002745957,0.0035468843,-0.0005692366,0.003267399,0,0,1
248350117,248152328,248159810,31.185325200344348,117.19734432284889,0,4.921875,4.921875,-0.18475667,0.6092653,-0.21098323,0.6172119,5.0602846,5.0602827,0.0002698269,0.0029342568,-0.0003821206,0.0030988278,0,0,1
248749192,248552354,248558861,31.185324214007014,117.19734371460498,0,5.6054688,5.6054688,-0.07713048,0.69774604,-0.15153909,0.6379169,5.7440825,5.7440934,4.1427757e-05,0.003390262,-0.00022299038,0.003067998,0,0,1
249347850,249151376,249157437,31.185323105983986,117.19734241623748,0,5.2460938,5.2460938,0.0502014,0.81259394,-0.040135816,0.73493624,5.3854275,5.3854513,1.8718521e-05,0.004904391,-7.5979246e-05,0.004004954,0,0,1
249746846,249551217,249556488,31.185322869134136,117.1973413875684,0,5.03125,5.03125,0.058624614,0.84169817,0.012779637,0.79575026,5.170536,5.1705647,2.6587923e-05,0.0054806843,-2.0896447e-05,0.004834109,0,0,1
250345357,250151490,250155065,31.185321772269486,117.19734213496695,0,5.039062,5.039062,0.0886256,0.8147857,0.04584112,0.79624426,5.178264,5.1782846,6.0672817e-05,0.0051281517,1.539986e-05,0.004829592,0,0,1
250744345,250550020,250554116,31.185321859389525,117.19734133564957,0,5.6484375,5.6484375,0.14090413,0.998065,0.086335555,0.86830366,5.7878346,5.7878423,0.00013721175,0.0068843183,6.453356e-05,0.0054918807,0,0,1
251342936,251151428,251152693,31.185320057926546,117.19734234671951,0,5.886719,5.886719,0.32020292,0.872482,0.21516943,0.91471106,6.0271173,6.0270977,0.00068045733,0.005052016,0.00038374658,0.0058151386,0,0,1
251742032,251548931,251551744,31.185320258232682,117.19734284944299,0,6.023437,6.023437,0.2707173,0.79570436,0.24788529,0.86132413,6.164741,6.164702,0.00047552914,0.004108198,0.00044512373,0.0050002406,0,0,1
252340660,252149729,252150321,31.18532036091912,117.1973434430714,0,5.5507817,5.5507817,0.192496,0.71034145,0.2251877,0.7885794,5.693309,5.693222,0.00026033865,0.0035451627,0.00036869163,0.004355345,0,0,1
252739617,252549071,252549373,31.185320453742573,117.19734385453997,0,5.5429688,5.5429688,0.14868926,0.67386246,0.19670343,0.7388376,5.686677,5.686539,0.00015551082,0.003194144,0.00028410155,0.0038255365,0,0,1
253348226,253148574,253157927,31.185320439720655,117.19734401203027,0,8.625,8.625,0.15062702,0.643763,0.16999209,0.6777711,8.77024,8.770081,0.00010347949,0.0018902029,0.00018270807,0.0027686814,0,0,1
253747303,253548950,253556978,31.18532076864203,117.19734412787335,0,5.8750005,5.8750005,0.13188,0.57533365,0.14826852,0.63574624,6.0225496,6.022383,0.00011551476,0.0021985238,0.00013975377,0.0024157523,0,0,1
254345852,254148862,254155556,31.185320577764514,117.19734511739203,0,8.3203125,8.3203125,0.14161909,0.49471804,0.14653677,0.5579083,8.470113,8.469939,9.471404e-05,0.0011558334,0.000114133385,0.0016645697,0,0,1
254744888,254549181,254554607,31.185320473555063,117.19734561823853,0,8.312499,8.312499,0.16142742,0.4501886,0.15061843,0.5084503,8.464264,8.464087,0.00012314746,0.0009577869,0.000113942406,0.0013332523,0,0,1
255343582,255149491,255153185,31.18532046482602,117.19734632337618,0,8.242188,8.242188,0.11049615,0.38263053,0.1409549,0.42893764,8.396695,8.396518,5.8162877e-05,0.0006974611,9.7513745e-05,0.00092364236,0,0,1
255742665,255549298,255552236,31.185320260155958,117.19734671612471,0,8.421875,8.421875,0.15652046,0.32498392,0.14277163,0.38218656,8.577998,8.57781,0.00011423949,0.00049250125,9.823347e-05,0.0007271903,0,0,1
256341195,256150001,256150814,31.185320189619503,117.19734727932553,0,7.9999995,7.9999995,0.1918295,0.2501845,0.16594838,0.3103992,8.158542,8.158259,0.00018041734,0.00030689043,0.0001346995,0.000486246,0,0,1
256740203,256547342,256549865,31.18532000423286,117.19734756371864,0,7.8515625,7.8515625,0.20836781,0.22536938,0.18417856,0.2711995,8.011292,8.010968,0.00021677972,0.0002536091,0.00016923691,0.00037725258,0,0,1
257338773,257147789,257148443,31.185319889798702,117.19734796552743,0,8.046875,8.046875,0.22126482,0.18700823,0.20882824,0.22471578,8.207987,8.207677,0.00023858772,0.00017043595,0.00021747177,0.0002607563,0,0,1
257747839,257548848,257557471,31.1853198340612,117.19734812242322,0,9.1640625,9.1640625,0.16582091,0.2705683,0.19683701,0.21993238,9.327116,9.32679,0.000117921016,0.00031396534,0.00018073485,0.00023796638,0,0,1
258346423,258148755,258156049,31.185320002486225,117.19734872958607,0,6.0117188,6.0117188,0.14535052,0.17725398,0.16170241,0.19325687,6.173581,6.1732774,0.00013688505,0.0002035805,0.0001528213,0.00022292367,0,0,1
258745508,258552208,258555101,31.185320515021143,117.19734941380524,0,5.8593745,5.8593745,0.07843996,0.1280131,0.12620246,0.16834196,6.0201006,6.0198092,4.088189e-05,0.00010888953,0.00010398863,0.00017970508,0,0,1
259354100,259153757,259163655,31.185321011406256,117.19735031523062,0,5.746094,5.746094,-0.0028313599,0.08602851,0.055995572,0.111453205,5.9054055,5.905092,5.430007e-08,5.013236e-05,4.0699008e-05,9.2133705e-05,0,0,1
259743074,259548951,259552730,31.18532141296774,117.1973504923176,0,5.5625,5.5625,-0.082984366,0.098701335,0.001349552,0.10319342,5.720119,5.719828,4.8155674e-05,6.81276e-05,6.6987686e-06,7.75574e-05,0,0,1
260341652,260150950,260151308,31.18532362307525,117.19735331838307,0,5.234375,5.234375,-0.2874591,-0.15973175,-0.16359428,-0.021993393,5.3894296,5.38913,0.0006132949,0.0001893755,-0.0003185563,-3.284577e-05,0,0,1
260740737,260548894,260550360,31.185324322078262,117.19735480938718,0,5.234375,5.234375,-0.3487634,-0.2655766,-0.24848028,-0.13263765,5.387898,5.387593,0.00090303057,0.0005236545,-0.00057535915,-0.00024176083,0,0,1
261339412,261148384,261148939,31.18532518104426,117.19735659157858,0,5.1953125,5.1953125,-0.39809477,-0.33806148,-0.33607265,-0.25193003,5.3467035,5.346395,0.0011856237,0.00085504766,-0.0009202567,-0.00057797536,0,0,1
261748350,261548211,261557967,31.185325354693862,117.1973568663706,0,5.2070312,5.2070312,-0.38948154,-0.32867828,-0.36771005,-0.29391396,5.357623,5.357293,0.001132561,0.000806597,-0.0010558687,-0.00071128964,0,0,1
262346799,262146734,262156546,31.18532478186139,117.19735755675325,0,5.1953125,5.1953125,-0.36729732,-0.37539974,-0.3722987,-0.32706678,5.3442802,5.343946,0.0010097324,0.0010548382,-0.001054557,-0.0008329189,0,0,1
262745896,262548529,262555598,31.185325306798283,117.19735820077348,0,5.1562495,5.1562495,-0.3124016,-0.40140563,-0.3514643,-0.35702232,5.3042564,5.303918,0.00073597307,0.0012151507,-0.0009406556,-0.0009819042,0,0,1
263344495,263147956,263154177,31.185325759861595,117.19736090852054,0,4.9023438,4.9023438,-0.22824264,-0.41849223,-0.28482464,-0.39343253,5.0488358,5.048498,0.00041272645,0.0013876265,-0.00064652564,-0.0012121288,0,0,1
263743521,263547791,263553230,31.18532603213685,117.19736230631106,0,4.625,4.625,-0.21899281,-0.35054097,-0.2516961,-0.3815774,4.7702074,4.7699003,0.0004021448,0.0010304531,-0.00052109803,-0.0011718471,0,0,1
264342084,264150354,264151809,31.18532649689196,117.19736416113656,0,4.7890625,4.7890625,-0.27419886,-0.30435494,-0.24962915,-0.32752964,4.9322987,4.9320526,0.00060973613,0.00075126474,-0.0005122357,-0.0008835715,0,0,1
264741240,264549707,264550861,31.185325981381265,117.19736856508872,0,4.730469,4.730469,-0.3090697,-0.4379472,-0.27589545,-0.37341008,4.872691,4.8724895,0.00078415865,0.0015745361,-0.0006308254,-0.0011648762,0,0,1
265349754,265150135,265159417,31.185326672212298,117.19737377105379,0,4.3945312,4.3945312,-0.40693906,-0.47952932,-0.3525581,-0.41395777,4.535083,4.5349555,0.0014606075,0.0020282306,-0.0011094537,-0.0015029889,0,0,1
265748842,265549409,265558470,31.18532648344947,117.19737677380282,0,4.1679688,4.1679688,-0.38079858,-0.3774734,-0.37186137,-0.4104743,4.306966,4.306894,0.0013467257,0.0013233313,-0.001263105,-0.0015220712,0,0,1
266347456,266147857,266157049,31.185325296405694,117.19738148705191,0,3.9921875,3.9921875,-0.28819573,-0.3512723,-0.3381515,-0.37830484,4.128424,4.1284223,0.00080473104,0.0011955389,-0.0010907288,-0.0013520776,0,0,1
266746422,266547725,266556103,31.185326829675592,117.19738578028635,0,3.9882812,3.9882812,-0.3561784,-0.3280183,-0.3460056,-0.3489528,4.1228476,4.1228905,0.0012308294,0.0010438891,-0.0011526026,-0.0011721023,0,0,1
267345079,267150191,267154682,31.18532751461301,117.1973928042575,0,4.015625,4.015625,-0.16497134,-0.2312447,-0.26115817,-0.29443908,4.1480074,4.1481175,0.0002624445,0.000515647,-0.0007154885,-0.00086149643,0,0,1
267744026,267549341,267553735,31.185326604619284,117.19739842495096,0,4.0195312,4.0195312,-0.15025464,-0.32565525,-0.20951329,-0.301568,4.150774,4.1509185,0.00021756381,0.0010219554,-0.0004797291,-0.00089185144,0,0,1
268342615,268149894,268152313,31.185325612617202,117.19740434052481,0,4.1796875,4.1796875,-0.17096478,-0.28807387,-0.17313942,-0.27119467,4.3095064,4.309684,0.00027129747,0.00077023334,-0.0003157151,-0.00071683957,0,0,1
268741656,268550088,268551365,31.18532513533687,117.19740882292557,0,4.3242188,4.3242188,-0.13117872,-0.21571596,-0.15882474,-0.2578795,4.4534883,4.453677,0.00015455621,0.0004179322,-0.00025474833,-0.0006373996,0,0,1
269350222,269151616,269159920,31.185324057300296,117.19741456040383,0,5.2812505,5.2812505,-0.32673028,-0.30451158,-0.22938427,-0.25144053,5.4111824,5.411377,0.0007891265,0.00068542483,-0.00046521344,-0.00054393115,0,0,1
269749251,269549949,269558972,31.18532396749423,117.19741831638385,0,5.335938,5.335938,-0.46760494,-0.31016865,-0.33373225,-0.28670678,5.4668884,5.467075,0.0015998452,0.00070388353,-0.000945829,-0.00065588474,0,0,1
270347906,270150296,270157550,31.185325101098194,117.19742009900986,0,5.2070312,5.2070312,-0.5696786,-0.28702152,-0.4730409,-0.2951223,5.3393817,5.3395476,0.0024312455,0.0006171411,-0.0017997656,-0.00066640135,0,0,1
270746920,270550649,270556601,31.18532535627882,117.1974196792695,0,5.8906255,5.8906255,-0.606598,-0.23505461,-0.53313637,-0.27314848,6.0237427,6.0238976,0.0024434056,0.00036687654,-0.0021298116,-0.000557187,0,0,1
271345476,271150607,271155180,31.185325788763222,117.19741949703511,0,5.804688,5.804688,-0.61961806,-0.19963525,-0.5928563,-0.23638345,5.9397798,5.939927,0.0025854597,0.00026838196,-0.0024604881,-0.0004026812,0,0,1
271744559,271549736,271554232,31.18532612828355,117.19742000357664,0,5.7773433,5.7773433,-0.60250515,-0.17252515,-0.60184324,-0.21010807,5.9135857,5.913731,0.0024554473,0.00020132757,-0.0024920448,-0.00031644682,0,0,1
272343110,272149702,272152810,31.185328086673238,117.1974215196123,0,6.9531245,6.9531245,-0.7333465,-0.19179136,-0.6665247,-0.19864699,7.09192,7.092063,0.0030332946,0.00020746529,-0.002676031,-0.00024706926,0,0,1
272742191,272548953,272551862,31.185329126324945,117.19742161947013,0,7.0078125,7.0078125,-0.7845788,-0.13681778,-0.7215977,-0.17505589,7.1484194,7.1485605,0.0034444756,0.00010474335,-0.0030343118,-0.00018912357,0,0,1
273350734,273150551,273160416,31.185330221722072,117.19742071317951,0,7.421875,7.421875,-0.88521475,-0.06419144,-0.7971823,-0.110226996,7.565635,7.565779,0.004142971,2.1785148e-05,-0.0035095832,-8.73362e-05,0,0,1
273749809,273549642,273559467,31.185331481092703,117.19742040947467,0,7.339844,7.339844,-0.97783464,-0.0039222864,-0.8758658,-0.065501235,7.4854,7.4855413,0.0051094694,8.2208246e-08,-0.004176129,-4.631484e-05,0,0,1
274348354,274151053,274158045,31.185332201612024,117.19741960882733,0,7.4570312,7.4570312,-0.9996955,0.11696321,-0.9558313,0.031032043,7.605174,7.605311,0.0052563744,7.1951785e-05,-0.004821705,1.1148822e-05,0,0,1
274747471,274550193,274557097,31.18533198726964,117.19741910917642,0,7.539063,7.539063,-0.95639014,0.17933612,-0.9584064,0.09708527,7.6887355,7.6888704,0.004758557,0.00016731425,-0.004820566,7.6655255e-05,0,0,1
275346015,275149347,275155675,31.18533172582072,117.19741920356034,0,8.171876,8.171876,-0.8730523,0.19555499,-0.9202156,0.15736291,8.323788,8.323917,0.0036628533,0.00018376805,-0.0043087783,0.00014424867,0,0,1
275745027,275550673,275554726,31.18533165670399,117.19741919173153,0,8.09375,8.09375,-0.81973416,0.2063132,-0.8748883,0.17960478,8.247354,8.247481,0.0032590532,0.00020643944,-0.0038284203,0.00017143233,0,0,1
276343593,276149834,276153303,31.18533158741018,117.19741967128043,0,8.3046875,8.3046875,-0.7701944,0.17331088,-0.809912,0.18108985,8.460683,8.460804,0.0028044991,0.00014200382,-0.003189647,0.00016222638,0,0,1
276742651,276545538,276552355,31.185303368318838,117.1974127777483,0,16.109375,16.109375,2.3975189,0.8349785,0.104518384,0.362044,16.26693,16.267046,0.014134436,0.0017143596,0.0018074431,0.0005916778,0,0,1
277341265,277143511,277150932,31.185312466375528,117.19741571829184,0,7.1484375,7.1484375,1.2459921,0.46056625,0.90565276,0.44241002,7.309884,7.309995,0.008495326,0.0011607191,0.006327501,0.0009414775,0,0,1
277740339,277543369,277549984,31.18531267985689,117.1974153132912,0,6.4101562,6.4101562,1.1654578,0.49362093,1.0467925,0.46406597,6.571546,6.571652,0.0082677165,0.0014831072,0.007393957,0.0011735214,0,0,1
