timestamp,timestamp_sample,gps_hvel[0],gps_hvel[1],gps_vvel,gps_hpos[0],gps_hpos[1],gps_vpos,ev_hvel[0],ev_hvel[1],ev_vvel,ev_hpos[0],ev_hpos[1],ev_vpos,rng_vpos,baro_vpos,aux_hvel[0],aux_hvel[1],flow[0],flow[1],heading,mag_field[0],mag_field[1],mag_field[2],gravity[0],gravity[1],gravity[2],drag[0],drag[1],airspeed,beta,hagl,hagl_rate
164819562,164629410,0.105262116,0.105382256,0.21057752,4.6018867,4.601878,6.342708,0.0,0.0,0.0,0.0,0.0,0.0,0.0,12.479726,0.0,0.0,0.0,0.0,0.010206565,0.0,0.0,0.0,1.0000325,1.0000345,1.0000001,0.0,0.0,2.0269766,0.0,0.0,0.0
165328256,165138199,0.10433036,0.10472372,0.21017334,4.2958465,4.2958555,6.27569,0.0,0.0,0.0,0.0,0.0,0.0,0.0,12.48027,0.0,0.0,0.0,0.0,0.010204487,0.0,0.0,0.0,1.0000284,1.0000304,1.0000011,0.0,0.0,2.6659613,0.0,0.0,0.0
165817137,165627036,0.1038003,0.10427646,0.20978355,4.1955595,4.195576,6.231035,0.0,0.0,0.0,0.0,0.0,0.0,0.0,12.477695,0.0,0.0,0.0,0.0,0.010207282,0.0,0.0,0.0,1.0000256,1.0000244,1.000001,0.0,0.0,2.7638972,0.0,0.0,0.0
166325893,166135825,0.10349328,0.103933446,0.20961839,4.1744676,4.1744857,6.222461,0.0,0.0,0.0,0.0,0.0,0.0,0.0,12.479171,0.0,0.0,0.0,0.0,0.010207339,0.0,0.0,0.0,1.000023,1.0000247,1.0,0.0,0.0,2.7733078,0.0,0.0,0.0
166824803,166634638,0.10264881,0.103277534,0.20921193,4.100126,4.100159,6.20618,0.0,0.0,0.0,0.0,0.0,0.0,0.0,12.475433,0.0,0.0,0.0,0.0,0.01020364,0.0,0.0,0.0,1.0000178,1.0000244,1.0000001,0.0,0.0,2.7385054,0.0,0.0,0.0
167323495,167133452,0.10218158,0.10258254,0.20897992,4.1359606,4.1359963,6.224878,0.0,0.0,0.0,0.0,0.0,0.0,0.0,12.476694,0.0,0.0,0.0,0.0,0.010204945,0.0,0.0,0.0,1.0000174,1.0000234,1.0000002,0.0,0.0,2.8872538,0.0,0.0,0.0
167822383,167632265,0.10195817,0.102646835,0.20877267,4.120695,4.120741,6.2162733,0.0,0.0,0.0,0.0,0.0,0.0,0.0,12.474125,0.0,0.0,0.0,0.0,0.0102089755,0.0,0.0,0.0,1.0000161,1.0000218,1.0000005,0.0,0.0,2.8344812,0.0,0.0,0.0
168321122,168131078,0.10176763,0.10239597,0.20864686,3.9091537,3.9092069,6.118091,0.0,0.0,0.0,0.0,0.0,0.0,0.0,12.474182,0.0,0.0,0.0,0.0,0.010211391,0.0,0.0,0.0,1.0000162,1.0000217,1.0000005,0.0,0.0,2.89514,0.0,0.0,0.0
168819968,168629891,0.10139787,0.10185808,0.20848514,3.8111238,3.8111753,6.072857,0.0,0.0,0.0,0.0,0.0,0.0,0.0,12.471655,0.0,0.0,0.0,0.0,0.010215454,0.0,0.0,0.0,1.0000157,1.0000211,1.0000005,0.0,0.0,2.7252855,0.0,0.0,0.0
169318748,169128704,0.10138634,0.101783946,0.20840794,3.812221,3.8122706,6.07229,0.0,0.0,0.0,0.0,0.0,0.0,0.0,12.472596,0.0,0.0,0.0,0.0,0.010219254,0.0,0.0,0.0,1.0000161,1.0000212,1.0000007,0.0,0.0,2.899604,0.0,0.0,0.0
169817556,169627517,0.10126389,0.10159428,0.20835255,3.726652,3.7266967,6.032461,0.0,0.0,0.0,0.0,0.0,0.0,0.0,12.469777,0.0,0.0,0.0,0.0,0.010224731,0.0,0.0,0.0,1.0000157,1.0000211,1.0000006,0.0,0.0,2.8603613,0.0,0.0,0.0
170326347,170136306,0.10122095,0.1015266,0.20833057,3.7158248,3.7158678,6.023855,0.0,0.0,0.0,0.0,0.0,0.0,0.0,12.47082,0.0,0.0,0.0,0.0,0.0102284085,0.0,0.0,0.0,1.0000165,1.0000217,1.0000006,0.0,0.0,2.9652047,0.0,0.0,0.0
170825155,170635119,0.101145126,0.10144446,0.20833394,3.6382053,3.6382487,5.9880924,0.0,0.0,0.0,0.0,0.0,0.0,0.0,12.468671,0.0,0.0,0.0,0.0,0.010232876,0.0,0.0,0.0,1.0000166,1.0000218,1.0,0.0,0.0,2.9180624,0.0,0.0,0.0
171324065,171133932,0.10121852,0.101454064,0.20833261,3.6392417,3.6392832,5.987457,0.0,0.0,0.0,0.0,0.0,0.0,0.0,12.468954,0.0,0.0,0.0,0.0,0.010235254,0.0,0.0,0.0,1.000017,1.0000223,1.0000001,0.0,0.0,2.7908719,0.0,0.0,0.0
171822789,171632745,0.101219654,0.10147192,0.2083199,3.6967204,3.6967523,6.013525,0.0,0.0,0.0,0.0,0.0,0.0,0.0,12.467115,0.0,0.0,0.0,0.0,0.010239236,0.0,0.0,0.0,1.0000165,1.0000217,1.0000005,0.0,0.0,2.4922671,0.0,0.0,0.0
172321599,172131558,0.10127144,0.101508744,0.20832238,3.692287,3.6923175,6.0092235,0.0,0.0,0.0,0.0,0.0,0.0,0.0,12.468609,0.0,0.0,0.0,0.0,0.0102418875,0.0,0.0,0.0,1.0000168,1.000022,1.0000006,0.0,0.0,2.8484285,0.0,0.0,0.0
172820449,172630372,0.101292506,0.101541646,0.20833531,3.6915722,3.6915996,6.0091996,0.0,0.0,0.0,0.0,0.0,0.0,0.0,12.466073,0.0,0.0,0.0,0.0,0.010245551,0.0,0.0,0.0,1.0000163,1.0000217,1.0000005,0.0,0.0,2.3608215,0.0,0.0,0.0
173319225,173129185,0.10135168,0.10159296,0.20834975,3.5860062,3.5860343,5.9623537,0.0,0.0,0.0,0.0,0.0,0.0,0.0,12.467696,0.0,0.0,0.0,0.0,0.010247898,0.0,0.0,0.0,1.0000167,1.0000219,1.0000007,0.0,0.0,2.1776435,0.0,0.0,0.0
173818056,173627999,0.101256356,0.10148884,0.20835085,3.5887306,3.5887578,5.962155,0.0,0.0,0.0,0.0,0.0,0.0,0.0,12.4662695,0.0,0.0,0.0,0.0,0.010250201,0.0,0.0,0.0,1.0000162,1.0000216,1.0000006,0.0,0.0,2.6126747,0.0,0.0,0.0
174326891,174136789,0.101295784,0.10151779,0.20836848,3.592542,3.5925713,5.9652767,0.0,0.0,0.0,0.0,0.0,0.0,0.0,12.468007,0.0,0.0,0.0,0.0,0.010251996,0.0,0.0,0.0,1.0000166,1.0000219,1.0000005,0.0,0.0,2.5477877,0.0,0.0,0.0
174825642,174635602,0.10128255,0.10154328,0.20836307,3.5938923,3.5939226,5.96549,0.0,0.0,0.0,0.0,0.0,0.0,0.0,12.465666,0.0,0.0,0.0,0.0,0.010253753,0.0,0.0,0.0,1.000016,1.0000215,1.0000007,0.0,0.0,2.8881829,0.0,0.0,0.0
175324497,175134416,0.10121789,0.10147,0.20837632,3.5857513,3.5857816,5.9614563,0.0,0.0,0.0,0.0,0.0,0.0,0.0,12.467466,0.0,0.0,0.0,0.0,0.010255904,0.0,0.0,0.0,1.0000166,1.000022,1.0000004,0.0,0.0,2.7630358,0.0,0.0,0.0
175823301,175633229,0.10099648,0.101204544,0.20837486,3.59114,3.5911727,5.9656487,0.0,0.0,0.0,0.0,0.0,0.0,0.0,12.466164,0.0,0.0,0.0,0.0,0.0102547025,0.0,0.0,0.0,1.0000163,1.0000213,1.0000001,0.0,0.0,2.6580906,0.0,0.0,0.0
176322085,176132043,0.101230465,0.101413146,0.20835708,3.588956,3.5889914,5.965541,0.0,0.0,0.0,0.0,0.0,0.0,0.0,12.466969,0.0,0.0,0.0,0.0,0.01025498,0.0,0.0,0.0,1.0000161,1.0000218,1.0000007,0.0,0.0,2.8052778,0.0,0.0,0.0
176820908,176630856,0.10109513,0.10141133,0.20835358,3.5319679,3.5320053,5.9336495,0.0,0.0,0.0,0.0,0.0,0.0,0.0,12.465615,0.0,0.0,0.0,0.0,0.010254986,0.0,0.0,0.0,1.0000161,1.0000205,1.0000008,0.0,0.0,2.9419534,0.0,0.0,0.0
177319765,177129670,0.10116855,0.101333335,0.20836097,3.5124962,3.512535,5.926007,0.0,0.0,0.0,0.0,0.0,0.0,0.0,12.46742,0.0,0.0,0.0,0.0,0.010253829,0.0,0.0,0.0,1.0000173,1.0000209,1.0,0.0,0.0,2.9141974,0.0,0.0,0.0
177818559,177628483,0.10114642,0.101249896,0.20832385,3.5097053,3.509742,5.922005,0.0,0.0,0.0,0.0,0.0,0.0,0.0,12.4650755,0.0,0.0,0.0,0.0,0.0102530895,0.0,0.0,0.0,1.0000166,1.0000204,1.0000001,0.0,0.0,2.96646,0.0,0.0,0.0
178327385,178137274,0.101256885,0.10134228,0.20833464,3.5098073,3.5098443,5.9221816,0.0,0.0,0.0,0.0,0.0,0.0,0.0,12.466832,0.0,0.0,0.0,0.0,0.010253031,0.0,0.0,0.0,1.0000165,1.00002,1.0000017,0.0,0.0,2.6491811,0.0,0.0,0.0
178826126,178636087,0.101167664,0.10125039,0.20834863,3.5094287,3.5094635,5.922425,0.0,0.0,0.0,0.0,0.0,0.0,0.0,12.465512,0.0,0.0,0.0,0.0,0.010252502,0.0,0.0,0.0,1.0000159,1.0000207,1.0000006,0.0,0.0,2.5267036,0.0,0.0,0.0
179324990,179134901,0.10104026,0.10113223,0.20835103,3.5033667,3.5034,5.922299,0.0,0.0,0.0,0.0,0.0,0.0,0.0,12.466778,0.0,0.0,0.0,0.0,0.010253546,0.0,0.0,0.0,1.0000162,1.0000211,1.0000005,0.0,0.0,2.9217312,0.0,0.0,0.0
179823759,179633714,0.100906275,0.10113465,0.20836557,3.5050256,3.5050561,5.9216523,0.0,0.0,0.0,0.0,0.0,0.0,0.0,12.465477,0.0,0.0,0.0,0.0,0.010250267,0.0,0.0,0.0,1.0000165,1.0000203,1.0000004,0.0,0.0,2.7714546,0.0,0.0,0.0
180322734,180132528,0.10107349,0.10125801,0.20837776,3.4912333,3.4912634,5.913736,0.0,0.0,0.0,0.0,0.0,0.0,0.0,12.467278,0.0,0.0,0.0,0.0,0.010246911,0.0,0.0,0.0,1.0000169,1.00002,1.0000008,0.0,0.0,2.4714136,4.926242,0.0,0.0
180821411,180631341,0.10112436,0.101175286,0.20839171,3.4968548,3.4968817,5.917933,0.0,0.0,0.0,0.0,0.0,0.0,0.0,12.464984,0.0,0.0,0.0,0.0,0.010243151,0.0,0.0,0.0,1.0000161,1.0000186,1.000002,0.0,0.0,2.1411736,0.09365974,0.0,0.0
181320246,181130154,0.1012079,0.10124205,0.20841835,3.4908807,3.4909062,5.9139543,0.0,0.0,0.0,0.0,0.0,0.0,0.0,12.466864,0.0,0.0,0.0,0.0,0.010241979,0.0,0.0,0.0,1.0000167,1.0000203,1.0000007,0.0,0.0,2.1470945,0.09271292,0.0,0.0
181819047,181628968,0.10084024,0.101349995,0.20847277,3.5043533,3.5043776,5.9221063,0.0,0.0,0.0,0.0,0.0,0.0,0.0,12.465593,0.0,0.0,0.0,0.0,0.010241661,0.0,0.0,0.0,1.000016,1.00002,1.000001,0.0,0.0,2.1188405,0.091126956,0.0,0.0
182327907,182137758,0.10324789,0.10949405,0.20909931,4.5711117,4.571227,6.2087455,0.0,0.0,0.0,0.0,0.0,0.0,0.0,12.467847,0.0,0.0,0.0,0.0,0.01023665,0.0,0.0,0.0,1.0000124,1.0000209,1.0000058,0.0,0.0,2.0696323,0.09028889,0.0,0.0
182826725,182636570,0.10486649,0.10626599,0.20901383,4.0850487,4.0859294,6.2019353,0.0,0.0,0.0,0.0,0.0,0.0,0.0,12.468118,0.0,0.0,0.0,0.0,0.01022922,0.0,0.0,0.0,1.0000119,1.0000203,1.0000056,0.0,0.0,2.0473328,0.09055999,0.0,0.0
183325474,183135382,0.10332067,0.1034883,0.20880596,4.0086164,4.009147,6.1670566,0.0,0.0,0.0,0.0,0.0,0.0,0.0,12.47016,0.0,0.0,0.0,0.0,0.010217633,0.0,0.0,0.0,1.0000107,1.00002,1.0000064,0.0,0.0,2.0486555,0.09088569,0.0,0.0
183824257,183634195,0.10165452,0.10165591,0.2086657,4.021195,4.021525,6.1748786,0.0,0.0,0.0,0.0,0.0,0.0,0.0,12.467735,0.0,0.0,0.0,0.0,0.010214402,0.0,0.0,0.0,1.0000128,1.000019,1.000004,0.0,0.0,2.0529664,0.09099173,0.0,0.0
184323102,184133006,0.10183119,0.10179794,0.20864005,3.990177,3.9904723,6.1477203,0.0,0.0,0.0,0.0,0.0,0.0,0.0,12.4695635,0.0,0.0,0.0,0.0,0.010211935,0.0,0.0,0.0,1.0000145,1.0000199,1.000002,0.0,0.0,2.058494,0.09095511,0.0,0.0
184821814,184631818,0.10122867,0.101521954,0.20862034,3.9542282,3.9544616,6.131982,0.0,0.0,0.0,0.0,0.0,0.0,0.0,12.468134,0.0,0.0,0.0,0.0,0.010210051,0.0,0.0,0.0,1.0000147,1.00002,1.0000013,0.0,0.0,2.052922,0.09071615,0.0,0.0
185320748,185130629,0.10085479,0.101095095,0.20861152,3.9464684,3.9466693,6.1243157,0.0,0.0,0.0,0.0,0.0,0.0,0.0,12.468895,0.0,0.0,0.0,0.0,0.0102090845,0.0,0.0,0.0,1.0000144,1.0000205,1.0000021,0.0,0.0,2.0473473,0.09072939,0.0,0.0
185819491,185629440,0.10137433,0.10138994,0.20855987,3.9343982,3.934541,6.1196556,0.0,0.0,0.0,0.0,0.0,0.0,0.0,12.467436,0.0,0.0,0.0,0.0,0.010208602,0.0,0.0,0.0,1.0000126,1.00002,1.0000033,0.0,0.0,2.0397737,0.09096862,0.0,0.0
186328266,186138227,0.10177759,0.10186134,0.20855922,3.932335,3.9324582,6.119477,0.0,0.0,0.0,0.0,0.0,0.0,0.0,12.469243,0.0,0.0,0.0,0.0,0.010204898,0.0,0.0,0.0,1.0000155,1.0000204,1.0000007,0.0,0.0,2.0456302,0.09072258,0.0,0.0
186817238,186627062,0.10136717,0.101516016,0.20856364,3.955451,3.955546,6.131396,0.0,0.0,0.0,0.0,0.0,0.0,0.0,12.4668,0.0,0.0,0.0,0.0,0.010206008,0.0,0.0,0.0,1.0000122,1.00002,1.0000033,0.0,0.0,2.0234137,0.09078562,0.0,0.0
187325934,187135848,0.10179691,0.10188164,0.20856243,3.9517522,3.9518168,6.1276565,0.0,0.0,0.0,0.0,0.0,0.0,0.0,12.468613,0.0,0.0,0.0,0.0,0.010205084,0.0,0.0,0.0,1.0000131,1.0000197,1.0000031,0.0,0.0,2.0208688,0.090782136,0.0,0.0
187824710,187634658,0.10214992,0.102016516,0.20854244,3.994214,3.9942684,6.147102,0.0,0.0,0.0,0.0,0.0,0.0,0.0,12.467215,0.0,0.0,0.0,0.0,0.010205988,0.0,0.0,0.0,1.0000126,1.0000182,1.0000038,0.0,0.0,2.0109458,0.090808935,0.0,0.0
188323576,188133468,0.10086067,0.100829914,0.20855635,4.062439,4.0624876,6.182106,0.0,0.0,0.0,0.0,0.0,0.0,0.0,12.4690485,0.0,0.0,0.0,0.0,0.0102069145,0.0,0.0,0.0,1.0000131,1.0000159,1.0000067,0.0,0.0,2.001802,0.09120314,0.0,0.0
188822321,188632278,0.10191595,0.10125101,0.2086404,4.084039,4.084058,6.1931834,0.0,0.0,0.0,0.0,0.0,0.0,0.0,12.46719,0.0,0.0,0.0,0.0,0.010200782,0.0,0.0,0.0,1.0000141,1.0000149,1.0000058,0.0,0.0,1.9930025,0.09248257,0.0,0.0
189321128,189131087,0.10247278,0.101803996,0.20875123,4.0318294,4.031829,6.173875,0.0,0.0,0.0,0.0,0.0,0.0,0.0,12.46908,0.0,0.0,0.0,0.0,0.010192863,0.0,0.0,0.0,1.0000168,1.0000154,1.0000032,0.0,0.0,1.9996486,0.093309745,0.0,0.0
189819992,189629896,0.102401614,0.100943275,0.20880507,4.025924,4.0259027,6.1703033,0.0,0.0,0.0,0.0,0.0,0.0,0.0,12.4667635,0.0,0.0,0.0,0.0,0.010177482,0.0,0.0,0.0,1.0000187,1.0000137,1.0000027,0.0,0.0,1.9867729,0.094547614,0.0,0.0
190318750,190128705,0.102506354,0.10130722,0.20887421,4.041492,4.0414615,6.1780615,0.0,0.0,0.0,0.0,0.0,0.0,0.0,12.468728,0.0,0.0,0.0,0.0,0.010170419,0.0,0.0,0.0,1.0000185,1.000013,1.0000044,0.0,0.0,1.9787469,0.09701081,0.0,0.0
190817606,190627513,0.10295488,0.10200964,0.20899837,4.029774,4.029732,6.169715,0.0,0.0,0.0,0.0,0.0,0.0,0.0,12.467464,0.0,0.0,0.0,0.0,0.010159613,0.0,0.0,0.0,1.0000182,1.0000126,1.0000044,0.0,0.0,1.9713521,0.09584692,0.0,0.0
191326381,191136298,0.10221545,0.10154762,0.20903242,4.0257874,4.025745,6.169661,0.0,0.0,0.0,0.0,0.0,0.0,0.0,12.46952,0.0,0.0,0.0,0.0,0.010152698,0.0,0.0,0.0,1.0000179,1.0000143,1.0000039,0.0,0.0,1.9712849,0.093368754,0.0,0.0
191825200,191635106,0.10203195,0.10197549,0.20906988,3.9963737,3.996351,6.154496,0.0,0.0,0.0,0.0,0.0,0.0,0.0,12.467239,0.0,0.0,0.0,0.0,0.010148738,0.0,0.0,0.0,1.0000176,1.0000167,1.0000006,0.0,0.0,1.9748627,0.09309363,0.0,0.0
192323960,192133913,0.10262487,0.10266666,0.20906615,3.994415,3.9944057,6.154495,0.0,0.0,0.0,0.0,0.0,0.0,0.0,12.469273,0.0,0.0,0.0,0.0,0.01014855,0.0,0.0,0.0,1.0000156,1.000018,1.0000014,0.0,0.0,1.9768363,0.09174023,0.0,0.0
192822850,192632720,0.10224973,0.10273023,0.20896402,3.6107593,3.6107876,5.975148,0.0,0.0,0.0,0.0,0.0,0.0,0.0,12.467885,0.0,0.0,0.0,0.0,0.010136744,0.0,0.0,0.0,1.000013,1.0000169,1.0000031,0.0,0.0,1.9750825,0.09147099,0.0,0.0
193321621,193131528,0.10243805,0.10282168,0.20891269,3.5986004,3.5986526,5.971443,0.0,0.0,0.0,0.0,0.0,0.0,0.0,12.468731,0.0,0.0,0.0,0.0,0.010135547,0.0,0.0,0.0,1.0000114,1.0000166,1.0000043,0.0,0.0,1.9774249,0.09158463,0.0,0.0
193820435,193630334,0.10298343,0.10319621,0.20885378,3.4975712,3.4976542,5.919655,0.0,0.0,0.0,0.0,0.0,0.0,0.0,12.467273,0.0,0.0,0.0,0.0,0.010135764,0.0,0.0,0.0,1.0000099,1.0000154,1.0000044,0.0,0.0,1.9684882,0.09214406,0.0,0.0
194319275,194129140,0.10243244,0.102593035,0.20886599,3.5069115,3.5070164,5.9237237,0.0,0.0,0.0,0.0,0.0,0.0,0.0,12.469178,0.0,0.0,0.0,0.0,0.010135402,0.0,0.0,0.0,1.0000099,1.0000147,1.0000045,0.0,0.0,1.9639305,0.092093535,0.0,0.0
194818088,194627947,0.1022319,0.102100894,0.20892921,3.5156512,3.5157745,5.931786,0.0,0.0,0.0,0.0,0.0,0.0,0.0,12.466691,0.0,0.0,0.0,0.0,0.010134783,0.0,0.0,0.0,1.0000105,1.0000126,1.000004,0.0,0.0,1.9706717,0.09228522,0.0,0.0
195326787,195136729,0.10276983,0.10201524,0.20903221,3.6129005,3.6130195,5.978547,0.0,0.0,0.0,0.0,0.0,0.0,0.0,12.468671,0.0,0.0,0.0,0.0,0.0101342,0.0,0.0,0.0,1.0000118,1.0000126,1.0000032,0.0,0.0,1.980434,0.09217789,0.0,0.0
195825745,195635534,0.10205065,0.10101764,0.20911385,3.6124985,3.612605,5.9789805,0.0,0.0,0.0,0.0,0.0,0.0,0.0,12.467406,0.0,0.0,0.0,0.0,0.010130437,0.0,0.0,0.0,1.0000122,1.000012,1.0000031,0.0,0.0,1.9805837,0.09151206,0.0,0.0
196324430,196134340,0.10254612,0.10132232,0.20920232,3.6102564,3.6103525,5.975024,0.0,0.0,0.0,0.0,0.0,0.0,0.0,12.468403,0.0,0.0,0.0,0.0,0.010126503,0.0,0.0,0.0,1.0000126,1.0000117,1.0000036,0.0,0.0,1.9784281,0.09116727,0.0,0.0
196823251,196633145,0.10309775,0.10190247,0.20932375,3.6041687,3.6042233,5.9745245,0.0,0.0,0.0,0.0,0.0,0.0,0.0,12.467161,0.0,0.0,0.0,0.0,0.01011881,0.0,0.0,0.0,1.0000122,1.000012,1.0000036,0.0,0.0,1.9740514,0.0909721,0.0,0.0
197321998,197131950,0.102171995,0.10168192,0.209276,3.5456955,3.545735,5.9006233,0.0,0.0,0.0,0.0,0.0,0.0,0.0,12.46924,0.0,0.0,0.0,0.0,0.010113784,0.0,0.0,0.0,1.0000122,1.0000125,1.0000039,0.0,0.0,1.9725927,0.09094117,0.0,0.0
197820807,197630755,0.10161585,0.10288561,0.20941679,3.5839899,3.5840445,5.916306,0.0,0.0,0.0,0.0,0.0,0.0,0.0,12.467293,0.0,0.0,0.0,0.0,0.010106355,0.0,0.0,0.0,1.0000113,1.0000104,1.0000061,0.0,0.0,1.9735086,0.09067813,0.0,0.0
198319599,198129559,0.10122862,0.10397312,0.20968279,3.5900557,3.5901988,5.920538,0.0,0.0,0.0,0.0,0.0,0.0,0.0,12.469489,0.0,0.0,0.0,0.0,0.01010158,0.0,0.0,0.0,1.0000118,1.0000076,1.0000086,0.0,0.0,1.979073,0.09053293,0.0,0.0
198818476,198628363,0.10049069,0.104378946,0.21016735,3.7263944,3.7266378,5.9832845,0.0,0.0,0.0,0.0,0.0,0.0,0.0,12.468324,0.0,0.0,0.0,0.0,0.010097904,0.0,0.0,0.0,1.0000125,1.0000074,1.0000069,0.0,0.0,1.9832039,0.09046901,0.0,0.0
199327204,199137143,0.102576286,0.104006864,0.21071592,3.6837542,3.684085,5.96811,0.0,0.0,0.0,0.0,0.0,0.0,0.0,12.4695835,0.0,0.0,0.0,0.0,0.010090632,0.0,0.0,0.0,1.0000126,1.0000072,1.0000066,0.0,0.0,1.9842057,0.090552695,0.0,0.0
199825989,199635948,0.105624974,0.10125488,0.211092,3.7678943,3.7681272,5.913235,0.0,0.0,0.0,0.0,0.0,0.0,0.0,12.468484,0.0,0.0,0.0,0.0,0.0100790365,0.0,0.0,0.0,1.0000117,1.0000081,1.0000049,0.0,0.0,1.9801984,0.090662114,0.0,0.0
200324833,200134749,0.10430454,0.10042475,0.21097162,3.81103,3.8111892,5.9330015,0.0,0.0,0.0,0.0,0.0,0.0,0.0,12.471148,0.0,0.0,0.0,0.0,0.01007264,0.0,0.0,0.0,1.0000113,1.0000087,1.0000043,0.0,0.0,1.97548,0.09078318,0.0,0.0
200823593,200633552,0.103356525,0.102029994,0.2109356,3.7918613,3.7918448,5.9221296,0.0,0.0,0.0,0.0,0.0,0.0,0.0,12.468831,0.0,0.0,0.0,0.0,0.010066935,0.0,0.0,0.0,1.0000095,1.000008,1.0000054,0.0,0.0,1.9716451,0.09101823,0.0,0.0
201322393,201132354,0.1016797,0.102450244,0.21083854,3.813851,3.813779,5.899267,0.0,0.0,0.0,0.0,0.0,0.0,0.0,12.47146,0.0,0.0,0.0,0.0,0.010065842,0.0,0.0,0.0,1.0000106,1.0000061,1.0000063,0.0,0.0,1.9746253,0.09086546,0.0,0.0
201821297,201631156,0.09987363,0.10314138,0.21086712,3.9562855,3.956248,6.141876,0.0,0.0,0.0,0.0,0.0,0.0,0.0,12.470362,0.0,0.0,0.0,0.0,0.01006243,0.0,0.0,0.0,1.000011,1.0000043,1.000007,0.0,0.0,1.9776645,0.09055249,0.0,0.0
202320032,202129958,0.1009547,0.103304446,0.21108751,3.9001932,3.9002435,6.125925,0.0,0.0,0.0,0.0,0.0,0.0,0.0,12.471878,0.0,0.0,0.0,0.0,0.0100599285,0.0,0.0,0.0,1.0000114,1.0000046,1.0000067,0.0,0.0,1.9748226,0.09047519,0.0,0.0
202818828,202628759,0.10281193,0.100260384,0.2112421,4.195588,4.195642,6.205055,0.0,0.0,0.0,0.0,0.0,0.0,0.0,12.470928,0.0,0.0,0.0,0.0,0.010055023,0.0,0.0,0.0,1.0000111,1.0000039,1.0000074,0.0,0.0,1.9700881,0.0902768,0.0,0.0
203327602,203137536,0.10367819,0.09956035,0.21137029,4.2391753,4.2391653,6.2210197,0.0,0.0,0.0,0.0,0.0,0.0,0.0,12.473822,0.0,0.0,0.0,0.0,0.010051871,0.0,0.0,0.0,1.0000113,1.0000052,1.0000066,0.0,0.0,1.9706886,0.09030522,0.0,0.0
203826413,203636337,0.10203064,0.1017276,0.21154976,4.20899,4.2088985,6.2064605,0.0,0.0,0.0,0.0,0.0,0.0,0.0,12.472888,0.0,0.0,0.0,0.0,0.010048733,0.0,0.0,0.0,1.0000107,1.0000055,1.0000064,0.0,0.0,1.9721553,0.09031007,0.0,0.0
204325190,204135137,0.10046296,0.10239451,0.21147428,4.240751,4.2406797,6.2224402,0.0,0.0,0.0,0.0,0.0,0.0,0.0,12.474511,0.0,0.0,0.0,0.0,0.010047453,0.0,0.0,0.0,1.0000111,1.0000061,1.0000057,0.0,0.0,1.9733223,0.09030911,0.0,0.0
204823979,204633937,0.10123584,0.10233002,0.2115024,4.2179613,4.217977,6.2145667,0.0,0.0,0.0,0.0,0.0,0.0,0.0,12.473374,0.0,0.0,0.0,0.0,0.010046439,0.0,0.0,0.0,1.0000101,1.000006,1.0000061,0.0,0.0,1.9725124,0.09034863,0.0,0.0
205322912,205132737,0.10237231,0.10094321,0.21150786,4.2108846,4.2109165,6.2112846,0.0,0.0,0.0,0.0,0.0,0.0,0.0,12.476272,0.0,0.0,0.0,0.0,0.010046752,0.0,0.0,0.0,1.0000105,1.0000044,1.0000077,0.0,0.0,1.9719372,0.09046357,0.0,0.0
205821630,205631536,0.10215049,0.099944286,0.21151371,4.4615245,4.4615064,6.4074917,0.0,0.0,0.0,0.0,0.0,0.0,0.0,12.473756,0.0,0.0,0.0,0.0,0.010045492,0.0,0.0,0.0,1.000011,1.0000044,1.0000066,0.0,0.0,1.9709387,0.09063172,0.0,0.0
206320446,206130335,0.1010024,0.101542294,0.21164529,4.376079,4.3760414,6.356953,0.0,0.0,0.0,0.0,0.0,0.0,0.0,12.47664,0.0,0.0,0.0,0.0,0.010044852,0.0,0.0,0.0,1.0000112,1.0000035,1.0000077,0.0,0.0,1.9691247,0.090465724,0.0,0.0
206819216,206629134,0.099035636,0.10147529,0.21159479,4.3257766,4.3257813,6.338306,0.0,0.0,0.0,0.0,0.0,0.0,0.0,12.475415,0.0,0.0,0.0,0.0,0.010043595,0.0,0.0,0.0,1.0000112,1.0000001,1.000011,0.0,0.0,1.9629817,0.090362504,0.0,0.0
207327986,207137909,1.9968622,1.9982932,4.483093,5.037812,5.037864,6.696693,0.0,0.0,0.0,0.0,0.0,0.0,0.0,12.479939,0.0,0.0,0.0,0.0,0.010048987,0.0,0.0,0.0,1.000003,1.0000107,1.0000101,0.0,0.0,1.9461426,0.09159122,0.0,0.0
207816790,207626732,0.3330941,0.3334008,0.7318519,7.219003,7.219346,6.9799805,0.0,0.0,0.0,0.0,0.0,0.0,0.0,12.485223,0.0,0.0,0.0,0.0,0.010233309,0.0,0.0,0.0,1.0000011,1.0000126,1.0000124,0.0,0.0,1.9429121,0.09182674,0.0,0.0
208325768,208135507,0.18293928,0.18329594,0.31947663,7.223222,7.223727,7.8609056,0.0,0.0,0.0,0.0,0.0,0.0,0.0,12.497584,0.0,0.0,0.0,0.0,0.010233309,0.0,0.0,0.0,1.0000055,1.0000138,1.0000094,0.0,0.0,2.008997,0.09446673,0.0,0.0
208824386,208634307,1.2033247,1.2039725,2.4307778,7.2594852,7.260557,8.731733,0.0,0.0,0.0,0.0,0.0,0.0,0.0,13.967329,0.0,0.0,0.0,0.0,0.010233309,0.0,0.0,0.0,1.0000063,1.0000151,1.0000101,0.0,0.0,2.008997,0.09975406,0.0,0.0
209323300,209133107,0.8459829,0.84642214,1.6268475,7.823441,7.8246408,7.36965,0.0,0.0,0.0,0.0,0.0,0.0,0.0,12.99728,0.0,0.0,0.0,0.0,0.010233309,0.0,0.0,0.0,1.000007,1.0000166,1.0000111,0.0,0.0,2.008997,0.14305793,0.0,0.0
209821985,209631908,2.5820174,2.5820975,5.6707835,9.108606,9.109446,7.414816,0.0,0.0,0.0,0.0,0.0,0.0,0.0,12.779163,0.0,0.0,0.0,0.0,0.010233309,0.0,0.0,0.0,1.0000077,1.0000181,1.000012,0.0,0.0,2.008997,2.8265128,0.0,0.0
210320776,210130708,1.3740689,1.3741436,2.874484,9.382548,9.383416,7.4055104,0.0,0.0,0.0,0.0,0.0,0.0,0.0,12.745001,0.0,0.0,0.0,0.0,0.010233309,0.0,0.0,0.0,1.0000086,1.0000199,1.0000134,0.0,0.0,2.008997,0.47617158,0.0,0.0
210819552,210629509,0.33776522,0.33777386,0.5142603,11.578716,11.579506,8.010984,0.0,0.0,0.0,0.0,0.0,0.0,0.0,12.667007,0.0,0.0,0.0,0.0,0.010233309,0.0,0.0,0.0,1.0000095,1.0000218,1.0000147,0.0,0.0,2.008997,0.14579707,0.0,0.0
211318434,211128309,0.8011997,0.8011807,1.6637374,11.247859,11.248367,7.924182,0.0,0.0,0.0,0.0,0.0,0.0,0.0,12.670738,0.0,0.0,0.0,0.0,0.010233309,0.0,0.0,0.0,1.0000106,1.0000242,1.0000161,0.0,0.0,2.008997,0.17001301,0.0,0.0
211817148,211627111,7.1384425,7.138353,15.844092,11.340003,11.340551,7.94332,0.0,0.0,0.0,0.0,0.0,0.0,0.0,12.694647,0.0,0.0,0.0,0.0,0.010233309,0.0,0.0,0.0,1.0000117,1.0000267,1.0000178,0.0,0.0,2.008997,0.17079878,0.0,0.0
212325949,212135888,0.7079832,0.7078917,1.4890342,13.82496,13.825399,8.715313,0.0,0.0,0.0,0.0,0.0,0.0,0.0,12.695671,0.0,0.0,0.0,0.0,0.010233309,0.0,0.0,0.0,1.000013,1.0000292,1.0000191,0.0,0.0,2.008997,0.14869027,0.0,0.0
212824746,212634690,0.26242328,0.26220247,0.5033833,18.911364,18.91181,10.36909,0.0,0.0,0.0,0.0,0.0,0.0,0.0,12.669748,0.0,0.0,0.0,0.0,0.010233309,0.0,0.0,0.0,1.0000148,1.0000316,1.0000198,0.0,0.0,2.008997,0.13300772,0.0,0.0
213323559,213133491,0.1270155,0.12689987,0.25861338,16.706099,16.706074,9.57332,0.0,0.0,0.0,0.0,0.0,0.0,0.0,12.608458,0.0,0.0,0.0,0.0,0.010233309,0.0,0.0,0.0,1.0000181,1.0000337,1.0000186,0.0,0.0,2.008997,0.11895339,0.0,0.0
213822338,213632293,0.21026142,0.2101132,0.45876554,10.525343,10.5248995,7.678754,0.0,0.0,0.0,0.0,0.0,0.0,0.0,12.570364,0.0,0.0,0.0,0.0,0.010233309,0.0,0.0,0.0,1.0000333,1.0000352,1.0000055,0.0,0.0,2.008997,0.11338897,0.0,0.0
214321135,214131096,0.10780074,0.107570216,0.22561984,9.912522,9.912131,7.5623345,0.0,0.0,0.0,0.0,0.0,0.0,0.0,12.55933,0.0,0.0,0.0,0.0,0.010233309,0.0,0.0,0.0,1.0000312,1.0000367,1.0000083,0.0,0.0,2.008997,0.11338897,0.0,0.0
214819950,214629898,0.23786876,0.23753949,0.5162339,11.751192,11.750715,8.88697,0.0,0.0,0.0,0.0,0.0,0.0,0.0,12.543179,0.0,0.0,0.0,0.0,0.0,0.0,0.0,0.0,1.000031,1.0000368,1.0000082,0.0,0.0,2.008997,0.11338897,0.0,0.0
215318792,215128701,0.20015946,0.19967917,0.42487746,11.394076,11.393836,8.336596,0.0,0.0,0.0,0.0,0.0,0.0,0.0,12.541967,0.0,0.0,0.0,0.0,0.0,0.0,0.0,0.0,1.0000315,1.0000379,1.0000085,0.0,0.0,2.008997,0.11338897,0.0,0.0
215817543,215627504,0.16469662,0.16408274,0.3370679,14.217791,14.217764,9.378848,0.0,0.0,0.0,0.0,0.0,0.0,0.0,12.535354,0.0,0.0,0.0,0.0,0.0,0.0,0.0,0.0,1.0000294,1.0000362,1.0000081,0.0,0.0,2.008997,0.11338897,0.0,0.0
216326438,216136283,0.10955531,0.1090557,0.21422704,11.610877,11.610818,8.754793,0.0,0.0,0.0,0.0,0.0,0.0,0.0,12.530283,0.0,0.0,0.0,0.0,0.0,0.0,0.0,0.0,1.0000262,1.0000331,1.0000072,0.0,0.0,2.008997,0.11338897,0.0,0.0
216825220,216635086,0.1068393,0.10652623,0.21233961,12.355375,12.355242,9.400408,0.0,0.0,0.0,0.0,0.0,0.0,0.0,12.518989,0.0,0.0,0.0,0.0,0.0,0.0,0.0,0.0,1.0000219,1.0000288,1.0000062,0.0,0.0,2.008997,0.11338897,0.0,0.0
217323944,217133890,0.10577308,0.10553847,0.21149513,12.231325,12.23119,9.356279,0.0,0.0,0.0,0.0,0.0,0.0,0.0,12.516033,0.0,0.0,0.0,0.0,0.0,0.0,0.0,0.0,1.0000205,1.0000274,1.0000057,0.0,0.0,2.008997,0.11338897,0.0,0.0
217822825,217632693,0.10472472,0.10457708,0.21061137,10.885176,10.885069,8.756785,0.0,0.0,0.0,0.0,0.0,0.0,0.0,12.506968,0.0,0.0,0.0,0.0,0.0,0.0,0.0,0.0,1.0000181,1.0000248,1.0000051,0.0,0.0,2.008997,0.11338897,0.0,0.0
218321536,218131497,0.10420825,0.10410734,0.21016854,8.862791,8.862709,7.3972907,0.0,0.0,0.0,0.0,0.0,0.0,0.0,12.504384,0.0,0.0,0.0,0.0,0.0,0.0,0.0,0.0,1.0000174,1.0000243,1.000005,0.0,0.0,2.008997,0.11338897,0.0,0.0
218820402,218630303,0.10362104,0.103577875,0.20969707,10.962368,10.962324,8.982355,0.0,0.0,0.0,0.0,0.0,0.0,0.0,12.498386,0.0,0.0,0.0,0.0,0.0,0.0,0.0,0.0,1.0000159,1.0000226,1.0000046,0.0,0.0,2.008997,0.11338897,0.0,0.0
219319147,219129106,0.10339889,0.103388794,0.20948152,11.340533,11.340515,9.136172,0.0,0.0,0.0,0.0,0.0,0.0,0.0,12.4964285,0.0,0.0,0.0,0.0,0.0,0.0,0.0,0.0,1.0000156,1.0000224,1.0000045,0.0,0.0,2.008997,0.11338897,0.0,0.0
219818005,219627910,0.10300458,0.10303503,0.20921199,10.966916,10.966925,9.178557,0.0,0.0,0.0,0.0,0.0,0.0,0.0,12.491761,0.0,0.0,0.0,0.0,0.0,0.0,0.0,0.0,1.0000145,1.0000212,1.0000043,0.0,0.0,2.008997,0.11338897,0.0,0.0
220326756,220136691,0.102769904,0.10282173,0.20908958,11.142389,11.142412,9.059259,0.0,0.0,0.0,0.0,0.0,0.0,0.0,12.491282,0.0,0.0,0.0,0.0,0.0,0.0,0.0,0.0,1.0000145,1.0000213,1.0000043,0.0,0.0,2.008997,0.11338897,0.0,0.0
220825643,220635495,0.10248093,0.10255917,0.20896931,10.848006,10.848046,9.127462,0.0,0.0,0.0,0.0,0.0,0.0,0.0,12.487627,0.0,0.0,0.0,0.0,0.0,0.0,0.0,0.0,1.0000138,1.0000205,1.000004,0.0,0.0,2.008997,0.11338897,0.0,0.0
221324335,221134301,0.10231409,0.102406316,0.20890237,10.782108,10.782158,9.07111,0.0,0.0,0.0,0.0,0.0,0.0,0.0,12.4867735,0.0,0.0,0.0,0.0,0.0,0.0,0.0,0.0,1.000014,1.0000207,1.000004,0.0,0.0,2.008997,0.11338897,0.0,0.0
221823267,221633106,0.1021217,0.102230735,0.2088471,10.6839695,10.68403,9.021515,0.0,0.0,0.0,0.0,0.0,0.0,0.0,12.483822,0.0,0.0,0.0,0.0,0.0,0.0,0.0,0.0,1.0000135,1.00002,1.0000039,0.0,0.0,2.008997,0.11338897,0.0,0.0
222321980,222131912,0.102019615,0.10213682,0.20881623,10.751613,10.751678,9.060591,0.0,0.0,0.0,0.0,0.0,0.0,0.0,12.484259,0.0,0.0,0.0,0.0,0.0,0.0,0.0,0.0,1.0000136,1.0000203,1.0000039,0.0,0.0,2.008997,0.11338897,0.0,0.0
222820909,222630717,0.1018947,0.10202087,0.20877133,10.490076,10.490148,8.933388,0.0,0.0,0.0,0.0,0.0,0.0,0.0,12.480874,0.0,0.0,0.0,0.0,0.0,0.0,0.0,0.0,1.0000131,1.0000197,1.0000038,0.0,0.0,2.008997,0.11338897,0.0,0.0
223319557,223129523,0.10189273,0.10202399,0.20876627,7.4354935,7.4355702,7.5028257,0.0,0.0,0.0,0.0,0.0,0.0,0.0,12.48107,0.0,0.0,0.0,0.0,0.0,0.0,0.0,0.0,1.0000135,1.00002,1.0000039,0.0,0.0,2.008997,0.11338897,0.0,0.0
223828329,223638306,0.10171454,0.1018456,0.20873488,8.844873,8.844948,8.165169,0.0,0.0,0.0,0.0,0.0,0.0,0.0,12.4783535,0.0,0.0,0.0,0.0,0.0,0.0,0.0,0.0,1.000013,1.0000194,1.0000038,0.0,0.0,2.008997,0.11338897,0.0,0.0
224327186,224137112,0.10174236,0.10187453,0.20874226,8.310837,8.310915,7.9185557,0.0,0.0,0.0,0.0,0.0,0.0,0.0,12.478276,0.0,0.0,0.0,0.0,0.0,0.0,0.0,0.0,1.0000134,1.0000198,1.0000038,0.0,0.0,2.008997,0.11338897,0.0,0.0
224825980,224635918,0.101672515,0.101806246,0.20874436,8.425299,8.425378,7.9523363,0.0,0.0,0.0,0.0,0.0,0.0,0.0,12.476528,0.0,0.0,0.0,0.0,0.0,0.0,0.0,0.0,1.0000129,1.0000193,1.0000037,0.0,0.0,2.008997,0.11338897,0.0,0.0
225324775,225134725,0.10161649,0.10174544,0.20873088,8.514572,8.514649,8.006111,0.0,0.0,0.0,0.0,0.0,0.0,0.0,12.477424,0.0,0.0,0.0,0.0,0.0,0.0,0.0,0.0,1.0000132,1.0000197,1.0000038,0.0,0.0,2.008997,0.11338897,0.0,0.0
225823567,225633532,0.10157792,0.10169911,0.20871267,8.29247,8.292545,7.8847847,0.0,0.0,0.0,0.0,0.0,0.0,0.0,12.475233,0.0,0.0,0.0,0.0,0.0,0.0,0.0,0.0,1.0000128,1.0000191,1.0000037,0.0,0.0,2.008997,0.11338897,0.0,0.0
226322420,226132339,0.10156064,0.10167616,0.20870923,8.751164,8.751238,8.099168,0.0,0.0,0.0,0.0,0.0,0.0,0.0,12.476606,0.0,0.0,0.0,0.0,0.0,0.0,0.0,0.0,1.0000131,1.0000194,1.0000038,0.0,0.0,2.008997,0.11338897,0.0,0.0
226821222,226631146,0.10153445,0.10164083,0.2087149,8.381452,8.381522,7.9429393,0.0,0.0,0.0,0.0,0.0,0.0,0.0,12.475058,0.0,0.0,0.0,0.0,0.0,0.0,0.0,0.0,1.0000126,1.0000188,1.0000037,0.0,0.0,2.008997,0.11338897,0.0,0.0
227320032,227129953,0.101591885,0.101693265,0.20872602,8.180973,8.181043,7.845315,0.0,0.0,0.0,0.0,0.0,0.0,0.0,12.475619,0.0,0.0,0.0,0.0,0.0,0.0,0.0,0.0,1.000013,1.0000192,1.0000038,0.0,0.0,2.008997,0.11338897,0.0,0.0
227828761,227638737,0.10149212,0.10158395,0.20871396,8.236642,8.236707,7.8791823,0.0,0.0,0.0,0.0,0.0,0.0,0.0,12.474128,0.0,0.0,0.0,0.0,0.0,0.0,0.0,0.0,1.0000126,1.0000186,1.0000037,0.0,0.0,2.008997,0.11338897,0.0,0.0
228327595,228137545,0.101551555,0.10163888,0.2087242,8.227777,8.227839,7.883195,0.0,0.0,0.0,0.0,0.0,0.0,0.0,12.475792,0.0,0.0,0.0,0.0,0.0,0.0,0.0,0.0,1.0000129,1.000019,1.0000038,0.0,0.0,2.008997,0.11338897,0.0,0.0
228816446,228626376,0.101521574,0.10160149,0.20870164,7.3190646,7.3191237,7.4575644,0.0,0.0,0.0,0.0,0.0,0.0,0.0,12.473279,0.0,0.0,0.0,0.0,0.0,0.0,0.0,0.0,1.0000125,1.0000184,1.0000037,0.0,0.0,2.008997,0.11338897,0.0,0.0
229325223,229135160,0.10147861,0.10155379,0.20868884,7.3561807,7.356236,7.465048,0.0,0.0,0.0,0.0,0.0,0.0,0.0,12.47485,0.0,0.0,0.0,0.0,0.0,0.0,0.0,0.0,1.0000128,1.0000187,1.0000038,0.0,0.0,2.008997,0.11338897,0.0,0.0
229824011,229633969,0.101437435,0.10150671,0.20868555,7.3689804,7.3690314,7.4768577,0.0,0.0,0.0,0.0,0.0,0.0,0.0,12.473368,0.0,0.0,0.0,0.0,0.0,0.0,0.0,0.0,1.0000124,1.0000181,1.0000037,0.0,0.0,2.008997,0.11338897,0.0,0.0
230322867,230132777,0.10141938,0.101485156,0.20867743,7.10188,7.101928,7.3516464,0.0,0.0,0.0,0.0,0.0,0.0,0.0,12.474027,0.0,0.0,0.0,0.0,0.0,0.0,0.0,0.0,1.0000128,1.0000185,1.0000038,0.0,0.0,2.008997,0.11338897,0.0,0.0
230821669,230631585,0.10137299,0.101432614,0.20864376,7.0234275,7.0234714,6.9363604,0.0,0.0,0.0,0.0,0.0,0.0,0.0,12.4721365,0.0,0.0,0.0,0.0,0.0,0.0,0.0,0.0,1.0000124,1.0000179,1.0000036,0.0,0.0,2.008997,0.11338897,0.0,0.0
231320490,231130394,0.10135866,0.10141647,0.208654,5.8060126,5.806054,6.439744,0.0,0.0,0.0,0.0,0.0,0.0,0.0,12.473387,0.0,0.0,0.0,0.0,0.0,0.0,0.0,0.0,1.0000128,1.0000182,1.0000037,0.0,0.0,2.008997,0.11338897,0.0,0.0
231819287,231629203,0.1013295,0.10138287,0.20862229,5.53651,5.5365486,6.333996,0.0,0.0,0.0,0.0,0.0,0.0,0.0,12.470492,0.0,0.0,0.0,0.0,0.0,0.0,0.0,0.0,1.0000124,1.0000178,1.0000036,0.0,0.0,2.008997,0.11338897,0.0,0.0
232318106,232128012,0.10138266,0.101433046,0.20862457,5.354192,5.354229,6.2634687,0.0,0.0,0.0,0.0,0.0,0.0,0.0,12.471875,0.0,0.0,0.0,0.0,0.0,0.0,0.0,0.0,1.0000126,1.0000181,1.0000037,0.0,0.0,2.008997,0.11338897,0.0,0.0
232826852,232636797,0.10128433,0.10132919,0.20860218,5.408292,5.4083257,6.2824254,0.0,0.0,0.0,0.0,0.0,0.0,0.0,12.470026,0.0,0.0,0.0,0.0,0.0,0.0,0.0,0.0,1.0000124,1.0000176,1.0000036,0.0,0.0,2.008997,0.11338897,0.0,0.0
233325846,233135610,0.10132857,0.10137075,0.20860335,5.5157056,5.5157385,6.3252754,0.0,0.0,0.0,0.0,0.0,0.0,0.0,12.471605,0.0,0.0,0.0,0.0,0.0,0.0,0.0,0.0,1.0000126,1.000018,1.0000037,0.0,0.0,2.008997,0.11338897,0.0,0.0
233824516,233634416,0.10129896,0.10133603,0.20857559,5.321452,5.3214827,6.5703516,0.0,0.0,0.0,0.0,0.0,0.0,0.0,12.469018,0.0,0.0,0.0,0.0,0.0,0.0,0.0,0.0,1.0000123,1.0000175,1.0000035,0.0,0.0,2.008997,0.11338897,0.0,0.0
234323318,234133226,0.10128444,0.1013171,0.20856938,5.389819,5.389848,6.6053534,0.0,0.0,0.0,0.0,0.0,0.0,0.0,12.470801,0.0,0.0,0.0,0.0,0.0,0.0,0.0,0.0,1.0000126,1.0000179,1.0000036,0.0,0.0,2.008997,0.11338897,0.0,0.0
234822115,234632035,0.10126972,0.101294,0.20857029,5.2428718,5.242898,6.539235,0.0,0.0,0.0,0.0,0.0,0.0,0.0,12.469462,0.0,0.0,0.0,0.0,0.0,0.0,0.0,0.0,1.0000123,1.0000175,1.0000035,0.0,0.0,2.008997,0.11338897,0.0,0.0
235321093,235130845,0.10126296,0.101281956,0.20856358,5.272601,5.272626,6.5508213,0.0,0.0,0.0,0.0,0.0,0.0,0.0,12.4707575,0.0,0.0,0.0,0.0,0.0,0.0,0.0,0.0,1.0000125,1.0000179,1.0000036,0.0,0.0,2.008997,0.11338897,0.0,0.0
235819706,235629655,0.101251796,0.10126427,0.20856395,5.481662,5.481684,6.6487885,0.0,0.0,0.0,0.0,0.0,0.0,0.0,12.469448,0.0,0.0,0.0,0.0,0.0,0.0,0.0,0.0,1.0000122,1.0000174,1.0000035,0.0,0.0,2.008997,0.11338897,0.0,0.0
236318631,236128467,0.10124916,0.10125865,0.20855813,5.4885907,5.488612,6.6526237,0.0,0.0,0.0,0.0,0.0,0.0,0.0,12.470347,0.0,0.0,0.0,0.0,0.0,0.0,0.0,0.0,1.0000125,1.0000178,1.0000036,0.0,0.0,2.008997,0.11338897,0.0,0.0
236827330,236637252,0.101239175,0.10124606,0.20853738,5.491413,5.4914327,6.6520395,0.0,0.0,0.0,0.0,0.0,0.0,0.0,12.469085,0.0,0.0,0.0,0.0,0.0,0.0,0.0,0.0,1.0000122,1.0000173,1.0000035,0.0,0.0,2.008997,0.11338897,0.0,0.0
237326107,237136063,0.10128079,0.10128707,0.2085407,5.3855605,5.3855786,6.6053615,0.0,0.0,0.0,0.0,0.0,0.0,0.0,12.470958,0.0,0.0,0.0,0.0,0.0,0.0,0.0,0.0,1.0000125,1.0000176,1.0000035,0.0,0.0,2.008997,0.11338897,0.0,0.0
237824896,237634873,0.10124795,0.101252176,0.20853846,5.271095,5.2711115,6.550984,0.0,0.0,0.0,0.0,0.0,0.0,0.0,12.469599,0.0,0.0,0.0,0.0,0.0,0.0,0.0,0.0,1.0000122,1.0000173,1.0000035,0.0,0.0,2.008997,0.11338897,0.0,0.0
238323749,238133684,0.10123302,0.10123629,0.2085305,5.37969,5.3797054,6.5977345,0.0,0.0,0.0,0.0,0.0,0.0,0.0,12.470414,0.0,0.0,0.0,0.0,0.0,0.0,0.0,0.0,1.0000124,1.0000176,1.0000035,0.0,0.0,2.008997,0.11338897,0.0,0.0
238822531,238632495,0.10121252,0.10121542,0.2085295,5.156208,5.156222,6.4994345,0.0,0.0,0.0,0.0,0.0,0.0,0.0,12.469105,0.0,0.0,0.0,0.0,0.0,0.0,0.0,0.0,1.000012,1.0000172,1.0000035,0.0,0.0,2.008997,0.11338897,0.0,0.0
239321377,239131306,0.10120752,0.101210445,0.20852408,5.253208,5.253221,6.547165,0.0,0.0,0.0,0.0,0.0,0.0,0.0,12.470934,0.0,0.0,0.0,0.0,0.0,0.0,0.0,0.0,1.0000124,1.0000175,1.0000035,0.0,0.0,2.008997,0.11338897,0.0,0.0
239820242,239630117,0.10119279,0.10119587,0.20850192,5.182012,5.182024,6.511327,0.0,0.0,0.0,0.0,0.0,0.0,0.0,12.46857,0.0,0.0,0.0,0.0,0.0,0.0,0.0,0.0,1.000012,1.0000172,1.0000033,0.0,0.0,2.008997,0.11338897,0.0,0.0
240318979,240128929,0.10125646,0.10125984,0.20851074,5.267792,5.267803,6.5584083,0.0,0.0,0.0,0.0,0.0,0.0,0.0,12.470437,0.0,0.0,0.0,0.0,0.0,0.0,0.0,0.0,1.0000124,1.0000175,1.0000035,0.0,0.0,2.008997,0.11338897,0.0,0.0
240827786,240637716,0.10117012,0.101174876,0.20849767,5.2355657,5.235575,6.5427823,0.0,0.0,0.0,0.0,0.0,0.0,0.0,12.469115,0.0,0.0,0.0,0.0,0.0,0.0,0.0,0.0,1.000012,1.0000172,1.0000033,0.0,0.0,2.008997,0.11338897,0.0,0.0
241326581,241136528,0.10121618,0.10122208,0.2085025,5.36836,5.3683696,6.605463,0.0,0.0,0.0,0.0,0.0,0.0,0.0,12.469965,0.0,0.0,0.0,0.0,0.0,0.0,0.0,0.0,1.0000124,1.0000175,1.0000035,0.0,0.0,2.008997,0.11338897,0.0,0.0
241825376,241635340,0.10120006,0.10120732,0.2084828,5.2743154,5.2743244,6.557978,0.0,0.0,0.0,0.0,0.0,0.0,0.0,12.468705,0.0,0.0,0.0,0.0,0.0,0.0,0.0,0.0,1.000012,1.000017,1.0000033,0.0,0.0,2.008997,0.11338897,0.0,0.0
242324191,242134151,0.10118593,0.10119426,0.20849696,5.313124,5.3131323,6.2531013,0.0,0.0,0.0,0.0,0.0,0.0,0.0,12.470349,0.0,0.0,0.0,0.0,0.0,0.0,0.0,0.0,1.0000123,1.0000174,1.0000035,0.0,0.0,2.008997,0.11338897,0.0,0.0
242823005,242632963,0.10117115,0.10117985,0.20847298,5.215173,5.215181,6.206316,0.0,0.0,0.0,0.0,0.0,0.0,0.0,12.467805,0.0,0.0,0.0,0.0,0.0,0.0,0.0,0.0,1.000012,1.000017,1.0000033,0.0,0.0,2.008997,0.11338897,0.0,0.0
243321839,243131776,0.10116417,0.101173215,0.20846622,5.371242,5.371249,6.2763977,0.0,0.0,0.0,0.0,0.0,0.0,0.0,12.469548,0.0,0.0,0.0,0.0,0.0,0.0,0.0,0.0,1.0000123,1.0000174,1.0000035,0.0,0.0,2.008997,0.11338897,0.0,0.0
243820648,243630588,0.10116361,0.10117266,0.20847023,6.195951,6.195958,6.624348,0.0,0.0,0.0,0.0,0.0,0.0,0.0,12.468312,0.0,0.0,0.0,0.0,0.0,0.0,0.0,0.0,1.000012,1.0000169,1.0000033,0.0,0.0,2.008997,0.11338897,0.0,0.0
244319442,244129401,0.101245455,0.10125398,0.20848808,8.783888,8.783895,8.218698,0.0,0.0,0.0,0.0,0.0,0.0,0.0,12.470379,0.0,0.0,0.0,0.0,0.0,0.0,0.0,0.0,1.0000117,1.0000172,1.0000044,0.0,0.0,2.008997,0.11338897,0.0,0.0
244828342,244638189,0.101256534,0.1012595,0.20850588,5.118216,5.1182227,6.4723988,0.0,0.0,0.0,0.0,0.0,0.0,0.0,12.4694195,0.0,0.0,0.0,0.0,0.0,0.0,0.0,0.0,1.0000055,1.0000169,1.0000099,0.0,0.0,2.008997,0.38015363,0.0,0.0
245327074,245137002,0.101361044,0.10135213,0.20852077,4.793359,4.793364,6.3240705,0.0,0.0,0.0,0.0,0.0,0.0,0.0,12.47114,0.0,0.0,0.0,0.0,0.0,0.0,0.0,0.0,1.0000002,1.0000173,1.0000156,0.0,0.0,2.008997,0.16292048,0.0,0.0
245825959,245635815,0.1012309,0.10117918,0.20856002,4.6152368,4.6152406,6.238172,0.0,0.0,0.0,0.0,0.0,0.0,0.0,12.468521,0.0,0.0,0.0,0.0,0.0,0.0,0.0,0.0,1.0,1.000016,1.0000157,0.0,0.0,2.008997,0.09079199,0.0,0.0
246324692,246134628,0.101356275,0.101211116,0.20859611,4.610041,4.6100416,6.398049,0.0,0.0,0.0,0.0,0.0,0.0,0.0,12.470271,0.0,0.0,0.0,0.0,0.0,0.0,0.0,0.0,1.0000002,1.0000155,1.0000167,0.0,0.0,2.008997,0.09129353,0.0,0.0
246823546,246633441,0.1015265,0.10139235,0.2087006,4.6318293,4.6318197,6.222551,0.0,0.0,0.0,0.0,0.0,0.0,0.0,12.468867,0.0,0.0,0.0,0.0,0.0,0.0,0.0,0.0,1.0000007,1.000014,1.0000162,0.0,0.0,2.008997,0.0908544,0.0,0.0
247322306,247132254,0.10116178,0.101039805,0.20874976,4.9121013,4.9120903,6.398141,0.0,0.0,0.0,0.0,0.0,0.0,0.0,12.46973,0.0,0.0,0.0,0.0,0.0,0.0,0.0,0.0,1.0000001,1.0000145,1.0000161,0.0,0.0,2.008997,0.09081686,0.0,0.0
247821178,247631068,0.101039544,0.100973144,0.20881039,5.13052,5.1305094,6.42103,0.0,0.0,0.0,0.0,0.0,0.0,0.0,12.468534,0.0,0.0,0.0,0.0,0.0,0.0,0.0,0.0,1.0000036,1.0000107,1.0000147,0.0,0.0,2.008997,0.09530175,0.0,0.0
248319989,248129881,0.101065226,0.10118733,0.20887852,5.0916843,5.0916786,6.5541835,0.0,0.0,0.0,0.0,0.0,0.0,0.0,12.470574,0.0,0.0,0.0,0.0,0.0,0.0,0.0,0.0,1.0000113,1.0000026,1.0000148,0.0,0.0,2.008997,0.83301777,0.0,0.0
248828868,248638671,0.10062568,0.10115509,0.20892784,5.7440825,5.7440934,7.0938625,0.0,0.0,0.0,0.0,0.0,0.0,0.0,12.469667,0.0,0.0,0.0,0.0,0.010488429,0.0,0.0,0.0,1.0000132,1.0000061,1.0000077,0.0,0.0,2.008997,0.09364826,0.0,0.0
249327558,249137484,0.10058555,0.10110222,0.20891704,5.6039953,5.604016,7.0198407,0.0,0.0,0.0,0.0,0.0,0.0,0.0,12.470775,0.0,0.0,0.0,0.0,0.010434078,0.0,0.0,0.0,1.0000125,1.0000082,1.0000057,0.0,0.0,2.008997,0.09240588,0.0,0.0
249816412,249626322,0.100525156,0.100904845,0.20889995,5.170536,5.1705647,6.7694073,0.0,0.0,0.0,0.0,0.0,0.0,0.0,12.469571,0.0,0.0,0.0,0.0,0.010372924,0.0,0.0,0.0,1.0000106,1.0000113,1.0000035,0.0,0.0,2.008997,0.09252317,0.0,0.0
250325193,250135112,0.100672394,0.100709915,0.20877168,5.318899,5.318926,6.8523607,0.0,0.0,0.0,0.0,0.0,0.0,0.0,12.471461,0.0,0.0,0.0,0.0,0.010351121,0.0,0.0,0.0,1.00001,1.0000126,1.0000032,0.0,0.0,2.008997,0.09185178,0.0,0.0
250823984,250633926,0.10104886,0.1005255,0.20850475,5.7878346,5.7878423,7.062644,0.0,0.0,0.0,0.0,0.0,0.0,0.0,12.469256,0.0,0.0,0.0,0.0,0.010322668,0.0,0.0,0.0,1.0000093,1.0000126,1.0000033,0.0,0.0,2.008997,0.09173248,0.0,0.0
251322812,251132740,0.10124376,0.100460365,0.20840256,5.703038,5.7030253,6.8480453,0.0,0.0,0.0,0.0,0.0,0.0,0.0,12.470922,0.0,0.0,0.0,0.0,0.010305731,0.0,0.0,0.0,1.0000097,1.0000132,1.000003,0.0,0.0,2.008997,0.09173248,0.0,0.0
251821659,251631555,0.12812877,0.12714167,0.26864147,6.164741,6.164702,7.2034507,0.0,0.0,0.0,0.0,0.0,0.0,0.0,12.469722,0.0,0.0,0.0,0.0,0.010305731,0.0,0.0,0.0,1.0000098,1.0000135,1.0000029,0.0,0.0,2.008997,0.09173248,0.0,0.0
252320486,252130369,0.10163047,0.100503564,0.20827837,5.361824,5.361737,6.805149,0.0,0.0,0.0,0.0,0.0,0.0,0.0,12.470268,0.0,0.0,0.0,0.0,0.010305731,0.0,0.0,0.0,1.0000101,1.0000138,1.0000032,0.0,0.0,2.008997,0.09173248,0.0,0.0
252829198,252639160,0.1017461,0.10053708,0.20825283,5.686677,5.686539,6.469055,0.0,0.0,0.0,0.0,0.0,0.0,0.0,12.468809,0.0,0.0,0.0,0.0,0.010305731,0.0,0.0,0.0,1.0000103,1.0000142,1.0000031,0.0,0.0,2.008997,0.09173248,0.0,0.0
253318076,253127998,0.10167114,0.10050873,0.20824437,8.315975,8.31582,7.936615,0.0,0.0,0.0,0.0,0.0,0.0,0.0,12.470385,0.0,0.0,0.0,0.0,0.010305731,0.0,0.0,0.0,1.0000091,1.0000148,1.0000049,0.0,0.0,2.008997,0.09173248,0.0,0.0
253826904,253636788,0.101615794,0.100567244,0.20823513,6.0225496,6.022383,6.7184706,0.0,0.0,0.0,0.0,0.0,0.0,0.0,12.468313,0.0,0.0,0.0,0.0,0.010305731,0.0,0.0,0.0,1.0000074,1.0000136,1.000008,0.0,0.0,2.008997,0.09173248,0.0,0.0
254325671,254135603,0.10151047,0.100546844,0.20824549,8.469048,8.468877,7.8354583,0.0,0.0,0.0,0.0,0.0,0.0,0.0,12.47009,0.0,0.0,0.0,0.0,0.010305731,0.0,0.0,0.0,1.0000082,1.0000143,1.0000081,0.0,0.0,2.008997,0.09173248,0.0,0.0
254824525,254634417,0.10145822,0.100630775,0.20831224,8.464264,8.464087,8.359428,0.0,0.0,0.0,0.0,0.0,0.0,0.0,12.469237,0.0,0.0,0.0,0.0,0.010305731,0.0,0.0,0.0,1.000008,1.0000147,1.0000079,0.0,0.0,2.008997,0.09173248,0.0,0.0
255323298,255133232,0.10144123,0.10072745,0.2083636,8.747325,8.747147,8.648661,0.0,0.0,0.0,0.0,0.0,0.0,0.0,12.47077,0.0,0.0,0.0,0.0,0.010305731,0.0,0.0,0.0,1.0000083,1.0000155,1.0000082,0.0,0.0,2.008997,0.09173248,0.0,0.0
255822108,255632047,0.10365821,0.10139754,0.20846315,8.577998,8.57781,8.5469265,0.0,0.0,0.0,0.0,0.0,0.0,0.0,12.470114,0.0,0.0,0.0,0.0,0.012827112,0.0,0.0,0.0,1.000123,1.0007943,1.0000092,0.0,0.0,2.008997,0.09173248,0.0,0.0
256320994,256130861,0.118174896,0.106409416,0.20857556,8.291097,8.29081,8.391209,0.0,0.0,0.0,0.0,0.0,0.0,0.0,12.472051,0.0,0.0,0.0,0.0,0.014875157,0.0,0.0,0.0,1.0002408,1.0012523,1.0000106,0.0,0.0,2.008997,0.09173248,0.0,0.0
256819730,256629676,0.12578797,0.11015709,0.20881686,8.011292,8.010968,8.235357,0.0,0.0,0.0,0.0,0.0,0.0,0.0,12.470324,0.0,0.0,0.0,0.0,0.013575853,0.0,0.0,0.0,1.0001593,1.0007182,1.000009,0.0,0.0,2.008997,0.09173248,0.0,0.0
257318554,257128490,0.12711751,0.11152868,0.20895346,8.000983,8.000625,8.235806,0.0,0.0,0.0,0.0,0.0,0.0,0.0,12.47228,0.0,0.0,0.0,0.0,0.012846547,0.0,0.0,0.0,1.0001101,1.0005634,1.0000104,0.0,0.0,2.008997,0.09173248,0.0,0.0
257827399,257637281,0.12352134,0.11075035,0.2090025,9.327116,9.32679,8.900578,0.0,0.0,0.0,0.0,0.0,0.0,0.0,12.471557,0.0,0.0,0.0,0.0,0.011889418,0.0,0.0,0.0,1.0000198,1.00031,1.0000098,0.0,0.0,2.008997,0.09173248,0.0,0.0
258326167,258136096,0.12096065,0.10909383,0.20889506,5.565336,5.5650268,6.326223,0.0,0.0,0.0,0.0,0.0,0.0,0.0,12.471738,0.0,0.0,0.0,0.0,0.011889418,0.0,0.0,0.0,1.0000132,1.0002761,1.0000104,0.0,0.0,2.008997,0.09173248,0.0,0.0
258825016,258634911,0.11591375,0.10676652,0.2088507,6.0201006,6.0198092,6.5827503,0.0,0.0,0.0,0.0,0.0,0.0,0.0,12.470012,0.0,0.0,0.0,0.0,0.010986992,0.0,0.0,0.0,1.0000119,1.0001509,1.0000103,0.0,0.0,2.008997,0.09173248,0.0,0.0
259323854,259133727,0.11382563,0.10588281,0.20887423,6.112931,6.112616,7.180392,0.0,0.0,0.0,0.0,0.0,0.0,0.0,12.471754,0.0,0.0,0.0,0.0,0.010778121,0.0,0.0,0.0,1.0000105,1.0001256,1.0000108,0.0,0.0,2.008997,0.09173248,0.0,0.0
259822585,259632541,0.11108907,0.104806446,0.2088942,5.720119,5.719828,6.981255,0.0,0.0,0.0,0.0,0.0,0.0,0.0,12.469535,0.0,0.0,0.0,0.0,0.010608353,0.0,0.0,0.0,1.0000094,1.000087,1.0000112,0.0,0.0,2.008997,0.09173248,0.0,0.0
260321446,260131356,0.110094875,0.10460509,0.20892675,5.3282566,5.3279343,6.7939696,0.0,0.0,0.0,0.0,0.0,0.0,0.0,12.471331,0.0,0.0,0.0,0.0,0.010482516,0.0,0.0,0.0,1.0000093,1.0000783,1.0000103,0.0,0.0,2.008997,0.09173248,0.0,0.0
260820217,260630171,0.108435094,0.10399155,0.2089366,5.387898,5.387593,6.8291435,0.0,0.0,0.0,0.0,0.0,0.0,0.0,12.4700985,0.0,0.0,0.0,0.0,0.010413847,0.0,0.0,0.0,1.0000085,1.00006,1.00001,0.0,0.0,2.008997,0.09173248,0.0,0.0
261319102,261128986,0.10755409,0.10377417,0.20896173,5.343874,5.3435464,6.805989,0.0,0.0,0.0,0.0,0.0,0.0,0.0,12.470997,0.0,0.0,0.0,0.0,0.010320893,0.0,0.0,0.0,1.0000123,1.000053,1.0000085,0.0,0.0,2.008997,0.09173248,0.0,0.0
261820370,261627802,0.106266536,0.10345325,0.20895387,5.357623,5.357293,6.8171754,0.0,0.0,0.0,0.0,0.0,0.0,0.0,12.4698,0.0,0.0,0.0,0.0,0.010317368,0.0,0.0,0.0,1.000008,1.0000443,1.0000107,0.0,0.0,2.008997,0.09173248,0.0,0.0
262326697,262136593,0.105890796,0.10348533,0.20896167,5.352558,5.352229,6.81324,0.0,0.0,0.0,0.0,0.0,0.0,0.0,12.471846,0.0,0.0,0.0,0.0,0.010419161,0.0,0.0,0.0,1.0000046,1.0000389,1.0000175,0.0,0.0,2.008997,0.099692814,0.0,0.0
262825519,262635409,0.105191864,0.103315674,0.20900574,5.3042564,5.303918,6.794244,0.0,0.0,0.0,0.0,0.0,0.0,0.0,12.470653,0.0,0.0,0.0,0.0,0.010321299,0.0,0.0,0.0,1.0000061,1.0000256,1.0000215,0.0,0.0,2.008997,0.09461495,0.0,0.0
263324442,263134224,0.10455143,0.10289115,0.20899333,5.0806313,5.080282,6.688758,0.0,0.0,0.0,0.0,0.0,0.0,0.0,12.471626,0.0,0.0,0.0,0.0,0.010307678,0.0,0.0,0.0,1.0000066,1.0000154,1.0000278,0.0,0.0,2.008997,0.090862535,0.0,0.0
263823092,263633040,0.103981696,0.103132635,0.20889892,4.7702074,4.7699003,6.552435,0.0,0.0,0.0,0.0,0.0,0.0,0.0,12.470302,0.0,0.0,0.0,0.0,0.010203642,0.0,0.0,0.0,1.0000092,1.0000083,1.0000237,0.0,0.0,2.008997,0.090359665,0.0,0.0
264322070,264131856,0.10333362,0.10312542,0.20885085,4.8903093,4.8900366,6.6180353,0.0,0.0,0.0,0.0,0.0,0.0,0.0,12.4721365,0.0,0.0,0.0,0.0,0.010180697,0.0,0.0,0.0,1.0000119,1.0000092,1.0000169,0.0,0.0,2.008997,0.09067128,0.0,0.0
264820721,264630672,0.102434695,0.10286397,0.20877722,4.872691,4.8724895,6.598411,0.0,0.0,0.0,0.0,0.0,0.0,0.0,12.470157,0.0,0.0,0.0,0.0,0.010173499,0.0,0.0,0.0,1.0000105,1.0000094,1.0000147,0.0,0.0,2.008997,0.09062018,0.0,0.0
265319586,265129488,0.10181554,0.10259409,0.20880677,4.5202518,4.520101,6.434431,0.0,0.0,0.0,0.0,0.0,0.0,0.0,12.471838,0.0,0.0,0.0,0.0,0.010171783,0.0,0.0,0.0,1.0000103,1.0000112,1.0000131,0.0,0.0,2.008997,0.09073426,0.0,0.0
265828335,265638281,0.1014439,0.102526985,0.20886154,4.306966,4.306894,6.3328977,0.0,0.0,0.0,0.0,0.0,0.0,0.0,12.470188,0.0,0.0,0.0,0.0,0.010167284,0.0,0.0,0.0,1.0000112,1.00001,1.0000123,0.0,0.0,2.008997,0.09073689,0.0,0.0
266327171,266137097,0.1011228,0.10212509,0.20890132,4.121558,4.121532,6.2388134,0.0,0.0,0.0,0.0,0.0,0.0,0.0,12.470811,0.0,0.0,0.0,0.0,0.010162394,0.0,0.0,0.0,1.000014,1.000009,1.000012,0.0,0.0,2.008997,0.09070575,0.0,0.0
266825955,266635913,0.10091317,0.10192689,0.20901278,4.1228476,4.1228905,6.2378592,0.0,0.0,0.0,0.0,0.0,0.0,0.0,12.4691925,0.0,0.0,0.0,0.0,0.010154801,0.0,0.0,0.0,1.0000176,1.0000068,1.0000106,0.0,0.0,2.008997,0.09075127,0.0,0.0
267324815,267134729,0.10125284,0.102031104,0.20905747,4.160336,4.160429,6.2375627,0.0,0.0,0.0,0.0,0.0,0.0,0.0,12.4709425,0.0,0.0,0.0,0.0,0.010151885,0.0,0.0,0.0,1.0000207,1.0000043,1.0000122,0.0,0.0,2.008997,0.09058093,0.0,0.0
267823693,267633545,0.10129887,0.10167776,0.2091516,4.150774,4.1509185,6.2338405,0.0,0.0,0.0,0.0,0.0,0.0,0.0,12.468422,0.0,0.0,0.0,0.0,0.010149819,0.0,0.0,0.0,1.000021,1.0000045,1.000012,0.0,0.0,2.008997,0.090773106,0.0,0.0
268322405,268132361,0.10177958,0.101730436,0.20929967,4.1891723,4.189354,6.2535043,0.0,0.0,0.0,0.0,0.0,0.0,0.0,12.470282,0.0,0.0,0.0,0.0,0.010146065,0.0,0.0,0.0,1.0000199,1.0000051,1.0000147,0.0,0.0,2.008997,0.09093402,0.0,0.0
268821257,268631176,0.10211958,0.10160477,0.20946898,4.4534883,4.453677,6.382486,0.0,0.0,0.0,0.0,0.0,0.0,0.0,12.469095,0.0,0.0,0.0,0.0,0.010142367,0.0,0.0,0.0,1.0000188,1.0000029,1.0000178,0.0,0.0,2.008997,0.09099412,0.0,0.0
269320041,269129991,0.102194265,0.101447225,0.20962375,5.043646,5.043841,6.300845,0.0,0.0,0.0,0.0,0.0,0.0,0.0,12.470159,0.0,0.0,0.0,0.0,0.010139989,0.0,0.0,0.0,1.0000181,1.0000051,1.0000173,0.0,0.0,2.008997,0.0927468,0.0,0.0
269828814,269638782,0.1027701,0.10170723,0.20977636,5.4668884,5.467075,6.277026,0.0,0.0,0.0,0.0,0.0,0.0,0.0,12.46904,0.0,0.0,0.0,0.0,0.010141577,0.0,0.0,0.0,1.0000178,1.0000031,1.0000179,0.0,0.0,2.008997,0.09374722,0.0,0.0
270327673,270137597,0.102862515,0.10162395,0.20995069,5.3624215,5.362594,6.234223,0.0,0.0,0.0,0.0,0.0,0.0,0.0,12.4714155,0.0,0.0,0.0,0.0,0.010145841,0.0,0.0,0.0,1.0000159,1.0000023,1.0000206,0.0,0.0,2.008997,0.102710865,0.0,0.0
270816483,270626436,0.102889664,0.10174825,0.2100901,6.0237427,6.0238976,6.4341555,0.0,0.0,0.0,0.0,0.0,0.0,0.0,12.469221,0.0,0.0,0.0,0.0,0.010143079,0.0,0.0,0.0,1.0000148,1.000003,1.0000185,0.0,0.0,2.008997,0.10434497,0.0,0.0
271325279,271135227,0.102738366,0.101888575,0.21016142,5.9626026,5.9627523,6.4071174,0.0,0.0,0.0,0.0,0.0,0.0,0.0,12.471801,0.0,0.0,0.0,0.0,0.010138261,0.0,0.0,0.0,1.0000161,1.0000042,1.0000163,0.0,0.0,2.008997,0.09515045,0.0,0.0
271824157,271634042,0.10229652,0.10191408,0.2102356,5.9135857,5.913731,6.3885193,0.0,0.0,0.0,0.0,0.0,0.0,0.0,12.470881,0.0,0.0,0.0,0.0,0.010134322,0.0,0.0,0.0,1.0000161,1.0000033,1.0000154,0.0,0.0,2.008997,0.093145795,0.0,0.0
272322917,272132857,0.10215889,0.102002576,0.21031055,7.1850123,7.185161,6.693905,0.0,0.0,0.0,0.0,0.0,0.0,0.0,12.472493,0.0,0.0,0.0,0.0,0.01013122,0.0,0.0,0.0,1.0000184,1.0000008,1.0000167,0.0,0.0,2.008997,0.0922825,0.0,0.0
272821742,272631672,0.1019166,0.10199294,0.21039456,7.1484194,7.1485605,6.678065,0.0,0.0,0.0,0.0,0.0,0.0,0.0,12.471759,0.0,0.0,0.0,0.0,0.010127115,0.0,0.0,0.0,1.0000187,1.0000007,1.0000159,0.0,0.0,2.008997,0.09181098,0.0,0.0
273320582,273130486,0.1019213,0.10215121,0.21043281,7.388936,7.3890805,6.7570157,0.0,0.0,0.0,0.0,0.0,0.0,0.0,12.474668,0.0,0.0,0.0,0.0,0.01012639,0.0,0.0,0.0,1.0000191,1.0000019,1.0000156,0.0,0.0,2.008997,0.09210678,0.0,0.0
273829401,273639278,0.10173815,0.10218091,0.2104751,7.4854,7.4855413,6.785556,0.0,0.0,0.0,0.0,0.0,0.0,0.0,12.473907,0.0,0.0,0.0,0.0,0.010124016,0.0,0.0,0.0,1.0000199,1.0000011,1.0000149,0.0,0.0,2.008997,0.09179433,0.0,0.0
274318192,274128116,0.10166868,0.102186516,0.21048644,7.967544,7.967683,6.946144,0.0,0.0,0.0,0.0,0.0,0.0,0.0,12.476145,0.0,0.0,0.0,0.0,0.010122495,0.0,0.0,0.0,1.0000209,1.0000002,1.0000159,0.0,0.0,2.008997,0.09160348,0.0,0.0
274817076,274626931,0.101705395,0.10228035,0.21050437,7.6887355,7.6888704,6.8574433,0.0,0.0,0.0,0.0,0.0,0.0,0.0,12.4752035,0.0,0.0,0.0,0.0,0.010121866,0.0,0.0,0.0,1.0000198,1.0000006,1.0000155,0.0,0.0,2.008997,0.09154025,0.0,0.0
275325838,275135723,0.10170851,0.10230584,0.21049513,7.7684155,7.7685475,6.8812685,0.0,0.0,0.0,0.0,0.0,0.0,0.0,12.476854,0.0,0.0,0.0,0.0,0.010120703,0.0,0.0,0.0,1.000021,1.0000002,1.0000159,0.0,0.0,2.008997,0.09154053,0.0,0.0
275824674,275634536,0.1017053,0.10228561,0.21044154,8.247354,8.247481,7.0414205,0.0,0.0,0.0,0.0,0.0,0.0,0.0,12.475898,0.0,0.0,0.0,0.0,0.010119822,0.0,0.0,0.0,1.0000204,1.0000002,1.0000155,0.0,0.0,2.008997,0.09120486,0.0,0.0
276323431,276133351,0.10179433,0.102349214,0.21043447,8.585201,8.585331,7.1475677,0.0,0.0,0.0,0.0,0.0,0.0,0.0,12.478767,0.0,0.0,0.0,0.0,0.010119636,0.0,0.0,0.0,1.0000204,1.0000005,1.000016,0.0,0.0,2.008997,0.091149926,0.0,0.0
276822299,276632165,0.1017704,0.102248624,0.21037997,16.26693,16.267046,49.92943,0.0,0.0,0.0,0.0,0.0,0.0,0.0,12.478093,0.0,0.0,0.0,0.0,0.0101191895,0.0,0.0,0.0,1.0000191,1.0000006,1.000016,0.0,0.0,2.008997,0.09109002,0.0,0.0
277321027,277130980,0.10184543,0.10226795,0.21042126,8.94977,8.949884,43.901527,0.0,0.0,0.0,0.0,0.0,0.0,0.0,12.483897,0.0,0.0,0.0,0.0,0.010118327,0.0,0.0,0.0,1.0000194,1.0000006,1.0000163,0.0,0.0,2.008997,0.092205465,0.0,0.0
277819904,277629794,0.101802014,0.10217752,0.21043412,6.571546,6.571652,31.51565,0.0,0.0,0.0,0.0,0.0,0.0,0.0,12.486431,0.0,0.0,0.0,0.0,0.0101180365,0.0,0.0,0.0,1.0000186,1.0000004,1.0000161,0.0,0.0,2.008997,0.091699675,0.0,0.0
