timestamp,timestamp_sample,accel_device_id,gyro_device_id,delta_angle[0],delta_angle[1],delta_angle[2],delta_velocity[0],delta_velocity[1],delta_velocity[2],delta_angle_dt,delta_velocity_dt,delta_angle_clipping,delta_velocity_clipping,accel_calibration_count,gyro_calibration_count
388440208,388439896,2490378,2490378,0.0002993424,0.00031950633,0.00013863703,-0.005992707,-0.01395798,-0.045555983,4927,4927,0,0,1,1
388937757,388937456,2490378,2490378,-0.00022642323,0.0016415917,0.00037056283,0.003730082,-0.005196781,-0.04790631,4926,4926,0,0,1,1
389440232,389439944,2490378,2490378,-0.0013024071,-0.0008225279,0.0006694238,0.0008502042,-0.009062465,-0.044050112,4927,4927,0,0,1,1
389942751,389942431,2490378,2490378,0.001005933,-0.00077526126,-0.00046391762,0.011383517,0.00044109134,-0.044166625,4927,4927,0,0,1,1
390440288,390439991,2490378,2490378,-0.0001580292,-0.0020406237,-8.058681e-05,-0.011290558,-0.0062651234,-0.04445979,4926,4926,0,0,1,1
390942772,390942477,2490378,2490378,0.00056272274,0.00077290845,-0.00022655734,0.0024761166,-0.007815693,-0.052696448,4926,4926,0,0,1,1
391440328,391440038,2490378,2490378,-0.0013206191,-0.0009298904,-0.0008787024,0.010341225,-0.0023284392,-0.02996765,4926,4926,0,0,1,1
391937889,391937600,2490378,2490378,-0.0013359821,-0.0010500336,0.0005215394,0.0024190664,0.0020447264,-0.059730597,4928,4928,0,0,1,1
392440375,392440085,2490378,2490378,-0.004054355,-0.0014875139,0.0017851675,0.002820999,-0.0013493574,-0.058370404,4926,4926,0,0,1,1
392937964,392937646,2490378,2490378,0.0015714191,0.0011974236,0.0029187764,-0.0068644844,0.00033483293,-0.06009359,4927,4927,0,0,1,1
393440425,393440132,2490378,2490378,0.000589521,-0.00028696755,0.0011900456,-0.013418455,-0.011673099,-0.055806942,4926,4926,0,0,1,1
393942904,393942619,2490378,2490378,0.00029416685,-0.0041503534,0.0007118215,0.0058618207,0.014571514,-0.05951759,4927,4927,0,0,1,1
394440470,394440179,2490378,2490378,-0.0057330467,-0.0029984494,0.005120943,-0.0126299225,-0.0045087026,-0.056963567,4927,4927,0,0,1,1
394942954,394942664,2490378,2490378,0.00025278036,0.0002573795,-2.2775826e-06,0.03840268,0.007704042,-0.0385759,4926,4926,0,0,1,1
395440566,395440224,2490378,2490378,-0.0013649184,-0.0024365936,-0.0018522241,0.045193706,0.0027628182,-0.042457256,4926,4926,0,0,1,1
395938099,395937783,2490378,2490378,-0.0043108403,-0.0067395577,-0.0011981339,0.029498417,0.00015180244,-0.11321063,4926,4926,0,0,1,1
396440568,396440268,2490378,2490378,-0.001289181,-0.0020446798,0.0011898106,0.0027423825,-0.0010010692,0.009936602,4927,4927,0,0,1,1
396938115,396937825,2490378,2490378,0.0052971905,0.0020824375,-0.0014741856,0.005233431,-0.030393079,-0.0020922236,4926,4926,0,0,1,1
397440545,397440308,2490378,2490378,-0.0038586278,-0.0036527205,-5.810929e-06,0.05738613,-0.0073019853,-0.10081412,4926,4926,0,0,1,1
397943087,397942791,2490378,2490378,-0.0021335133,0.0010261572,-0.0002109342,-0.0040531307,0.02002419,-0.08497433,4926,4926,0,0,1,1
398440703,398440347,2490378,2490378,6.482883e-05,-0.0008821741,-0.00027171182,0.011119901,-0.0047221947,0.0162224,4926,4926,0,0,1,1
398938191,398937903,2490378,2490378,0.0042732996,0.0020745976,-0.0017009651,-0.0012136489,0.0078095873,-0.027646724,4926,4926,0,0,1,1
399440678,399440385,2490378,2490378,4.5324603e-05,-0.0021161044,0.00037266457,0.05770728,-0.0003350072,-0.10524347,4926,4926,0,0,1,1
399938228,399937940,2490378,2490378,-0.0003009008,0.0016156595,0.002281506,0.0010112262,0.010966142,-0.072797306,4926,4926,0,0,1,1
400440711,400440420,2490378,2490378,0.002052855,-0.0009241421,0.0011481112,0.0059928643,0.0019490052,-0.0046665655,4926,4926,0,0,1,1
400943186,400942900,2490378,2490378,0.005939179,0.0024755653,0.0021362314,0.0032581012,-0.00769302,-0.020083424,4926,4926,0,0,1,1
401440751,401440453,2490378,2490378,-0.0021136354,0.0014632219,0.0034222791,0.044802945,-0.010104218,-0.06411322,4926,4926,0,0,1,1
401943218,401942931,2490378,2490378,-0.004202602,0.0021975096,0.0024105506,0.023841362,0.0052532135,-0.10498248,4926,4926,0,0,1,1
402440775,402440482,2490378,2490378,-0.0025978906,0.0002598479,0.0015291655,-0.0006980151,-0.0022683311,-0.031267013,4926,4926,0,0,1,1
402938326,402938033,2490378,2490378,0.007869983,-0.0006476344,0.002797011,0.0016448246,-0.011733818,0.02152981,4927,4927,0,0,1,1
403440811,403440509,2490378,2490378,-0.0023708618,0.0038261635,0.0021285457,0.010635677,-0.0018482335,-0.042810064,4927,4927,0,0,1,1
403938346,403938057,2490378,2490378,-0.0010547516,0.00059789006,0.002457796,0.04938195,0.0043382864,-0.11817277,4926,4926,0,0,1,1
404440823,404440532,2490378,2490378,-0.0043920632,0.0014494904,0.0040391637,0.0073640067,-0.021829704,-0.07985037,4927,4927,0,0,1,1
404943303,404943006,2490378,2490378,-0.0011695578,-0.0008211447,0.0024583584,-0.0076484974,-0.0012933507,-0.028557353,4926,4926,0,0,1,1
405440848,405440553,2490378,2490378,0.0034142968,0.003234714,0.0019462719,-0.013324628,-0.013592888,-0.013873442,4927,4927,0,0,1,1
405938423,405938100,2490378,2490378,-0.00066359894,0.0027202892,0.0022352778,0.052960873,0.0052004987,-0.08390873,4927,4927,0,0,1,1
406440871,406440572,2490378,2490378,-0.0044100326,0.0017904721,0.0015571134,0.021536967,-0.0073036905,-0.1050569,4927,4927,0,0,1,1
406938404,406938117,2490378,2490378,-0.0019823576,-0.0014900581,0.0014268869,0.0037357274,0.006512571,-0.04134931,4926,4926,0,0,1,1
407440878,407440588,2490378,2490378,0.002501743,-0.0020586525,0.0024092996,0.017323619,-0.015566815,0.005691793,4926,4926,0,0,1,1
407943391,407943059,2490378,2490378,-0.0027122041,0.004185823,0.0017346155,0.011064461,-0.0030606436,-0.030763427,4926,4926,0,0,1,1
408440933,408440603,2490378,2490378,-0.0012071368,-0.00037671093,0.0021405157,0.06858141,0.012826602,-0.13062225,4927,4927,0,0,1,1
408943362,408943072,2490378,2490378,4.4281995e-05,0.0028205016,0.0014287789,0.0008351591,0.0014561852,-0.10307469,4926,4926,0,0,1,1
409440912,409440616,2490378,2490378,0.002237011,-0.00099964,0.0013570706,0.009192353,-0.0046253954,-0.016174546,4926,4926,0,0,1,1
409938684,409938159,2490378,2490378,0.0014965985,0.004900819,0.0026383826,4.0984767e-05,0.0083789425,-0.026527662,4927,4927,0,0,1,1
410440927,410440627,2490378,2490378,-0.0068398444,-0.0019269851,0.0033392059,0.041467085,-0.014978274,-0.13337827,4926,4926,0,0,1,1
410938458,410938169,2490378,2490378,-0.002583329,-0.00077517156,0.0034790556,-0.0012494156,-0.0005496895,-0.02559472,4927,4927,0,0,1,1
411440929,411440636,2490378,2490378,0.005241827,0.004583986,0.003642087,0.0018210383,-0.011576128,-0.04022105,4926,4926,0,0,1,1
411943647,411943102,2490378,2490378,-0.004110223,0.0006520002,0.0016421059,0.054810945,-0.0032034344,-0.098465085,4925,4925,0,0,1,1
412440932,412440642,2490378,2490378,-0.005785455,0.0011974582,0.002229332,0.00070126285,-0.0048811794,-0.079702094,4926,4926,0,0,1,1
412938514,412938181,2490378,2490378,0.0035361033,-0.0008456238,0.0028651399,0.013947433,0.005939997,-0.022609783,4926,4926,0,0,1,1
413440939,413440646,2490378,2490378,-0.0027017659,0.0066036214,0.0035482682,-0.004180072,-0.033457875,-0.02808743,4926,4926,0,0,1,1
413939011,413938184,2490378,2490378,-0.0021763924,0.003047841,0.0023168216,0.04176518,-0.006785554,-0.11384043,4926,4926,0,0,1,1
414440961,414440648,2490378,2490378,-0.006090078,0.003067209,0.003956172,0.008791117,0.0035646781,-0.11116042,4926,4926,0,0,1,1
414943469,414943111,2490378,2490378,-0.003761745,-0.00019438562,0.0029138087,-0.001200798,-1.588151e-05,-0.025759084,4926,4926,0,0,1,1
415440941,415440647,2490378,2490378,0.0055584013,-0.0013202251,0.002289525,-0.0033950913,-0.01513116,0.009846773,4926,4926,0,0,1,1
415943699,415943109,2490378,2490378,0.0004328276,0.004980665,0.0032485237,0.009978848,0.0054157567,-0.057887405,4926,4926,0,0,1,1
416440933,416440645,2490378,2490378,-0.0051699434,0.000120027355,0.0022396517,0.03622276,0.0048873294,-0.1171528,4926,4926,0,0,1,1
416938504,416938180,2490378,2490378,0.0001289327,0.00072345795,0.000998821,-0.004783595,-0.0053252107,-0.058601696,4926,4926,0,0,1,1
417440945,417440641,2490378,2490378,0.0020037817,-0.0020391247,0.0010448014,0.014513193,0.0050207637,-0.019688338,4926,4926,0,0,1,1
417938999,417938176,2490378,2490378,0.004479589,0.002757499,0.0023282059,0.009469595,-0.01416419,0.015854279,4926,4926,0,0,1,1
418440931,418440636,2490378,2490378,-0.00034954416,0.0033621255,0.0020223544,0.049177203,0.001659869,-0.09101019,4926,4926,0,0,1,1
418943383,418943096,2490378,2490378,-0.0060509713,0.001871669,0.0014532551,0.024504922,0.0040325774,-0.10435553,4926,4926,0,0,1,1
419440918,419440629,2490378,2490378,-0.0042549786,-0.00049000146,0.0030345565,-0.003827499,-0.010924287,-0.049548753,4926,4926,0,0,1,1
419938528,419938162,2490378,2490378,0.002824752,-0.0019335613,0.0021745192,0.008853307,0.0027308073,0.021063019,4926,4926,0,0,1,1
420440939,420440621,2490378,2490378,0.00040605836,0.0049198284,0.0031086337,-0.0037603823,-0.035015512,-0.020981636,4926,4926,0,0,1,1
420938441,420938153,2490378,2490378,-0.001563646,0.0024831162,0.0019088297,0.06834224,0.005956707,-0.112666875,4926,4926,0,0,1,1
421440900,421440610,2490378,2490378,-0.0072645363,0.004027985,0.0032441902,0.007986213,-0.0004515425,-0.1252395,4926,4926,0,0,1,1
421943273,421943068,2490378,2490378,-0.0021077187,-0.0010524481,0.003972834,-0.0004228155,-0.0002395311,-0.021385884,4926,4926,0,0,1,1
422440886,422440598,2490378,2490378,0.0018549283,-0.0002880939,0.0028134426,0.0038317265,-0.0011076791,0.032475844,4926,4926,0,0,1,1
422943350,422943055,2490378,2490378,-0.0020423383,0.006933136,0.0047168713,-0.006122067,0.0062890765,-0.04528793,4926,4926,0,0,1,1
423440884,423440585,2490378,2490378,-0.0022683858,0.0018221701,0.0029002163,0.06381086,0.004591331,-0.11364227,4926,4926,0,0,1,1
423938405,423938114,2490378,2490378,-0.0073847612,0.0044419155,0.003921466,-0.0010343984,0.006078554,-0.1144838,4926,4926,0,0,1,1
424440858,424440569,2490378,2490378,-0.0025451062,0.0012590664,0.0044782,0.0031548257,0.016629988,-0.05040061,4926,4926,0,0,1,1
424938384,424938098,2490378,2490378,0.004756394,0.00016505679,0.002813058,0.0018713634,-0.01105233,0.0034004329,4926,4926,0,0,1,1
425440845,425440552,2490378,2490378,0.008896472,0.0066906665,0.004821177,0.00895272,0.001536222,-0.008651633,4926,4926,0,0,1,1
425943295,425943006,2490378,2490378,-0.0018054359,0.0064451857,0.0039488934,0.042775184,-0.0022670124,-0.088715814,4926,4926,0,0,1,1
426440823,426440533,2490378,2490378,-0.006889561,0.0032711723,0.0032800904,0.035219394,-0.007183484,-0.109557666,4926,4926,0,0,1,1
426938349,426938060,2490378,2490378,-0.0074073053,0.0033711614,0.0037617506,0.00036528893,-0.00855769,-0.07256809,4926,4926,0,0,1,1
427440809,427440513,2490378,2490378,0.0043974635,0.00031308702,0.003416025,0.0077149863,-0.006104943,-0.05132168,4927,4927,0,0,1,1
427938307,427938038,2490378,2490378,0.006496006,0.0048049265,0.0035906802,-0.00021143822,0.004185089,0.020755138,4926,4926,0,0,1,1
428440809,428440489,2490378,2490378,-0.0008152132,0.009317209,0.003662017,0.009002188,-0.010019906,-0.0538358,4926,4926,0,0,1,1
428943269,428942940,2490378,2490378,-0.0036772043,0.005831757,0.004508046,0.04761264,-0.0019772586,-0.12585625,4926,4926,0,0,1,1
429440780,429440464,2490378,2490378,-0.0073495763,0.0046541872,0.0025144937,0.010923358,0.001190638,-0.13233544,4926,4926,0,0,1,1
429943204,429942914,2490378,2490378,-0.0058145206,0.002175503,0.004394042,-0.008916077,0.0018177466,-0.03882808,4926,4926,0,0,1,1
430440732,430440437,2490378,2490378,0.0065468727,-3.1356608e-06,0.0028951508,-0.0073599033,-0.007197726,-0.013892018,4926,4926,0,0,1,1
430938256,430937960,2490378,2490378,0.0056417147,0.0070218476,0.0044893473,-0.01426819,-0.0024034563,-0.020603642,4926,4926,0,0,1,1
431440700,431440409,2490378,2490378,-0.0011504831,0.008304279,0.004428707,0.014918669,-2.9596531e-05,-0.066133976,4926,4926,0,0,1,1
431938250,431937931,2490378,2490378,-0.0073570292,0.0033805876,0.003144602,0.03763569,-0.019171918,-0.15603296,4926,4926,0,0,1,1
432440689,432440379,2490378,2490378,-0.0064726397,0.0064527704,0.0041062096,-4.9176146e-05,-0.0032555137,-0.11216404,4926,4926,0,0,1,1
432943117,432942826,2490378,2490378,-0.0019558775,0.0015968208,0.0033437824,0.0057257814,0.014838281,-0.057172827,4926,4926,0,0,1,1
433440879,433440348,2490378,2490378,0.010994219,0.0047628507,0.00383255,0.006501903,0.010236319,-0.025608394,4927,4927,0,0,1,1
433938156,433937868,2490378,2490378,-0.0116394395,0.0004500768,0.0034720006,0.013586422,-0.0008708256,-0.09479794,4926,4926,0,0,1,1
434440618,434440314,2490378,2490378,-0.002514408,-0.00081881485,0.0015983529,-0.0011665387,0.008413575,-0.051900614,4926,4926,0,0,1,1
434938120,434937834,2490378,2490378,-0.0018899931,-0.0002306146,7.845108e-05,8.5329695e-05,-0.0039460906,-0.052726243,4926,4926,0,0,1,1
435440583,435440279,2490378,2490378,-0.0041045276,-0.020685406,0.0031225719,-0.23539576,-0.059033323,-0.13356975,4926,4926,0,0,1,1
435943013,435942725,2490378,2490378,0.0026162474,0.0016204094,0.007726979,-0.011673792,0.07813968,-0.11249118,4926,4926,0,0,1,1
436440598,436440245,2490378,2490378,0.00038198027,-8.002979e-06,4.3429554e-05,-0.010381675,0.015602704,-0.04315917,4926,4926,0,0,1,1
436942982,436942693,2490378,2490378,7.73915e-05,-6.417042e-06,1.2019134e-05,-0.010834506,0.016760418,-0.043800596,4926,4926,0,0,1,1
437440812,437440215,2490378,2490378,-1.91764e-05,-1.1069968e-05,-5.4120073e-07,-0.010918105,0.0172477,-0.043898758,4926,4926,0,0,1,1
437938050,437937738,2490378,2490378,-8.591868e-07,-6.473256e-06,1.247814e-05,-0.010986293,0.017093292,-0.043661244,4926,4926,0,0,1,1
438440556,438440188,2490378,2490378,-5.6018478e-05,-3.1872826e-06,1.0128788e-06,-0.010843462,0.01688224,-0.04381635,4927,4927,0,0,1,1
438938022,438937711,2490378,2490378,-1.060795e-05,-4.606391e-06,9.768489e-07,-0.01089891,0.016983151,-0.043819442,4926,4926,0,0,1,1
439440569,439440161,2490378,2490378,-2.2823524e-05,-9.438976e-06,5.0358803e-06,-0.010930553,0.017052172,-0.04376349,4926,4926,0,0,1,1
439942900,439942611,2490378,2490378,-1.0339358e-05,-1.0018999e-05,7.364217e-06,-0.010910348,0.017033758,-0.04379286,4926,4926,0,0,1,1
440440453,440440136,2490378,2490378,1.5200148e-06,-8.620521e-06,3.997898e-06,-0.010936712,0.017089264,-0.043768153,4926,4926,0,0,1,1
440937951,440937662,2490378,2490378,-1.0624995e-05,-7.802905e-06,4.619196e-06,-0.010895919,0.01711587,-0.043696832,4926,4926,0,0,1,1
441440451,441440114,2490378,2490378,-1.1127193e-05,-8.9488185e-06,5.277193e-06,-0.01094316,0.017137177,-0.04373114,4927,4927,0,0,1,1
441937924,441937639,2490378,2490378,-1.0283046e-05,-8.810157e-06,4.6036853e-06,-0.0109210145,0.017125055,-0.043771725,4925,4925,0,0,1,1
442440407,442440092,2490378,2490378,-1.3287699e-05,-1.225902e-05,3.9868096e-06,-0.010945928,0.017083079,-0.04373206,4926,4926,0,0,1,1
442942837,442942545,2490378,2490378,-1.24383005e-05,-5.7297098e-06,4.3181185e-06,-0.010926395,0.017129224,-0.043770134,4926,4926,0,0,1,1
443440362,443440072,2490378,2490378,-9.166835e-06,-9.367342e-06,6.7226515e-06,-0.010992309,0.017179495,-0.043747403,4926,4926,0,0,1,1
443942822,443942526,2490378,2490378,-2.4984143e-05,-5.6111053e-06,6.1537435e-06,-0.0109523265,0.017144423,-0.04383165,4926,4926,0,0,1,1
444440344,444440054,2490378,2490378,-6.58261e-06,-9.245944e-06,1.1095712e-05,-0.01094412,0.017158598,-0.04376788,4926,4926,0,0,1,1
444937875,444937582,2490378,2490378,-2.9719997e-05,-1.009187e-05,3.7218585e-06,-0.010958512,0.017168729,-0.043787662,4926,4926,0,0,1,1
445440326,445440037,2490378,2490378,-1.6344136e-05,-1.1962198e-05,-1.4208231e-06,-0.010937731,0.01711285,-0.043711234,4927,4927,0,0,1,1
445942780,445942491,2490378,2490378,2.7512408e-06,-1.2284531e-05,4.69724e-06,-0.010916008,0.017035715,-0.04373833,4926,4926,0,0,1,1
446440319,446440021,2490378,2490378,-5.173988e-07,-9.058314e-06,9.571327e-06,-0.010966204,0.017103225,-0.043775767,4926,4926,0,0,1,1
446942771,446942476,2490378,2490378,-1.3104068e-05,-5.23016e-06,7.3021874e-06,-0.010941804,0.017142346,-0.043774147,4926,4926,0,0,1,1
447440297,447440006,2490378,2490378,-2.9539735e-05,-9.230251e-06,3.4912161e-06,-0.01093144,0.0171139,-0.04372824,4926,4926,0,0,1,1
447937826,447937536,2490378,2490378,-5.8267697e-06,-1.3191916e-05,3.618116e-06,-0.0109366225,0.017157836,-0.043752387,4926,4926,0,0,1,1
448440281,448439993,2490378,2490378,-2.7190677e-05,-7.851641e-06,2.1274102e-06,-0.010921425,0.017116321,-0.04377619,4926,4926,0,0,1,1
448937814,448937523,2490378,2490378,-1.8340206e-05,-1.0197772e-05,5.0219137e-06,-0.010967082,0.017145742,-0.043806802,4926,4926,0,0,1,1
449440290,449439981,2490378,2490378,-3.637515e-05,-1.0919836e-05,3.1678483e-06,-0.01094769,0.017145606,-0.043714944,4927,4927,0,0,1,1
449942733,449942438,2490378,2490378,6.494838e-06,-8.806058e-06,4.5840807e-06,-0.010934161,0.01702521,-0.043759312,4925,4925,0,0,1,1
450440265,450439970,2490378,2490378,-4.6865553e-06,-7.122387e-06,3.5141359e-06,-0.010933668,0.017100161,-0.043706477,4926,4926,0,0,1,1
450942726,450942428,2490378,2490378,-2.7218135e-05,-8.3718305e-06,3.4348825e-06,-0.010949403,0.017100101,-0.043780148,4926,4926,0,0,1,1
451440248,451439960,2490378,2490378,2.4203433e-05,-6.289343e-06,4.150035e-06,-0.01093905,0.01707511,-0.043745853,4926,4926,0,0,1,1
451937783,451937492,2490378,2490378,-4.7556205e-05,-9.619025e-06,2.3279524e-06,-0.0109256245,0.016920196,-0.04377313,4926,4926,0,0,1,1
452440238,452439951,2490378,2490378,-2.312491e-05,-1.1354945e-05,7.2946464e-06,-0.010955536,0.016946215,-0.043796957,4926,4926,0,0,1,1
452942714,452942411,2490378,2490378,-5.9149388e-05,-8.041124e-06,-3.0851297e-06,-0.010958555,0.017013935,-0.04382336,4927,4927,0,0,1,1
453440236,453439944,2490378,2490378,-1.667497e-05,-8.578639e-06,5.862354e-07,-0.01088431,0.01710331,-0.043814987,4926,4926,0,0,1,1
453942693,453942404,2490378,2490378,-6.561235e-06,-7.5424214e-06,1.481946e-07,-0.01095536,0.017058413,-0.043837972,4927,4927,0,0,1,1
454440231,454439937,2490378,2490378,-1.5873948e-05,-4.4287094e-06,1.8137994e-06,-0.01094188,0.017122675,-0.04373643,4926,4926,0,0,1,1
454937768,454937472,2490378,2490378,-2.4852354e-06,-7.498103e-06,2.0652078e-06,-0.010959549,0.017134365,-0.043677963,4926,4926,0,0,1,1
455440220,455439932,2490378,2490378,1.0553696e-05,-8.163075e-06,5.4540337e-06,-0.010954843,0.017165199,-0.04368703,4926,4926,0,0,1,1
455937755,455937467,2490378,2490378,-1.2548243e-05,-4.0467585e-06,5.169374e-06,-0.010959301,0.017128723,-0.043726433,4926,4926,0,0,1,1
456440234,456439928,2490378,2490378,1.2147207e-05,-2.9863877e-06,3.2369967e-06,-0.010964756,0.01706701,-0.043764703,4926,4926,0,0,1,1
456942833,456942389,2490378,2490378,-2.4034993e-05,-6.60161e-06,3.5461105e-06,-0.011009071,0.01713546,-0.043819148,4926,4926,0,0,1,1
457440213,457439925,2490378,2490378,-1.6984277e-05,-8.173929e-06,3.1456723e-06,-0.010935489,0.017092597,-0.043760903,4926,4926,0,0,1,1
457942697,457942387,2490378,2490378,-1.6686521e-05,-8.445952e-06,3.9133624e-07,-0.010963804,0.017124832,-0.043759696,4927,4927,0,0,1,1
458440211,458439923,2490378,2490378,-2.084083e-05,-6.6979105e-06,2.6926705e-06,-0.010908164,0.01719393,-0.043750193,4927,4927,0,0,1,1
458938027,458937459,2490378,2490378,8.6155416e-07,-8.452484e-06,6.036439e-06,-0.010923416,0.017181594,-0.04373718,4926,4926,0,0,1,1
459440216,459439921,2490378,2490378,-1.8053971e-06,-1.144931e-05,5.2459927e-06,-0.010975031,0.017138742,-0.04375642,4926,4926,0,0,1,1
459942741,459942384,2490378,2490378,-2.2780016e-05,-3.2297717e-06,3.34374e-06,-0.010984901,0.017062616,-0.04378843,4926,4926,0,0,1,1
460440250,460439921,2490378,2490378,-2.2211903e-05,-1.0115699e-05,1.1912447e-06,-0.010958872,0.017099315,-0.043777503,4926,4926,0,0,1,1
460942811,460942384,2490378,2490378,8.94486e-06,-3.5022479e-06,8.818307e-06,-0.010959877,0.017066542,-0.043749016,4926,4926,0,0,1,1
461440220,461439922,2490378,2490378,-9.754017e-06,-4.789012e-06,1.7686068e-06,-0.010976759,0.017114196,-0.04375052,4926,4926,0,0,1,1
461937793,461937460,2490378,2490378,6.286759e-07,-9.246517e-06,2.6751125e-06,-0.010949196,0.017028105,-0.04379343,4927,4927,0,0,1,1
462440217,462439924,2490378,2490378,-2.9057372e-05,-1.0022777e-05,3.0133797e-06,-0.010979734,0.017133553,-0.043732863,4927,4927,0,0,1,1
462937913,462937462,2490378,2490378,-1.2662722e-06,-9.826168e-06,7.1293616e-06,-0.010970023,0.017136421,-0.043760523,4926,4926,0,0,1,1
463440215,463439926,2490378,2490378,-6.502371e-06,-1.3855053e-05,4.8907727e-06,-0.0109068,0.017140258,-0.043744553,4926,4926,0,0,1,1
463942705,463942391,2490378,2490378,-2.0443475e-05,-5.317907e-06,6.044003e-06,-0.010936361,0.017115587,-0.04374807,4926,4926,0,0,1,1
464440217,464439930,2490378,2490378,-1.2348535e-05,-8.099526e-06,-4.963317e-07,-0.010906907,0.017162923,-0.04374229,4926,4926,0,0,1,1
464943196,464942395,2490378,2490378,-1.4526217e-05,-6.602145e-06,4.242704e-06,-0.010974794,0.017194515,-0.04369986,4926,4926,0,0,1,1
465440232,465439934,2490378,2490378,-1.3088301e-05,-1.1654691e-05,6.6232305e-06,-0.01094091,0.017143827,-0.043726064,4926,4926,0,0,1,1
465937791,465937474,2490378,2490378,-6.3739e-06,-9.272425e-06,1.954574e-06,-0.010918172,0.017194238,-0.043688744,4926,4926,0,0,1,1
466440227,466439940,2490378,2490378,-1.9356838e-05,-6.4373353e-06,1.6416235e-06,-0.010941999,0.017176818,-0.043782003,4927,4927,0,0,1,1
466942712,466942406,2490378,2490378,-9.336441e-06,-1.304437e-05,5.207725e-06,-0.010976436,0.01718338,-0.043721873,4926,4926,0,0,1,1
467440241,467439946,2490378,2490378,-9.304515e-06,-9.62651e-06,4.2811716e-06,-0.010986202,0.017149005,-0.043799825,4926,4926,0,0,1,1
467942735,467942412,2490378,2490378,-7.854648e-06,-8.6163855e-06,1.9761267e-06,-0.010950604,0.017144416,-0.043727916,4926,4926,0,0,1,1
468440246,468439953,2490378,2490378,-9.601621e-06,-1.2156688e-05,2.4179888e-06,-0.010934993,0.017174477,-0.043781575,4926,4926,0,0,1,1
468937807,468937494,2490378,2490378,-8.811085e-06,-4.87121e-06,3.0632405e-06,-0.010993401,0.01718392,-0.043753207,4927,4927,0,0,1,1
469440275,469439961,2490378,2490378,-1.3822133e-06,-1.041246e-05,5.982384e-06,-0.010981148,0.017176948,-0.043755278,4926,4926,0,0,1,1
469937709,469937502,2490378,2490378,3.3648548e-06,-2.504378e-07,4.0017153e-06,-0.01096334,0.017183367,-0.043714616,4926,4926,0,0,1,1
470440264,470439970,2490378,2490378,-1.5747459e-05,-6.2429012e-06,8.3586065e-06,-0.010975943,0.017162764,-0.043696795,4927,4927,0,0,1,1
470942740,470942437,2490378,2490378,-3.5666955e-05,-8.522854e-06,3.1312945e-06,-0.010992447,0.017073808,-0.043798055,4924,4924,0,0,1,1
471440274,471439979,2490378,2490378,1.6917666e-05,-9.28832e-06,7.540311e-06,-0.011025904,0.01708804,-0.04372906,4926,4926,0,0,1,1
471942741,471942447,2490378,2490378,-4.7410367e-07,-5.5446117e-06,7.661885e-06,-0.0109686265,0.017104521,-0.043765932,4926,4926,0,0,1,1
472440279,472439989,2490378,2490378,1.9519483e-05,-6.4774663e-06,8.856671e-06,-0.010990401,0.017131032,-0.043758165,4926,4926,0,0,1,1
472937816,472937532,2490378,2490378,-4.9145746e-07,-3.4450388e-06,1.0012211e-05,-0.0109966425,0.017078308,-0.04374454,4925,4925,0,0,1,1
473440293,473440001,2490378,2490378,-2.7934839e-05,-1.6769858e-05,5.3189196e-06,-0.010986022,0.017138623,-0.043790653,4927,4927,0,0,1,1
473942770,473942470,2490378,2490378,-1.3679498e-05,-6.0782804e-06,3.2789844e-06,-0.010941036,0.017075112,-0.043741435,4925,4925,0,0,1,1
474440304,474440013,2490378,2490378,-1.1532735e-05,-7.8033945e-06,5.937795e-06,-0.010977854,0.01711349,-0.04377102,4927,4927,0,0,1,1
474942773,474942482,2490378,2490378,-1.62363e-05,-8.525461e-06,4.652413e-06,-0.010917645,0.017133819,-0.043716863,4926,4926,0,0,1,1
475440344,475440025,2490378,2490378,9.05254e-06,-9.593122e-06,5.585338e-06,-0.010986257,0.017032381,-0.043780018,4926,4926,0,0,1,1
475937863,475937569,2490378,2490378,-2.2340942e-05,-7.4752484e-06,3.5327155e-06,-0.010948866,0.017041495,-0.043758143,4926,4926,0,0,1,1
476440327,476440039,2490378,2490378,-1.7413946e-05,-1.0778135e-05,4.096567e-06,-0.010950119,0.017093424,-0.04372168,4927,4927,0,0,1,1
476937870,476937582,2490378,2490378,6.2289787e-06,-5.356121e-06,8.344067e-06,-0.010984897,0.017128158,-0.043705586,4926,4926,0,0,1,1
477440338,477440053,2490378,2490378,1.50883e-05,-4.39115e-06,7.610662e-06,-0.011029087,0.017049776,-0.04386083,4926,4926,0,0,1,1
477942840,477942524,2490378,2490378,1.6533695e-05,-1.2430498e-05,5.5730325e-06,-0.0109472815,0.01696487,-0.043791268,4927,4927,0,0,1,1
478440372,478440068,2490378,2490378,-7.727409e-06,-4.802816e-06,2.0741259e-06,-0.011009049,0.016993722,-0.04387352,4926,4926,0,0,1,1
478942833,478942539,2490378,2490378,-1.4756446e-05,-8.153942e-06,6.484958e-06,-0.010925475,0.017022857,-0.043808635,4927,4927,0,0,1,1
479440375,479440083,2490378,2490378,-1.5887224e-05,-8.42637e-06,7.8517996e-07,-0.010983319,0.016992196,-0.043828305,4926,4926,0,0,1,1
479937938,479937628,2490378,2490378,-4.8889702e-05,-4.659562e-06,1.9066263e-06,-0.010963484,0.017076919,-0.04378435,4926,4926,0,0,1,1
480440389,480440100,2490378,2490378,-3.627965e-05,-9.456776e-06,-1.4131433e-06,-0.011019398,0.017005095,-0.043748964,4926,4926,0,0,1,1
480942864,480942571,2490378,2490378,-8.174801e-06,-6.7542333e-06,1.772378e-06,-0.010963066,0.017074268,-0.043770503,4926,4926,0,0,1,1
481440412,481440117,2490378,2490378,2.871135e-07,-1.8057842e-06,1.0069334e-05,-0.010956887,0.01701456,-0.043780293,4927,4927,0,0,1,1
481942881,481942589,2490378,2490378,-1.564113e-05,-8.228457e-06,8.084845e-06,-0.010948002,0.017085044,-0.043818247,4927,4927,0,0,1,1
482440426,482440134,2490378,2490378,6.0940333e-06,-1.2624924e-05,4.462223e-06,-0.010938957,0.01686593,-0.04380517,4926,4926,0,0,1,1
482937988,482937680,2490378,2490378,-2.7314753e-05,-4.824797e-06,1.0462016e-06,-0.011009985,0.016964108,-0.043809958,4926,4926,0,0,1,1
483440470,483440153,2490378,2490378,0.00010318111,-1.576661e-05,2.1908505e-05,-0.010963487,0.017044615,-0.04382424,4926,4926,0,0,1,1
483937969,483937699,2490378,2490378,1.3752961e-05,-1.3276193e-05,9.583564e-06,-0.010997145,0.016909149,-0.043795813,4926,4926,0,0,1,1
484440459,484440172,2490378,2490378,-7.452284e-05,-6.5184195e-06,-2.5501797e-06,-0.010957535,0.016860768,-0.043813135,4926,4926,0,0,1,1
484942932,484942644,2490378,2490378,4.2980188e-05,-1.06411135e-05,2.4981132e-06,-0.010972131,0.016932392,-0.04380931,4926,4926,0,0,1,1
485440485,485440191,2490378,2490378,-3.088987e-05,-5.4563334e-06,2.8391262e-06,-0.010970961,0.016932128,-0.043740056,4926,4926,0,0,1,1
485942963,485942664,2490378,2490378,-5.7521647e-05,-8.447847e-06,2.0082172e-07,-0.010979053,0.016949197,-0.043875944,4926,4926,0,0,1,1
486440519,486440212,2490378,2490378,-9.826243e-06,-1.4569336e-05,1.0183926e-05,-0.010922066,0.016964847,-0.043790225,4927,4927,0,0,1,1
486938046,486937759,2490378,2490378,4.1267187e-05,7.096456e-07,4.3822547e-06,-0.01098247,0.017022673,-0.043727014,4924,4924,0,0,1,1
487440536,487440232,2490378,2490378,9.599248e-05,-8.055436e-06,1.9754074e-05,-0.010984821,0.016988505,-0.043783505,4926,4926,0,0,1,1
487938068,487937780,2490378,2490378,3.1030024e-05,-6.6882694e-06,9.609037e-06,-0.010949596,0.016987238,-0.043750316,4926,4926,0,0,1,1
488440549,488440254,2490378,2490378,-5.68755e-05,-3.89429e-06,2.4696892e-06,-0.011026345,0.016994106,-0.043882526,4926,4926,0,0,1,1
488943023,488942728,2490378,2490378,-4.8165763e-05,-7.2492367e-06,-2.949935e-07,-0.010962413,0.016903384,-0.04385795,4926,4926,0,0,1,1
489440581,489440276,2490378,2490378,-3.524098e-05,-5.794383e-06,2.686921e-06,-0.010958354,0.016983744,-0.043771658,4923,4923,0,0,1,1
489938117,489937824,2490378,2490378,-1.5124589e-05,-2.8662864e-06,4.778941e-06,-0.010987147,0.016941136,-0.043823775,4926,4926,0,0,1,1
490440995,490440299,2490378,2490378,-0.000101208774,-9.158255e-06,-6.8076656e-06,-0.010971827,0.017013464,-0.043750804,4927,4927,0,0,1,1
490938132,490937847,2490378,2490378,4.6854766e-05,-9.133616e-06,9.381319e-06,-0.011003308,0.01694513,-0.043881115,4926,4926,0,0,1,1
491440651,491440322,2490378,2490378,3.1644428e-05,-5.7082657e-06,5.750705e-06,-0.010993345,0.016809242,-0.043774553,4927,4927,0,0,1,1
491943129,491942797,2490378,2490378,-3.1723594e-05,-3.1888244e-06,4.2114075e-06,-0.011014167,0.016946722,-0.043887626,4927,4927,0,0,1,1
492440738,492440346,2490378,2490378,9.4586234e-05,-6.328867e-06,1.700901e-05,-0.010948746,0.01681246,-0.043864433,4927,4927,0,0,1,1
492943110,492942821,2490378,2490378,5.897529e-06,-4.2316194e-07,4.869028e-06,-0.010988818,0.016820388,-0.043875147,4926,4926,0,0,1,1
493440698,493440370,2490378,2490378,-9.416795e-06,9.626896e-07,2.6729465e-06,-0.011007065,0.01685198,-0.04387927,4926,4926,0,0,1,1
493938204,493937919,2490378,2490378,3.9122613e-05,-8.489973e-06,4.904007e-06,-0.010992516,0.016925363,-0.043888744,4926,4926,0,0,1,1
494440626,494440395,2490378,2490378,-4.8464015e-05,1.6016165e-06,9.657764e-07,-0.011020992,0.01703403,-0.04379743,4926,4926,0,0,1,1
494938277,494937944,2490378,2490378,3.9456736e-06,-6.519851e-06,9.84713e-06,-0.010984901,0.016866613,-0.04378809,4926,4926,0,0,1,1
495440765,495440420,2490378,2490378,-3.417603e-05,-5.896053e-06,-2.0765094e-06,-0.010997851,0.016996367,-0.04380208,4926,4926,0,0,1,1
495943183,495942896,2490378,2490378,-0.00018640087,-3.8827147e-06,-1.5851945e-05,-0.010947631,0.01672244,-0.04385658,4926,4926,0,0,1,1
496440826,496440446,2490378,2490378,2.1207106e-05,-1.2755692e-06,6.3815432e-06,-0.010963513,0.016903877,-0.04381423,4926,4926,0,0,1,1
496938284,496937996,2490378,2490378,-3.3457367e-05,-1.4770491e-05,7.4269346e-06,-0.011024044,0.016913958,-0.04378877,4926,4926,0,0,1,1
497440794,497440473,2490378,2490378,-2.3956969e-05,-2.1884646e-06,-6.730837e-07,-0.010997885,0.016895067,-0.043759394,4926,4926,0,0,1,1
497938311,497938023,2490378,2490378,9.5788746e-05,-5.5026467e-06,1.6760836e-05,-0.010980646,0.016781317,-0.043923926,4926,4926,0,0,1,1
498440809,498440500,2490378,2490378,6.6784116e-05,-3.2334146e-06,1.2025613e-05,-0.011005205,0.01694828,-0.04389838,4926,4926,0,0,1,1
498943274,498942977,2490378,2490378,-0.000118193595,-1.0846373e-06,-5.556211e-06,-0.010937371,0.016911656,-0.043838516,4926,4926,0,0,1,1
499440818,499440528,2490378,2490378,-5.761824e-05,-4.7014523e-06,7.860674e-07,-0.01098884,0.01681074,-0.04388724,4927,4927,0,0,1,1
499943291,499943005,2490378,2490378,1.5408494e-05,-3.558527e-06,3.5639682e-06,-0.010997327,0.016862715,-0.04383098,4926,4926,0,0,1,1
500440844,500440556,2490378,2490378,0.0001309373,-2.4462686e-06,2.0787058e-05,-0.010984074,0.016821392,-0.04380878,4926,4926,0,0,1,1
500938430,500938107,2490378,2490378,1.0834511e-05,-3.1568502e-06,3.1366953e-06,-0.011021637,0.016599732,-0.04401073,4926,4926,0,0,1,1
501440875,501440585,2490378,2490378,-1.5448024e-05,-8.390195e-06,4.531806e-06,-0.010993706,0.01668849,-0.0438457,4927,4927,0,0,1,1
501938429,501938136,2490378,2490378,-1.4862451e-05,-3.9501074e-06,4.3692344e-06,-0.010980992,0.016776048,-0.04393815,4926,4926,0,0,1,1
502440907,502440614,2490378,2490378,-1.0165894e-05,-2.0500797e-06,1.626334e-06,-0.010982203,0.016796932,-0.04388444,4927,4927,0,0,1,1
502943380,502943092,2490378,2490378,0.000106399886,-3.4149853e-06,1.4700086e-05,-0.010981347,0.01695451,-0.043923076,4927,4927,0,0,1,1
503440937,503440643,2490378,2490378,3.899535e-06,-5.89294e-06,8.763188e-06,-0.011035114,0.016903967,-0.043841362,4926,4926,0,0,1,1
503938485,503938195,2490378,2490378,-9.123088e-05,-9.834032e-06,-4.301036e-06,-0.011027146,0.016812852,-0.04383573,4926,4926,0,0,1,1
504440963,504440673,2490378,2490378,-7.615878e-05,-5.755692e-06,-2.3089226e-06,-0.010946086,0.016887514,-0.04385896,4926,4926,0,0,1,1
504938507,504938225,2490378,2490378,2.2840513e-05,-6.8264144e-06,7.288192e-06,-0.010944601,0.016960494,-0.043884873,4926,4926,0,0,1,1
505440995,505440704,2490378,2490378,-2.8638795e-05,-1.6083659e-06,1.9469999e-06,-0.011050157,0.01699197,-0.043730564,4926,4926,0,0,1,1
505938543,505938256,2490378,2490378,0.0002669146,-1.0919752e-05,4.3071646e-05,-0.011010835,0.016623687,-0.043814044,4926,4926,0,0,1,1
506441023,506440735,2490378,2490378,6.0923663e-05,-2.649358e-06,7.633085e-06,-0.010995043,0.016754542,-0.04393733,4927,4927,0,0,1,1
506943496,506943213,2490378,2490378,-3.742427e-05,-9.158708e-06,7.0076653e-06,-0.011064274,0.016763696,-0.04412028,4926,4926,0,0,1,1
507441060,507440766,2490378,2490378,-3.1809643e-05,-1.26702835e-05,1.3963395e-06,-0.011026194,0.01677248,-0.043939076,4927,4927,0,0,1,1
507938612,507938318,2490378,2490378,-3.1382955e-05,-1.32762225e-05,6.2459903e-06,-0.011072743,0.016379442,-0.04407326,4926,4926,0,0,1,1
508441090,508440797,2490378,2490378,-2.2839125e-05,-3.423686e-06,5.8838204e-06,-0.010995492,0.016729662,-0.04395763,4926,4926,0,0,1,1
508938635,508938350,2490378,2490378,-1.5443911e-06,-8.5701995e-06,7.808274e-06,-0.0109892925,0.01672297,-0.043888733,4926,4926,0,0,1,1
509441116,509440829,2490378,2490378,5.951124e-06,-7.263047e-06,5.146578e-06,-0.011028479,0.016861478,-0.04388044,4926,4926,0,0,1,1
509943607,509943308,2490378,2490378,-1.8627787e-05,-9.622788e-06,4.536285e-06,-0.010976614,0.016664464,-0.043871175,4926,4926,0,0,1,1
510441148,510440862,2490378,2490378,-6.410317e-05,3.4428805e-07,-1.8238333e-06,-0.010985061,0.01674662,-0.04386301,4927,4927,0,0,1,1
510938702,510938415,2490378,2490378,-5.8063597e-05,-9.527333e-06,3.0372967e-06,-0.011013763,0.01683281,-0.043813284,4927,4927,0,0,1,1
511441184,511440894,2490378,2490378,1.8900266e-05,-7.850107e-06,4.7051262e-06,-0.011027194,0.016959291,-0.043845084,4926,4926,0,0,1,1
511938743,511938448,2490378,2490378,7.956876e-05,-8.407001e-06,1.1127537e-05,-0.010986468,0.016707547,-0.043882914,4926,4926,0,0,1,1
512441220,512440928,2490378,2490378,3.285038e-05,-5.038711e-06,1.0218063e-05,-0.011025431,0.016829884,-0.043912504,4927,4927,0,0,1,1
512938832,512938481,2490378,2490378,-5.706169e-06,-9.173758e-06,1.0408605e-06,-0.010967479,0.01680499,-0.04383722,4926,4926,0,0,1,1
513441271,513440961,2490378,2490378,-6.5016507e-06,-3.3206366e-06,1.3327395e-06,-0.010972752,0.016730996,-0.043881025,4926,4926,0,0,1,1
513943749,513943442,2490378,2490378,-6.994871e-05,-1.1199249e-05,-4.2461505e-07,-0.010999573,0.016599411,-0.043939997,4927,4927,0,0,1,1
514441293,514440996,2490378,2490378,7.4126074e-06,-8.968222e-06,1.3281724e-06,-0.011050155,0.016824432,-0.043780457,4927,4927,0,0,1,1
514938835,514938550,2490378,2490378,1.1501906e-05,-4.6913196e-06,9.157294e-06,-0.010967439,0.01682092,-0.04386783,4927,4927,0,0,1,1
515441316,515441030,2490378,2490378,-4.3920096e-05,-1.5888809e-06,-1.1435339e-08,-0.0110064065,0.016764224,-0.043922376,4926,4926,0,0,1,1
515938925,515938584,2490378,2490378,-0.00023109428,-8.533667e-06,-1.9717621e-05,-0.010991591,0.016716667,-0.043924212,4926,4926,0,0,1,1
516441354,516441065,2490378,2490378,-6.8075926e-05,-6.564137e-06,-4.3333257e-06,-0.011052596,0.016676845,-0.043972097,4926,4926,0,0,1,1
516943845,516943546,2490378,2490378,5.474794e-05,-3.2197963e-06,1.2618477e-05,-0.011017121,0.01663502,-0.043934137,4927,4927,0,0,1,1
517441389,517441100,2490378,2490378,-1.0646892e-05,-4.5476627e-06,3.1605045e-06,-0.010962981,0.016511776,-0.04368037,4926,4926,0,0,1,1
517938987,517938655,2490378,2490378,-1.7649214e-05,-1.0299508e-05,7.005032e-06,-0.010975877,0.016677707,-0.04383116,4926,4926,0,0,1,1
518441419,518441136,2490378,2490378,-1.1839165e-05,-6.81803e-06,4.605449e-06,-0.011011611,0.016903397,-0.04381419,4926,4926,0,0,1,1
518938983,518938691,2490378,2490378,-3.3969387e-05,-1.0503588e-05,-1.7465637e-06,-0.010981592,0.016887685,-0.043785784,4927,4927,0,0,1,1
519441467,519441172,2490378,2490378,6.285135e-06,-8.001972e-06,2.691813e-06,-0.011041837,0.016862266,-0.043897558,4926,4926,0,0,1,1
519939196,519938727,2490378,2490378,-6.4555985e-05,-8.954482e-06,-3.7401517e-06,-0.011049242,0.016741602,-0.043971475,4926,4926,0,0,1,1
520441498,520441208,2490378,2490378,-1.51250315e-05,-7.268466e-06,8.62086e-06,-0.011007985,0.016787583,-0.043875135,4926,4926,0,0,1,1
520944014,520943690,2490378,2490378,5.7198307e-05,-7.956989e-06,1.1823997e-05,-0.011010982,0.016727388,-0.04387819,4927,4927,0,0,1,1
521436615,521436319,2490378,2490378,0.00017619359,-3.0233493e-06,2.197705e-05,-0.011022378,0.016742066,-0.0438438,4927,4927,0,0,1,1
521939092,521938800,2490378,2490378,0.0001343183,-5.997832e-06,1.3277233e-05,-0.010976558,0.016794205,-0.04388861,4926,4926,0,0,1,1
522441572,522441282,2490378,2490378,7.3918876e-05,-4.8600477e-06,9.425135e-06,-0.011026924,0.01692345,-0.043834306,4926,4926,0,0,1,1
522939125,522938837,2490378,2490378,7.788497e-05,-6.666561e-06,1.5861142e-05,-0.01102653,0.016299838,-0.04409356,4926,4926,0,0,1,1
523441613,523441319,2490378,2490378,-0.000102197955,-1.5295628e-06,-1.1556913e-05,-0.0111068515,0.016656812,-0.04393655,4926,4926,0,0,1,1
523939528,523938875,2490378,2490378,-9.5505035e-05,-6.6543626e-06,-4.308853e-06,-0.011010048,0.016781054,-0.04399258,4926,4926,0,0,1,1
524441650,524441357,2490378,2490378,-2.9509849e-05,-1.2358489e-05,4.734755e-06,-0.011036752,0.01670501,-0.043897215,4926,4926,0,0,1,1
524939248,524938913,2490378,2490378,-0.00013006746,-2.301776e-05,1.7054836e-05,-0.011197365,0.016896186,-0.04401114,4926,4926,0,0,1,1
525441685,525441395,2490378,2490378,-1.0009284e-05,-1.3148614e-05,5.0751737e-06,-0.011013642,0.016976852,-0.0438196,4926,4926,0,0,1,1
525939346,525938951,2490378,2490378,-3.718117e-05,-8.337321e-06,-4.8114083e-07,-0.011042335,0.01698212,-0.043801047,4926,4926,0,0,1,1
526441739,526441434,2490378,2490378,-1.7400698e-05,-3.7810014e-06,4.4901262e-07,-0.011018054,0.01703487,-0.04375196,4927,4927,0,0,1,1
526939296,526938990,2490378,2490378,1.4615979e-05,-5.0315202e-06,2.672298e-06,-0.011025384,0.016968831,-0.04380436,4926,4926,0,0,1,1
527441764,527441472,2490378,2490378,1.1485632e-05,-1.43816e-05,6.3041048e-06,-0.01096612,0.016886283,-0.04380349,4926,4926,0,0,1,1
527944354,527943955,2490378,2490378,-7.5769462e-06,-3.68689e-06,5.002988e-06,-0.011013392,0.01693129,-0.043787178,4926,4926,0,0,1,1
528436905,528436585,2490378,2490378,1.52355005e-05,-7.2169205e-06,7.1119166e-06,-0.011062325,0.01702147,-0.043739267,4926,4926,0,0,1,1
528939394,528939068,2490378,2490378,1.5244842e-05,-5.072846e-06,8.324243e-06,-0.011030162,0.017010465,-0.043750446,4926,4926,0,0,1,1
529441840,529441551,2490378,2490378,-1.2974686e-05,-4.1182057e-06,3.6343642e-06,-0.011063861,0.017074028,-0.04373763,4927,4927,0,0,1,1
529939477,529939107,2490378,2490378,-2.2681652e-05,-5.160969e-06,7.5669104e-06,-0.011046948,0.017092798,-0.043767653,4926,4926,0,0,1,1
530441870,530441590,2490378,2490378,1.03862385e-05,-1.4527305e-06,6.208083e-06,-0.0110608535,0.017091773,-0.043739796,4926,4926,0,0,1,1
530939447,530939147,2490378,2490378,-6.44025e-05,-5.7914503e-06,-1.9350582e-06,-0.011054881,0.017017556,-0.043777496,4926,4926,0,0,1,1
531441962,531441630,2490378,2490378,6.0695265e-06,-2.5140323e-06,4.5642023e-06,-0.011066736,0.016988613,-0.043726552,4926,4926,0,0,1,1
531939487,531939187,2490378,2490378,-1.3923451e-05,-3.7348982e-06,4.0399364e-06,-0.011012664,0.017021634,-0.043758545,4926,4926,0,0,1,1
532437033,532436744,2490378,2490378,1.4566092e-05,-1.8847888e-06,6.2742242e-06,-0.011046519,0.01699908,-0.04378098,4926,4926,0,0,1,1
532939513,532939228,2490378,2490378,0.00031848092,-7.98797e-06,4.2831394e-05,-0.011055866,0.01700959,-0.04378778,4927,4927,0,0,1,1
533441999,533441711,2490378,2490378,-9.518654e-05,-3.492382e-06,-3.7708091e-06,-0.011002326,0.016711595,-0.04386777,4925,4925,0,0,1,1
533939545,533939268,2490378,2490378,-0.00014280136,-9.43256e-07,-6.3138264e-06,-0.011076176,0.016944759,-0.04380814,4926,4926,0,0,1,1
534442051,534441752,2490378,2490378,1.6363114e-05,-1.03384494e-07,2.3910823e-06,-0.011067775,0.017070865,-0.04377172,4926,4926,0,0,1,1
534939635,534939309,2490378,2490378,5.8732494e-06,-9.751041e-06,9.532133e-06,-0.011050158,0.017147431,-0.043695003,4926,4926,0,0,1,1
535437151,535436867,2490378,2490378,-3.980776e-05,-1.3621768e-05,2.9496728e-06,-0.011101021,0.017138114,-0.043705605,4927,4927,0,0,1,1
535939632,535939351,2490378,2490378,1.5849748e-05,-2.199556e-06,7.3354245e-06,-0.011032257,0.017072229,-0.043768503,4927,4927,0,0,1,1
536442134,536441834,2490378,2490378,-2.335918e-05,-6.5169634e-06,2.50087e-06,-0.011062674,0.017092979,-0.04379588,4926,4926,0,0,1,1
536939686,536939392,2490378,2490378,-6.957589e-05,-3.7168245e-06,-7.2708276e-06,-0.011046432,0.01688581,-0.043769248,4926,4926,0,0,1,1
537442139,537441876,2490378,2490378,-4.743904e-05,2.579554e-06,-3.85431e-06,-0.011031472,0.01729866,-0.043694187,4926,4926,0,0,1,1
537939722,537939434,2490378,2490378,-1.7285439e-06,-8.078433e-07,8.430303e-06,-0.0110378945,0.017124526,-0.043704346,4926,4926,0,0,1,1
538442202,538441918,2490378,2490378,-0.00012243321,-7.155697e-06,-8.070791e-06,-0.011174057,0.016990619,-0.04372321,4926,4926,0,0,1,1
538939761,538939477,2490378,2490378,7.2141816e-06,-6.095946e-06,7.675108e-06,-0.011139764,0.017305447,-0.043621607,4927,4927,0,0,1,1
539437315,539437035,2490378,2490378,-4.001507e-05,-8.337934e-06,-3.929998e-06,-0.011070598,0.01723363,-0.04365434,4927,4927,0,0,1,1
539939806,539939519,2490378,2490378,1.7114604e-05,-7.2707644e-06,7.5891485e-06,-0.011266315,0.017064715,-0.04373331,4926,4926,0,0,1,1
540442205,540442004,2490378,2490378,0.00011304269,-5.859526e-06,1.6261467e-05,-0.011106148,0.017086918,-0.04378354,4927,4927,0,0,1,1
540939852,540939562,2490378,2490378,-2.3428196e-05,-5.172161e-06,-1.0602315e-06,-0.011129108,0.017054666,-0.043740332,4926,4926,0,0,1,1
541442364,541442047,2490378,2490378,6.649469e-05,-3.2684247e-07,3.8243106e-06,-0.011080562,0.017010184,-0.043722853,4926,4926,0,0,1,1
541939884,541939605,2490378,2490378,8.906146e-05,-9.513667e-06,1.2189613e-05,-0.011096491,0.017235724,-0.04381499,4926,4926,0,0,1,1
542437457,542437164,2490378,2490378,0.00018285854,1.0888552e-06,-3.463761e-05,-0.011094151,0.015931275,-0.044242416,4927,4927,0,0,1,1
542939929,542939649,2490378,2490378,0.0015612299,0.0012777111,-0.00055872643,-0.011923775,0.018064579,-0.047461376,4927,4927,0,0,1,1
543442419,543442134,2490378,2490378,0.00021270342,0.0002674513,8.045072e-05,-0.007725379,0.00724638,-0.052510124,4926,4926,0,0,1,1
543939972,543939693,2490378,2490378,0.0033359332,0.0015244787,0.000105484505,-0.0027148968,-0.0009309933,-0.054104473,4927,4927,0,0,1,1
544442457,544442178,2490378,2490378,0.0018753087,-0.0016320151,-0.0014304505,0.007369607,-0.01135003,-0.038661815,4926,4926,0,0,1,1
544940046,544939737,2490378,2490378,0.0023154377,-0.0015811158,-0.0018574067,-0.009403829,-0.020847684,-0.036388505,4926,4926,0,0,1,1
545442508,545442222,2490378,2490378,0.0038582198,-0.0014264941,-0.0004088918,-0.012993369,-0.04993479,-0.03880307,4925,4925,0,0,1,1
545940059,545939781,2490378,2490378,0.0012709788,-0.0019500162,0.0011356086,-0.012117784,-0.03689646,-0.018295659,4926,4926,0,0,1,1
546437632,546437340,2490378,2490378,0.0015037226,-0.0011494999,-0.00085946475,-0.020036673,-0.04018788,-0.011962665,4926,4926,0,0,1,1
546940106,546939826,2490378,2490378,0.004008775,0.00010785824,-0.0026786781,-0.013679199,-0.0451398,0.004288304,4927,4927,0,0,1,1
547442595,547442311,2490378,2490378,0.0018338829,0.0004396977,-0.0016342031,-0.00033679893,-0.04466108,0.016786618,4926,4926,0,0,1,1
547940183,547939870,2490378,2490378,0.0014421744,0.00016060134,-0.00073632033,0.00372629,-0.042926304,0.021739762,4927,4927,0,0,1,1
548442664,548442355,2490378,2490378,-0.003245341,-0.00044379657,0.0029168734,0.0021587245,-0.041612983,0.020501329,4927,4927,0,0,1,1
548940193,548939914,2490378,2490378,-0.0072862054,-0.0030982753,0.0035095261,-0.015875397,-0.053165764,-0.0074714203,4927,4927,0,0,1,1
549437776,549437472,2490378,2490378,-0.0009390959,-0.002464389,0.0003713957,-0.023725713,-0.03731847,-0.013983261,4926,4926,0,0,1,1
549940236,549939957,2490378,2490378,-0.001603484,0.00038422484,-0.00070885074,-0.014336094,-0.045389414,-0.015154381,4926,4926,0,0,1,1
550437817,550437515,2490378,2490378,-0.00044475385,-3.3086642e-05,0.00082766835,-0.015595354,-0.04139524,-0.01315045,4926,4926,0,0,1,1
550940280,550940000,2490378,2490378,-0.0025681672,-0.0007544033,0.00024548365,-0.02379908,-0.029970909,-0.02497653,4926,4926,0,0,1,1
551442948,551442485,2490378,2490378,0.0037379218,-0.00040406236,-0.00060534326,-0.021402149,-0.036186952,-0.014145834,4926,4926,0,0,1,1
551940333,551940044,2490378,2490378,-0.0004313635,-0.0019375995,0.00019447174,-0.016751163,-0.04410895,-0.025954485,4926,4926,0,0,1,1
552442815,552442529,2490378,2490378,-0.0012035707,-0.0012488543,-0.00041574362,-0.024657454,-0.03858785,-0.016688427,4926,4926,0,0,1,1
552940370,552940088,2490378,2490378,-0.0015271131,0.0014291726,0.0013777793,-0.025269538,-0.03516096,-0.015737409,4926,4926,0,0,1,1
553438087,553437647,2490378,2490378,-0.0019373785,0.00059985596,-0.00013912944,-0.028279398,-0.034153067,-0.031323977,4927,4927,0,0,1,1
553940412,553940132,2490378,2490378,-0.000943574,-0.000813769,-0.00030095907,-0.020881485,-0.0293913,-0.028303482,4927,4927,0,0,1,1
554442899,554442617,2490378,2490378,0.0004328551,-0.0015587514,5.0280883e-05,-0.02618704,-0.026481176,-0.025947899,4926,4926,0,0,1,1
554940457,554940176,2490378,2490378,-0.003647919,0.00035470404,-0.00076330337,-0.02452147,-0.036449894,-0.02030465,4926,4926,0,0,1,1
555443242,555442662,2490378,2490378,0.0016259593,0.0019428927,0.0023154737,-0.019876458,-0.030925017,-0.028579203,4927,4927,0,0,1,1
555940498,555940221,2490378,2490378,-0.00017935818,0.00036778254,-0.0016156059,-0.031035518,-0.03581469,-0.04168936,4927,4927,0,0,1,1
556438066,556437780,2490378,2490378,-0.0015688505,0.0010008864,-0.0018923059,-0.02424235,-0.030115599,-0.023703583,4927,4927,0,0,1,1
556940549,556940266,2490378,2490378,0.0009174459,-0.001219411,0.00060361624,-0.022791324,-0.038416743,-0.034805845,4927,4927,0,0,1,1
557438438,557437826,2490378,2490378,0.0021794501,0.0036099774,0.002801929,-0.01744857,-0.029756535,-0.030071016,4927,4927,0,0,1,1
557940622,557940310,2490378,2490378,0.00042768745,0.00090797397,-0.0005118681,-0.03802076,-0.022364257,-0.026726877,4926,4926,0,0,1,1
558443144,558442798,2490378,2490378,-0.0029032356,-0.0014872551,-0.0019929032,-0.027878832,-0.031822123,-0.012555032,4928,4928,0,0,1,1
558940641,558940355,2490378,2490378,-0.00443082,-0.002433766,0.0021350966,-0.02696684,-0.01236115,-0.0253711,4926,4926,0,0,1,1
559443420,559442841,2490378,2490378,-0.0031968027,6.687213e-05,-0.0022714653,-0.039584737,-0.0072832205,-0.03913705,4927,4927,0,0,1,1
559940680,559940400,2490378,2490378,-0.0033317772,-0.0006157938,-0.00023715814,-0.03449891,-0.0036986577,-0.026506202,4926,4926,0,0,1,1
560438287,560437959,2490378,2490378,0.00039553962,0.00092967844,0.000758223,-0.028768824,0.0021403278,-0.038390033,4926,4926,0,0,1,1
560940728,560940444,2490378,2490378,-0.0018662552,0.0024560343,-0.002455537,-0.027208485,-0.004598562,-0.041863937,4926,4926,0,0,1,1
561438806,561438003,2490378,2490378,-0.0021488261,-0.00014742556,-0.0011777306,-0.027930357,-0.0027620976,-0.03866107,4926,4926,0,0,1,1
561940792,561940488,2490378,2490378,2.2599052e-05,0.0006687293,-0.0007130549,-0.028035067,-0.00015569422,-0.0411067,4926,4926,0,0,1,1
562443284,562442974,2490378,2490378,0.00039022628,-0.000102952596,-0.000669779,-0.02192993,-0.00042738384,-0.041994642,4927,4927,0,0,1,1
562940814,562940532,2490378,2490378,-0.0006959244,-0.00064685405,-0.00092133175,-0.023220241,-0.0036209393,-0.044916954,4926,4926,0,0,1,1
563438461,563438091,2490378,2490378,0.0002747623,-0.000528149,-0.0007275909,-0.024111306,-0.0022348687,-0.041783947,4926,4926,0,0,1,1
563940885,563940576,2490378,2490378,0.00073656614,-2.4632232e-05,-0.00042981096,-0.02927493,-0.011270311,-0.0389746,4926,4926,0,0,1,1
564438465,564438135,2490378,2490378,-0.00042324705,4.5369612e-05,-0.0009761861,-0.025238551,-0.0077358335,-0.041750565,4927,4927,0,0,1,1
564940906,564940620,2490378,2490378,-0.00033190643,-0.0010153584,-0.0007149789,-0.021211889,-0.00924768,-0.04008893,4927,4927,0,0,1,1
565443403,565443105,2490378,2490378,0.0003654617,-0.00016137015,-0.0035221518,-0.025659846,-0.011410489,-0.038632266,4927,4927,0,0,1,1
565940953,565940663,2490378,2490378,-0.00016063622,-0.0013847045,-0.0005843151,-0.024699042,-0.02225377,-0.034026418,4926,4926,0,0,1,1
566443459,566443148,2490378,2490378,-0.001157905,0.00038152002,-0.00013183683,-0.026107898,-0.018802779,-0.036359992,4926,4926,0,0,1,1
566940999,566940706,2490378,2490378,-0.00031478624,-7.904697e-05,0.0005691715,-0.025292866,-0.014471083,-0.037089296,4926,4926,0,0,1,1
567438604,567438265,2490378,2490378,0.00022570489,0.00065747084,0.000402853,-0.026383117,-0.011722406,-0.040714253,4926,4926,0,0,1,1
567941036,567940749,2490378,2490378,-0.0007366325,0.0060609663,-0.0002261507,-0.014042874,-0.009342024,-0.036710583,4926,4926,0,0,1,1
568438621,568438308,2490378,2490378,-0.0016407515,0.0030346161,-0.001248774,0.0052188076,-0.0042805257,-0.05421257,4926,4926,0,0,1,1
568941089,568940792,2490378,2490378,-0.0017314088,-0.0047530294,-0.0013394096,0.00015789074,0.008380456,-0.050835405,4926,4926,0,0,1,1
569443564,569443276,2490378,2490378,0.0036392778,0.0021677208,-0.0005116258,-0.0033236872,0.0013386755,-0.046260748,4926,4926,0,0,1,1
569941124,569940834,2490378,2490378,0.0010344117,-0.0005150453,0.0018061817,-0.0042493967,-0.010135062,-0.04665216,4926,4926,0,0,1,1
570438685,570438392,2490378,2490378,0.0023133305,-0.00042786644,0.00015865681,-0.0089126695,-0.017243383,-0.047992546,4927,4927,0,0,1,1
570941173,570940876,2490378,2490378,0.002990871,0.0003398992,0.0011970496,-0.011336609,-0.021779701,-0.0392853,4926,4926,0,0,1,1
571438735,571438434,2490378,2490378,0.0011750135,0.0031986486,0.0007584714,-0.00163543,-0.030547336,-0.032344148,4927,4927,0,0,1,1
