timestamp,nav_state,failure
152399307,0,0
152928615,0,0
152963870,15,0
153466603,15,0
153975382,15,0
154482703,15,0
154983093,15,0
155491868,15,0
156000533,15,0
156507719,15,0
157008164,15,0
157516831,15,0
158025737,15,0
158531717,15,0
159033193,15,0
159542034,15,0
160049744,15,0
160555690,15,0
161058554,15,0
161567126,15,0
162073735,15,0
162574722,15,0
163083442,15,0
163591712,15,0
164097692,15,0
164599891,15,0
165108670,15,0
165615693,15,0
166116287,15,0
166624987,15,0
167134414,15,0
167640722,15,0
168141361,15,0
168650056,15,0
169159183,15,0
169664818,15,0
170166392,15,0
170675187,15,0
171184002,15,0
171689738,15,0
172191497,15,0
172701408,15,0
173202951,15,0
173715230,15,0
174257061,15,0
174798913,15,0
175311190,15,0
175823531,15,0
176365247,15,0
176877538,15,0
177380088,15,0
177892181,15,0
178404459,15,0
178946282,15,0
179468411,15,0
180010263,15,0
180522503,15,0
181032723,15,0
181538875,15,0
182039672,15,0
182550693,15,0
183054403,15,0
183562695,15,0
184069149,15,0
184571693,15,0
185080693,15,0
185586694,15,0
186088593,15,0
186598710,15,0
187104690,15,0
187605669,15,0
188116694,15,0
188620656,15,0
189128733,15,0
189432110,3,0
189989736,3,0
190492117,3,0
190994558,3,0
191506827,3,0
192009200,3,0
192521500,3,0
193023859,3,0
193526267,3,0
194038830,3,0
194541131,3,0
195043326,3,0
195555777,3,0
196058405,3,0
196560603,3,0
197072978,3,0
197575156,3,0
198087337,3,0
198589847,3,0
199092209,3,0
199604747,3,0
200106797,3,0
200609205,3,0
201121668,3,0
201624142,3,0
202126305,3,0
202638655,3,0
203141214,3,0
203653307,3,0
204156038,3,0
204658160,3,0
205170493,3,0
205672827,3,0
206175358,3,0
206687659,3,0
207189825,3,0
207692285,3,0
208204494,3,0
208706872,3,0
209219208,3,0
209721568,3,0
210224077,3,0
210736271,3,0
211238751,3,0
211741052,3,0
212253313,3,0
212755736,3,0
213267978,3,0
213770705,3,0
214273036,3,0
214785203,3,0
215287416,3,0
215789987,3,0
216302145,3,0
216804546,3,0
217316860,3,0
217819340,3,0
218321665,3,0
218834094,3,0
219336573,3,0
219838698,3,0
220350856,3,0
220853415,3,0
221365506,3,0
221868216,3,0
222370372,3,0
222882721,3,0
223385005,3,0
223897318,3,0
224399940,3,0
224902181,3,0
225414502,3,0
225916781,3,0
226419566,3,0
226931543,3,0
227433894,3,0
227946040,3,0
228448431,3,0
228950821,3,0
229463045,3,0
229965538,3,0
230467917,3,0
230980256,3,0
231482502,3,0
231984922,3,0
232497249,3,0
232999641,3,0
233512091,3,0
234014628,3,0
234516715,3,0
235028896,3,0
235531549,3,0
236033948,3,0
236545976,3,0
237048503,3,0
237550754,3,0
238063213,3,0
238565389,3,0
239078073,3,0
239580171,3,0
240082621,3,0
240594822,3,0
241097155,3,0
241599542,3,0
242111723,3,0
242614355,3,0
243126529,3,0
243629141,3,0
244131160,3,0
244643387,3,0
245145828,3,0
245648325,3,0
246160871,3,0
246662852,3,0
247175158,3,0
247677573,3,0
248180056,3,0
248692156,3,0
249194734,3,0
249697062,3,0
250209192,3,0
250711590,3,0
251214132,3,0
251727122,3,0
252228770,3,0
252740937,3,0
253243604,3,0
253745619,3,0
254258068,3,0
254760322,3,0
255262736,3,0
255774969,3,0
256277343,3,0
256779875,3,0
257291970,3,0
257794740,3,0
258306548,3,0
258809423,3,0
259311354,3,0
259823671,3,0
260326350,3,0
260828763,3,0
261340786,3,0
261843130,3,0
262345537,3,0
262887203,3,0
263389713,3,0
263892166,3,0
264404269,3,0
264906754,3,0
265419024,3,0
265921342,3,0
266423709,3,0
266936164,3,0
267438708,3,0
267940735,3,0
268453021,3,0
268955383,3,0
269457963,3,0
269970079,3,0
270472339,3,0
270984756,3,0
271486956,3,0
271989468,3,0
272501714,3,0
273004432,3,0
273516301,3,0
274019068,3,0
274299279,15,0
274815691,15,0
275319159,15,0
275828721,15,0
276334709,15,0
276836164,15,0
277348410,15,0
277853729,15,0
278359714,15,0
278866765,15,0
279367609,15,0
279878758,15,0
280382285,15,0
280890708,15,0
281397027,15,0
281899233,15,0
282408700,15,0
282914695,15,0
283416321,15,0
283926692,15,0
284432763,15,0
284933485,15,0
285444711,15,0
285947952,15,0
286456702,15,0
286962711,15,0
287464895,15,0
287974691,15,0
288480690,15,0
288982147,15,0
289492696,15,0
289996742,15,0
290498994,15,0
291011166,15,0
291513681,15,0
292022735,15,0
292528706,15,0
293030549,15,0
293540736,15,0
294045250,15,0
294547576,15,0
295058715,15,0
295562176,15,0
296070709,15,0
296577013,15,0
297079723,15,0
297588692,15,0
298094692,15,0
298596493,15,0
299106690,15,0
299610889,15,0
300113230,15,0
300624692,15,0
301127917,15,0
301636691,15,0
302142760,15,0
302644888,15,0
303154696,15,0
303660721,15,0
304162012,15,0
304672692,15,0
305176551,15,0
305678936,15,0
306191176,15,0
306693523,15,0
307203707,15,0
307709690,15,0
308210545,15,0
308721692,15,0
309225151,15,0
309733706,15,0
310240046,15,0
310742088,15,0
311251702,15,0
311757696,15,0
312259175,15,0
312769693,15,0
313273751,15,0
313776223,15,0
314287711,15,0
314791364,15,0
315299741,15,0
315805696,15,0
316307716,15,0
316817715,15,0
317323701,15,0
317824727,15,0
318335719,15,0
318839553,15,0
319347691,15,0
319854059,15,0
320356344,15,0
320865972,15,0
321371761,15,0
321903209,15,0
322405238,15,0
322907608,15,0
323419960,15,0
323922344,15,0
324424668,15,0
324937183,15,0
325012987,0,0
325527955,0,0
326030324,0,0
326541974,0,0
327044921,0,0
327554692,0,0
328060687,0,0
328562051,0,0
329072715,0,0
329576603,0,0
330079058,0,0
330591160,0,0
331093721,0,0
331603716,0,0
332109687,0,0
332610547,0,0
333121686,0,0
333625216,0,0
334133779,0,0
334640101,0,0
335142235,0,0
335651713,0,0
336158087,0,0
336659343,0,0
337169688,0,0
337675716,0,0
338176339,0,0
338687719,0,0
339190946,0,0
339699688,0,0
340205717,0,0
340708015,0,0
341217690,0,0
341723725,0,0
342225057,0,0
342735687,0,0
343241845,0,0
343742256,0,0
344253702,0,0
344756970,0,0
345265689,0,0
345771686,0,0
346273710,0,0
346783701,0,0
347290692,0,0
347796699,0,0
348303171,0,0
348805370,0,0
349314962,0,0
349820714,0,0
350322487,0,0
350832690,0,0
351338714,0,0
351840193,0,0
352350687,0,0
352854214,0,0
353362717,0,0
353868774,0,0
354371130,0,0
354881843,0,0
355385834,0,0
355888245,0,0
356399744,0,0
356903086,0,0
357411687,0,0
357917720,0,0
358419945,0,0
358929688,0,0
359435846,0,0
359937325,0,0
360448174,0,0
360953805,0,0
361454157,0,0
361966341,0,0
362468659,0,0
362977688,0,0
363483696,0,0
363985751,0,0
364495825,0,0
365001701,0,0
365502835,0,0
366013712,0,0
366517612,0,0
367019944,0,0
367532233,0,0
368034683,0,0
368543738,0,0
369049691,0,0
369551658,0,0
370061743,0,0
370567707,0,0
371068666,0,0
371579691,0,0
372083543,0,0
372592805,0,0
373098686,0,0
373600618,0,0
374110690,0,0
374616707,0,0
375117525,0,0
375628691,0,0
376132238,0,0
376640715,0,0
377147204,0,0
377649189,0,0
378158745,0,0
378664726,0,0
379166378,0,0
379676753,0,0
380182686,0,0
380683468,0,0
381194732,0,0
381698175,0,0
382206687,0,0
382712824,0,0
383215164,0,0
383724691,0,0
384230711,0,0
384732444,0,0
385242702,0,0
385748725,0,0
386249326,0,0
386760687,0,0
387264063,0,0
387772687,0,0
388278782,0,0
388781177,0,0
389290688,0,0
389796687,0,0
390298254,0,0
390808687,0,0
391313055,0,0
391815333,0,0
392326690,0,0
392830193,0,0
393338713,0,0
393844763,0,0
394347091,0,0
394856769,0,0
395362718,0,0
395864204,0,0
396374688,0,0
396880700,0,0
397381226,0,0
397892735,0,0
398395941,0,0
398904689,0,0
399410782,0,0
399913016,0,0
400422687,0,0
400928711,0,0
401430216,0,0
401940688,0,0
402446725,0,0
402947204,0,0
403458698,0,0
403962281,0,0
404470702,0,0
404976693,0,0
405479095,0,0
405988708,0,0
406494687,0,0
406996164,0,0
407506686,0,0
408012702,0,0
408513317,0,0
409024699,0,0
409528264,0,0
410036971,0,0
410542727,0,0
411045181,0,0
411554689,0,0
412060687,0,0
412562231,0,0
413072712,0,0
413576947,0,0
414079417,0,0
414590782,0,0
415094057,0,0
415602687,0,0
416108901,0,0
416611389,0,0
417120737,0,0
417626725,0,0
418128436,0,0
418638686,0,0
419145084,0,0
419645415,0,0
420156693,0,0
420660194,0,0
421168689,0,0
421674928,0,0
422177703,0,0
422686865,0,0
423192693,0,0
423694511,0,0
424204686,0,0
424710686,0,0
425211587,0,0
425722702,0,0
426226294,0,0
426728963,0,0
427241255,0,0
427743430,0,0
428253139,0,0
428758771,0,0
429260869,0,0
429770711,0,0
430277745,0,0
430783700,0,0
431290074,0,0
431792526,0,0
432301700,0,0
432807686,0,0
433309611,0,0
433819930,0,0
434325838,0,0
434827189,0,0
435337696,0,0
435843698,0,0
436344047,0,0
436856383,0,0
437358715,0,0
437867716,0,0
438373697,0,0
438875998,0,0
439385869,0,0
439891692,0,0
440393066,0,0
440903724,0,0
441409687,0,0
441910612,0,0
442421725,0,0
442925016,0,0
443433728,0,0
443939790,0,0
444442143,0,0
444951687,0,0
