timestamp,timestamp_sample,time_last_fuse,device_id,observation,observation_variance,innovation,innovation_filtered,innovation_variance,test_ratio,test_ratio_filtered,estimator_instance,innovation_rejected,fused
78544884,78352366,78357036,0,-36.067116,12.359792,0.13070679,0.23909567,12.383286,5.518491e-05,0.00025227768,1,0,1
79066799,78870829,78879184,0,-36.30401,12.359854,0.1699295,0.21961404,12.383802,9.327034e-05,0.00020035366,1,0,1
79579333,79389432,79391481,0,-36.567703,12.359749,0.16238403,0.13662522,12.383765,8.517143e-05,0.00011943929,1,0,1
80042378,79851079,79854518,0,-36.344162,12.359787,-0.27253723,-0.03660219,12.384606,0.00023989956,-2.3512333e-05,1,0,1
80564479,80371767,80376666,0,-36.69593,12.359848,0.024864197,-0.10157809,12.3844185,1.9967938e-06,-7.373205e-05,1,0,1
81027358,80830921,80839704,0,-36.742874,12.359879,0.03337097,-0.071208864,12.385832,3.5964376e-06,-4.2930787e-05,1,0,1
81539885,81349282,81352000,0,-36.741432,12.359772,0.21753693,0.017845698,12.3874,0.0001528079,7.5678013e-06,1,0,1
82061804,81867830,81874149,0,-36.420204,12.359834,0.03560257,0.047838077,12.387332,4.09303e-06,2.57239e-05,1,0,1
82524801,82330022,82337187,0,-36.43232,12.359871,0.118377686,0.074973725,12.38781,4.52486e-05,3.5704066e-05,1,0,1
83037138,82848584,82849484,0,-36.4405,12.35976,0.31578064,0.1713771,12.387294,0.00032199905,0.00013054926,1,0,1
83559502,83367132,83371633,0,-36.489853,12.359821,0.21023941,0.16251785,12.387017,0.00014273205,0.00012468219,1,0,1
84022281,83828659,83834670,0,-36.3394,12.359858,0.1425476,0.2298973,12.387667,6.5613065e-05,0.0002086922,1,0,1
84544771,84347474,84356820,0,-36.56897,12.359919,0.3426628,0.2975828,12.388589,0.00037911598,0.00034489026,1,0,1
85056732,84865930,84869117,0,-36.766533,12.359813,0.518219,0.3956713,12.388113,0.0008671246,0.00056143507,1,0,1
85520251,85324864,85332155,0,-36.8469,12.35985,0.5661049,0.38669485,12.388022,0.001034789,0.00053935574,1,0,1
86032055,85843638,85844452,0,-36.86988,12.359742,0.6277695,0.46385133,12.386862,0.001272621,0.00078615145,1,0,1
86554204,86363473,86366600,0,-36.82869,12.359803,0.58608246,0.49067628,12.385937,0.001109299,0.00084363885,1,0,1
87076616,86882066,86888751,0,-36.544792,12.359859,0.36520386,0.40791097,12.386661,0.0004307016,0.00058232783,1,0,1
87539396,87343874,87351787,0,-36.49478,12.359893,0.2987175,0.4053132,12.386542,0.0002881584,0.0005730203,1,0,1
88051731,87862432,87864084,0,-36.639076,12.359783,0.40921783,0.35243866,12.385615,0.00054081844,0.00044551387,1,0,1
88573865,88380968,88386232,0,-36.3608,12.359842,0.09931183,0.29923838,12.384976,3.1854204e-05,0.00034409086,1,0,1
89036886,88842668,88849270,0,-36.662163,12.359874,0.38059998,0.27470955,12.385115,0.00046784015,0.00028663428,1,0,1
89549184,89361127,89361566,0,-36.622063,12.359767,0.31010437,0.25091603,12.384317,0.00031060158,0.0002360216,1,0,1
90071431,89879697,89883715,0,-36.414307,12.359828,0.08112717,0.21685943,12.383999,2.1258455e-05,0.00019076678,1,0,1
90534360,90338855,90346751,0,-36.68087,12.359861,0.33462143,0.17914043,12.384376,0.0003616541,0.00015521132,1,0,1
91047097,90857268,90859048,0,-36.622726,12.359753,0.25131607,0.18938714,12.384027,0.00020400395,0.00015778716,1,0,1
91568829,91375656,91381196,0,-36.46366,12.359816,0.0693779,0.14526169,12.383852,1.5546997e-05,0.00011838992,1,0,1
92032170,91837857,91844233,0,-36.46334,12.35985,0.046222687,0.06253418,12.384287,6.900799e-06,5.0547605e-05,1,0,1
92544318,92356430,92356529,0,-36.376266,12.35974,-0.06801605,0.024249204,12.383821,1.4942669e-05,2.529127e-05,1,0,1
93066289,92875169,92878677,0,-36.587784,12.359801,0.12221527,0.019820351,12.382925,4.8248934e-05,1.678383e-05,1,0,1
93529363,93337159,93341713,0,-36.49801,12.359838,0.012420654,0.040694278,12.383564,4.983142e-07,2.4168985e-05,1,0,1
94051461,93855864,93863861,0,-36.544968,12.359893,0.078697205,-0.012480365,12.383757,2.000443e-05,-3.2218459e-06,1,0,1
94563779,94374263,94376157,0,-36.47957,12.359785,0.006389618,0.0037952047,12.38348,1.3187639e-07,1.4943462e-06,1,0,1
95026817,94833443,94839193,0,-36.519485,12.35982,0.040412903,0.027440712,12.384012,5.275197e-06,1.692747e-05,1,0,1
95549144,95351853,95361341,0,-36.666794,12.359882,0.16075516,0.022207621,12.384922,8.346349e-05,7.804829e-06,1,0,1
96061243,95870758,95873637,0,-36.223495,12.359774,-0.2917061,-0.029857999,12.38472,0.0002748304,-3.1394582e-05,1,0,1
96524276,96332395,96336674,0,-36.354218,12.359809,-0.16120148,-0.03951881,12.385028,8.3926876e-05,-2.6226648e-05,1,0,1
97046438,96850737,96858821,0,-36.59749,12.359869,0.07726288,-0.0686744,12.384824,1.9280216e-05,-4.398023e-05,1,0,1
97558778,97369207,97371117,0,-36.647987,12.359762,0.11072159,-0.0847596,12.384221,3.959642e-05,-8.267931e-05,1,0,1
98021767,97830904,97834153,0,-36.674187,12.359798,0.12195969,-0.077063225,12.384569,4.804096e-05,-0.00010683728,1,0,1
98544147,98349680,98356300,0,-36.66333,12.359861,0.1309433,-0.103934534,12.385337,5.5375636e-05,-0.00013517633,1,0,1
99056196,98868058,98868596,0,-36.335945,12.3597555,-0.2624359,0.02120633,12.385202,0.00022243515,5.98382e-05,1,0,1
99519235,99327110,99331632,0,-36.03112,12.359794,-0.5661354,-0.104748785,12.385854,0.0010350818,-0.0001454845,1,0,1
100041478,99845610,99853780,0,-35.91012,12.359854,-0.80319977,-0.29048654,12.3857565,0.0020834573,-0.00051414006,1,0,1
100554213,100364039,100366075,0,-36.970627,12.359748,-0.48868942,-0.46727508,12.386312,0.00077122997,-0.00088572653,1,0,1
101075864,100882481,100888221,0,-36.718628,12.359814,-0.846714,-0.54816014,12.386744,0.0023151352,-0.0011368218,1,0,1
101539000,101344395,101351256,0,-36.567345,12.359854,-0.36838531,-0.50864476,12.3897705,0.00043812834,-0.00095501094,1,0,1
102051149,101863001,101863549,0,-35.723953,12.359747,-0.5310211,-0.5317439,12.390966,0.00091028714,-0.0010064061,1,0,1
102573355,102381363,102385693,0,-34.82602,12.359813,-1.1157074,-0.6860446,12.391128,0.0040183687,-0.0017847335,1,0,1
103036455,102843128,102848725,0,-35.30036,12.359852,-0.63755035,-0.6604641,12.391869,0.0013120554,-0.0016322023,1,0,1
103558513,103361486,103370867,0,-36.00741,12.359917,-0.05958557,-0.41247633,12.3907175,1.1461613e-05,-0.0008890748,1,0,1
104070804,103879935,103883158,0,-36.072235,12.359813,-0.012180328,-0.31282115,12.391347,4.7891615e-07,-0.0005229316,1,0,1
104533861,104339074,104346189,0,-35.78367,12.359852,-0.17784119,-0.3679164,12.39082,0.000102099744,-0.0006111653,1,0,1
105046090,104857658,104858478,0,-36.049126,12.359745,-0.10702896,-0.37667406,12.389109,3.6984737e-05,-0.0006614801,1,0,1
105568238,105376105,105380618,0,-36.2622,12.359807,-0.43159485,-0.3507894,12.387734,0.0006014792,-0.000547916,1,0,1
106031342,105837777,105843648,0,-36.82804,12.359841,-0.29491806,-0.2889714,12.387455,0.00028085403,-0.00042108976,1,0,1
106553478,106356178,106365787,0,-37.00818,12.359901,-0.41743088,-0.22289304,12.386367,0.0005627107,-0.00029952187,1,0,1
107065806,106874559,106878073,0,-37.15255,12.359797,-0.40270615,-0.23524278,12.386725,0.00052369694,-0.00027978246,1,0,1
107528770,107336309,107341101,0,-36.791954,12.359835,-0.89564896,-0.31798372,12.386587,0.0025905021,-0.00056173257,1,0,1
108051271,107854655,107863238,0,-37.60028,12.359892,-0.4003601,-0.30239457,12.385756,0.0005176534,-0.0004373509,1,0,1
108563197,108373058,108375523,0,-38.2341,12.359787,-0.18268204,-0.2605352,12.384053,0.000107792584,-0.00031344607,1,0,1
109026302,108832064,108838549,0,-38.13276,12.359822,-0.5124321,-0.17625706,12.384457,0.0008481168,-0.0002348447,1,0,1
109538473,109350504,109350832,0,-38.47666,12.359717,-0.32627487,-0.10069269,12.385237,0.0003438135,-0.0001295226,1,0,1
110060576,109869081,109872967,0,-38.87433,12.359779,0.018421173,-0.15013382,12.385104,1.0959604e-06,-0.00019630152,1,0,1
110523669,110330962,110335992,0,-38.79297,12.359817,-0.19202805,-0.10061697,12.385439,0.00011909071,-0.00012432343,1,0,1
111045729,110849401,110858126,0,-38.577446,12.359876,-0.4893837,-0.05738711,12.385277,0.00077348744,-8.456059e-05,1,0,1
111558015,111367992,111370408,0,-39.12783,12.359774,0.18532944,0.029274955,12.384669,0.000110933936,4.534649e-06,1,0,1
112080158,111886371,111892541,0,-38.728157,12.359834,0.14497757,-0.026485449,12.3857975,6.787935e-05,-5.847629e-05,1,0,1
112543397,112348113,112355564,0,-38.10144,12.359869,-0.09445572,-0.09414128,12.3857975,2.881327e-05,-8.267848e-05,1,0,1
113055460,112866488,112867844,0,-37.98076,12.359763,0.11792755,-0.06336013,12.38411,4.4918554e-05,-5.4415646e-05,1,0,1
113577790,113385166,113389976,0,-37.964897,12.359827,0.23825836,-0.049936753,12.384012,0.0001833559,-6.5220884e-05,1,0,1
114040596,113844089,113852997,0,-37.519608,12.359859,-0.18912506,-0.047284704,12.384504,0.000115525945,-4.7711248e-05,1,0,1
114552974,114362497,114365275,0,-37.620636,12.359755,-0.10832977,0.015317653,12.384019,3.790479e-05,1.2630843e-05,1,0,1
115075004,114880862,114887405,0,-38.058815,12.359817,0.14778137,0.087693445,12.383921,7.054093e-05,8.154306e-05,1,0,1
115538377,115342639,115350425,0,-38.640038,12.359854,0.4844818,0.14325538,12.384438,0.00075812126,0.00018235436,1,0,1
116050307,115861148,115862702,0,-38.74289,12.359748,0.29833984,0.21560161,12.384206,0.00028748446,0.00026441438,1,0,1
116572436,116379563,116384829,0,-38.60785,12.359812,0.15876389,0.28682354,12.384104,8.141396e-05,0.00035952803,1,0,1
117035445,116841261,116847848,0,-38.710915,12.359846,0.34008026,0.324333,12.384609,0.00037354295,0.0004087792,1,0,1
117548136,117359751,117360124,0,-38.860924,12.359742,0.5586357,0.29796335,12.3842,0.0010079741,0.00040096944,1,0,1
118069938,117878039,117882250,0,-38.584984,12.359803,0.31933594,0.26600817,12.383344,0.0003293955,0.00033324884,1,0,1
118532980,118337068,118345267,0,-39.052017,12.359839,0.61825943,0.2790208,12.384045,0.0012346362,0.00038329262,1,0,1
119045332,118855491,118857541,0,-39.152283,12.359733,0.6055794,0.3119893,12.383807,0.0011845351,0.000496964,1,0,1
119567283,119373878,119379666,0,-39.278503,12.359798,0.72286224,0.31288156,12.383161,0.0016878723,0.00052277267,1,0,1
120030277,119835674,119842682,0,-39.067886,12.359838,0.47776794,0.28544936,12.383937,0.00073728483,0.0004177759,1,0,1
120542787,120353994,120354955,0,-38.851273,12.359729,0.28512573,0.27846658,12.384821,0.0002625688,0.00039529137,1,0,1
121065066,120872547,120877079,0,-38.98044,12.359796,0.3156128,0.25988176,12.385195,0.0003217113,0.00031322945,1,0,1
121527711,121334362,121340093,0,-38.631226,12.359834,-0.17263031,0.15428169,12.385725,9.624378e-05,0.00017694884,1,0,1
122049840,121852897,121862216,0,-38.943,12.359896,0.038822174,0.10798473,12.385727,4.867413e-06,0.00011327972,1,0,1
122562087,122371265,122374488,0,-39.23455,12.359791,0.20325089,0.06662171,12.385313,0.00013341907,5.87691e-05,1,0,1
123025116,122830520,122837502,0,-39.126686,12.35983,-0.07206726,0.014439194,12.385815,1.6773027e-05,1.691766e-05,1,0,1
123537371,123348917,123349772,0,-39.246445,12.359724,-0.17970657,0.030140111,12.386705,0.000104287465,4.6137753e-05,1,0,1
124059611,123867256,123871893,0,-39.868805,12.359789,0.29359436,0.14084484,12.386613,0.00027835747,0.0001625838,1,0,1
124522509,124328952,124334906,0,-39.668358,12.359826,0.04037857,0.13176893,12.387037,5.264952e-06,0.00014075649,1,0,1
125045200,124847353,124857026,0,-39.57041,12.359887,-0.029232025,0.13602872,12.386926,2.7593974e-06,0.00013308313,1,0,1
125556913,125365758,125369295,0,-39.68177,12.359785,0.10905075,0.16567539,12.386427,3.840354e-05,0.00019488993,1,0,1
126079035,125884152,125891415,0,-39.6642,12.35985,0.08614349,0.17469624,12.386325,2.3964176e-05,0.00020682541,1,0,1
126542027,126345858,126354426,0,-39.514343,12.359884,-0.08495331,0.23147915,12.386879,2.3305514e-05,0.000344621,1,0,1
127054294,126864266,126866694,0,-39.6473,12.359781,0.1256485,0.22737692,12.386684,5.098231e-05,0.00026064256,1,0,1
127576427,127382715,127388812,0,-39.247055,12.359844,-0.19577026,0.20542504,12.386839,0.0001237636,0.00025956373,1,0,1
128029574,127841697,127841971,0,-39.69332,12.359715,0.27770233,0.2743861,12.387306,0.00024902457,0.00036298833,1,0,1
128551722,128360255,128364089,0,-39.689598,12.359778,0.14914703,0.29812378,12.38728,7.183122e-05,0.00042903412,1,0,1
129073867,128878664,128886206,0,-40.221817,12.359842,0.3478279,0.4396192,12.388782,0.00039062518,0.0008034948,1,0,1
129536850,129340335,129349215,0,-41.205368,12.359879,1.0069199,0.6852066,12.389384,0.0032734075,0.0018484775,1,0,1
130049167,129858833,129861480,0,-41.425293,12.359777,0.9949913,0.83740836,12.389067,0.0031963917,0.0025298935,1,0,1
130571663,130377152,130383596,0,-41.344757,12.359839,0.7672615,0.9409966,12.388992,0.001900688,0.0030945223,1,0,1
131034265,130838862,130846605,0,-41.789574,12.359877,1.1236458,0.9342647,12.389643,0.004076243,0.0029905941,1,0,1
131546573,131357535,131358869,0,-41.547485,12.359775,0.7850685,0.9067855,12.390694,0.0019896629,0.0028397196,1,0,1
132068603,131875916,131880985,0,-41.770683,12.359839,1.0349083,0.9448672,12.390374,0.003457636,0.003023468,1,0,1
132531808,132334876,132343993,0,-41.832817,12.359877,1.115303,0.9324711,12.390647,0.0040156124,0.0030100113,1,0,1
133043856,132853457,132856257,0,-41.267014,12.359772,0.6141968,0.93446654,12.39004,0.0012178739,0.002997123,1,0,1
133565972,133371850,133378373,0,-41.459175,12.359836,0.8543625,0.86352867,12.389648,0.0023565972,0.002532693,1,0,1
134029181,133833575,133841381,0,-42.117256,12.359873,1.3725624,0.91085255,12.3900175,0.006082082,0.002932421,1,0,1
134541814,134352020,134353646,0,-41.80027,12.359769,0.8645973,0.8033875,12.390757,0.0024131814,0.0022717789,1,0,1
135063644,134870351,134875761,0,-41.86828,12.359833,0.75566864,0.76400906,12.390173,0.0018435096,0.002052964,1,0,1
135526644,135332105,135338769,0,-42.25717,12.359871,0.9089813,0.7838381,12.39019,0.002667423,0.0021368095,1,0,1
136038832,135850508,135851032,0,-42.319366,12.359766,0.78954315,0.7917151,12.389278,0.0020126381,0.002174302,1,0,1
136560957,136368849,136373146,0,-42.508408,12.35983,0.83364487,0.6428119,12.388679,0.0022438674,0.0015636148,1,0,1
137024172,136827919,136836153,0,-42.648254,12.359865,0.51481247,0.46793586,12.38891,0.00085570686,0.0010240109,1,0,1
137536175,137346278,137348414,0,-43.019585,12.359758,0.31910706,0.38194594,12.389608,0.00032875716,0.00064804754,1,0,1
138058390,137864728,137870527,0,-43.489273,12.359823,0.3081627,0.2601448,12.389281,0.00030660132,0.00048788326,1,0,1
138521293,138326344,138333532,0,-43.34321,12.359862,-0.055469513,0.06593775,12.389543,9.933755e-06,0.0001677678,1,0,1
139033618,138844747,138845793,0,-43.658188,12.359753,0.23495865,0.04638444,12.388971,0.000178241,2.6499776e-05,1,0,1
139555853,139363364,139367905,0,-43.069466,12.359818,-0.052516937,-0.039225128,12.388841,8.904881e-06,-2.4114783e-05,1,0,1
140077899,139881754,139890016,0,-42.811516,12.35988,0.10218048,-0.1395522,12.390371,3.3706336e-05,-0.00017211068,1,0,1
140541206,140343543,140353020,0,-41.762825,12.359918,-0.5599899,-0.19545181,12.3905525,0.0010123478,-0.00029613162,1,0,1
141053150,140861877,140865280,0,-41.78296,12.359812,-0.25406647,-0.22531474,12.388868,0.00020841215,-0.00034480152,1,0,1
141575195,141380257,141387390,0,-42.255417,12.359875,0.121315,-0.27673754,12.3889265,4.7517693e-05,-0.0004514855,1,0,1
142028501,141839288,141840543,0,-42.683044,12.359742,0.059829712,-0.14272532,12.389362,1.1556993e-05,-0.0002154435,1,0,1
142550683,142357748,142362653,0,-43.347023,12.35981,0.12937927,0.047521736,12.39056,5.4037897e-05,2.9946004e-05,1,0,1
143072601,142876313,142884763,0,-43.75305,12.359871,0.4393692,0.16829392,12.389298,0.00062326464,0.00017666077,1,0,1
143535525,143337964,143347766,0,-42.59146,12.359906,-0.28504944,0.16396393,12.389971,0.00026231923,0.0001729277,1,0,1
144047868,143856392,143860025,0,-41.733025,12.359801,-0.36759186,-0.03322991,12.389707,0.00043624526,-6.919885e-05,1,0,1
144570190,144374777,144382135,0,-40.918556,12.359866,-0.7050514,-0.13481216,12.389558,0.0016048918,-0.00025125037,1,0,1
145032905,144836465,144845137,0,-41.61708,12.3598995,-0.03881836,-0.02213408,12.390038,4.8647635e-06,-6.237655e-05,1,0,1
145545553,145354942,145357396,0,-41.886757,12.359797,-0.03561783,0.03889215,12.390881,4.095366e-06,2.1318752e-05,1,0,1
146067405,145873266,145879505,0,-42.43422,12.359859,0.16931152,0.22128554,12.390477,9.2543305e-05,0.00036262587,1,0,1
146579522,146391717,146391763,0,-42.839355,12.359757,0.35460663,0.3932927,12.389636,0.00040597114,0.0007275725,1,0,1
147042645,146850672,146854766,0,-43.020973,12.359794,0.4196205,0.5780895,12.389849,0.0005684698,0.0013394289,1,0,1
147564858,147369060,147376875,0,-42.984955,12.359857,0.4604416,0.6691485,12.389328,0.0006844809,0.0016409104,1,0,1
148076902,147887528,147889132,0,-43.033577,12.359752,0.6617775,0.7065433,12.390087,0.0014138705,0.0017689796,1,0,1
148539985,148349165,148352133,0,-42.46263,12.359792,0.4319725,0.61444074,12.3903475,0.00060240517,0.0013494365,1,0,1
149062155,148867634,148874240,0,-41.774902,12.359852,0.28386307,0.4580042,12.388717,0.00026016653,0.0008834732,1,0,1
149574253,149385967,149386496,0,-41.069046,12.359744,0.24562836,0.2585676,12.388409,0.00019480562,0.0004857715,1,0,1
150037261,149847690,149849496,0,-40.432755,12.359782,0.17859268,0.14824219,12.389054,0.000102979124,0.00023118951,1,0,1
150559363,150366107,150371602,0,-39.54657,12.359846,0.044261932,0.042483974,12.389058,6.3253196e-06,5.9158156e-05,1,0,1
151022501,150825060,150834601,0,-39.314705,12.359885,0.44535446,0.053704556,12.389717,0.0006403394,-8.198223e-06,1,0,1
151534801,151343539,151346855,0,-38.689575,12.359779,0.23742676,-0.04353145,12.390909,0.00018197685,-0.00011533645,1,0,1
152056804,151861860,151868960,0,-38.552765,12.359844,0.18466568,0.06693151,12.391068,0.00011008385,4.738657e-05,1,0,1
152569057,152380317,152381213,0,-38.448006,12.359739,0.09243393,0.19080915,12.390653,2.7582182e-05,0.0003612004,1,0,1
153031968,152842003,152844211,0,-38.85708,12.359779,0.4260025,0.23328622,12.3912115,0.00058582856,0.00035701666,1,0,1
153554303,153360374,153366314,0,-39.247604,12.359842,0.604229,0.22033496,12.392099,0.0011784692,0.00040253805,1,0,1
154076432,153878771,153888418,0,-39.33129,12.359904,0.398777,0.25020626,12.391922,0.0005133122,0.0003664859,1,0,1
154529400,154340469,154341564,0,-39.61035,12.359776,0.18182373,0.22962324,12.391652,0.00010671659,0.0002711373,1,0,1
155052184,154858896,154863667,0,-40.344666,12.359841,0.41804504,0.30136466,12.391051,0.0005641544,0.00037654355,1,0,1
155573593,155377277,155385770,0,-40.61235,12.359901,0.5267296,0.34412244,12.390411,0.00089567347,0.0004583982,1,0,1
156026805,155836331,155838915,0,-39.82373,12.359772,-0.062091827,0.17091984,12.390328,1.2446466e-05,0.00023558305,1,0,1
156549093,156354670,156361018,0,-39.219925,12.359836,-0.010478973,-0.03649669,12.391088,3.5447698e-07,-0.0001618189,1,0,1
157061059,156873137,156873270,0,-38.944107,12.359732,0.13893127,-0.16479638,12.390729,6.231078e-05,-0.0003442642,1,0,1
157524168,157334789,157336266,0,-38.445786,12.359767,-0.31399918,-0.18767993,12.390995,0.0003182811,-0.0003425024,1,0,1
158046259,157853162,157858368,0,-38.75335,12.359831,-0.20427322,-0.15867576,12.390634,0.00013470676,-0.00026471383,1,0,1
158568405,158371762,158380470,0,-39.24724,12.359892,0.0063171387,-0.10906374,12.390207,1.2883154e-07,-0.00018633797,1,0,1
159021392,158833490,158833616,0,-39.228035,12.359764,-0.20167923,-0.08642423,12.390255,0.0001313113,-0.000112331065,1,0,1
159543812,159351896,159355718,0,-39.74095,12.359826,0.055339813,-0.05604246,12.391124,9.886093e-06,-9.15655e-05,1,0,1
160065672,159870267,159877820,0,-39.616585,12.359887,-0.14592743,-0.073340334,12.391177,6.8741865e-05,-0.00010076443,1,0,1
160578110,160388699,160390071,0,-39.322563,12.359784,-0.2944336,-0.08028735,12.390596,0.00027986107,-0.00013608558,1,0,1
161040888,160847662,160853067,0,-38.86367,12.359823,-0.55062485,-0.120700575,12.391076,0.0009787292,-0.00021553336,1,0,1
161563088,161366100,161375169,0,-38.661697,12.359885,-0.41576767,-0.11597277,12.390795,0.00055803603,-0.00016723959,1,0,1
162075215,161884463,161887420,0,-38.350105,12.35978,-0.44233704,-0.09456582,12.391792,0.00063158595,-0.00014437243,1,0,1
162538484,162346156,162350415,0,-38.652786,12.3598175,-0.008880615,-0.05156741,12.392162,2.5456518e-07,-8.133135e-05,1,0,1
163060311,162864570,162872516,0,-38.665,12.35988,-0.10317993,0.051581,12.390451,3.4368717e-05,5.9402213e-05,1,0,1
163572586,163382928,163384767,0,-39.07007,12.359776,-0.05313492,0.16729733,12.39005,9.114796e-06,0.0003113613,1,0,1
164035576,163844699,163847762,0,-40.12246,12.359813,0.7031746,0.34796596,12.390588,0.001596226,0.0006179598,1,0,1
164557617,164363046,164369863,0,-40.29606,12.359876,0.50151825,0.43298087,12.390394,0.0008119856,0.0007866711,1,0,1
165069977,164881518,164882113,0,-40.49652,12.359772,0.53351974,0.57130724,12.391378,0.00091884314,0.0012500715,1,0,1
165532885,165340474,165345108,0,-40.522644,12.35981,0.5499153,0.5476584,12.391763,0.0009761544,0.0011372432,1,0,1
166055103,165858884,165867209,0,-40.713074,12.359872,0.6395416,0.55677396,12.391555,0.0013202975,0.001119596,1,0,1
166567312,166377260,166379458,0,-40.5857,12.359765,0.46648788,0.5325689,12.390939,0.0007024841,0.001046549,1,0,1
167030382,166839239,166842453,0,-40.84047,12.359804,0.60736465,0.5683815,12.391335,0.0011908058,0.0011435534,1,0,1
167552309,167357566,167364553,0,-41.196053,12.359869,0.94496155,0.6219565,12.389874,0.0028828455,0.0014102478,1,0,1
168064762,167875976,167876802,0,-41.34337,12.35976,1.0727768,0.7535689,12.389621,0.0037155298,0.001986984,1,0,1
168527627,168337673,168339796,0,-40.828827,12.359797,0.7025299,0.6807048,12.390301,0.0015933376,0.0017167833,1,0,1
169049823,168856026,168861896,0,-39.80552,12.3598585,0.31087875,0.4468905,12.390514,0.00031199868,0.0009928774,1,0,1
169572007,169374296,169383995,0,-38.816948,12.359923,0.41551208,0.16570765,12.390601,0.0005573589,0.000387321,1,0,1
170025420,169833245,169837137,0,-37.059563,12.359792,-0.3576355,-0.15111172,12.390972,0.00041289142,-0.00026966105,1,0,1
170547313,170351711,170359235,0,-36.229164,12.359856,-0.35372543,-0.33132806,12.392109,0.00040387534,-0.0006223444,1,0,1
171059436,170870042,170871482,0,-36.17762,12.35975,-0.11115265,-0.35707235,12.392082,3.9880015e-05,-0.00066573994,1,0,1
171522376,171331801,171334475,0,-35.91783,12.359792,-0.4876747,-0.31290576,12.392522,0.0007676456,-0.00052656326,1,0,1
172044610,171850172,171856572,0,-36.416656,12.359853,-0.18190765,-0.19992833,12.3922615,0.00010680986,-0.0002843383,1,0,1
172556579,172368570,172368818,0,-37.017456,12.359748,-0.040649414,-0.15667397,12.391494,5.3339004e-06,-0.00025109324,1,0,1
173019856,172830323,172831809,0,-37.82469,12.359787,-0.01625824,0.06691499,12.391765,8.5324524e-07,5.9178503e-05,1,0,1
173541744,173348647,173353905,0,-38.942207,12.359852,0.48246002,0.4191753,12.392832,0.00075129775,0.0008803847,1,0,1
174063872,173867072,173876002,0,-39.626793,12.359913,0.90773773,0.6256965,12.392488,0.0026596363,0.0014886151,1,0,1
174576230,174385469,174388248,0,-39.459846,12.35981,0.7063141,0.70843476,12.391842,0.0016103485,0.001772159,1,0,1
175038994,174844486,174851239,0,-39.370422,12.359846,0.68421173,0.6806381,12.392256,0.0015110911,0.0015974205,1,0,1
175551936,175362866,175363485,0,-39.42708,12.359742,0.8117943,0.65941966,12.392888,0.0021270583,0.00149814,1,0,1
176073358,175881309,175885582,0,-38.71315,12.359805,0.08367157,0.48421675,12.392973,2.2596456e-05,0.00094452436,1,0,1
176536358,176342940,176348573,0,-38.98419,12.359843,0.31822968,0.26501912,12.393351,0.0003268531,0.0004597974,1,0,1
177058459,176861399,176870670,0,-38.997337,12.359905,0.23414993,0.15649469,12.39313,0.00017695673,0.00021970205,1,0,1
177570795,177379740,177382915,0,-39.19771,12.359803,0.29970932,0.15983118,12.392457,0.0002899366,0.00019059332,1,0,1
178033723,177841330,177845905,0,-38.968384,12.359843,-0.12684631,0.001674814,12.392832,5.1933206e-05,8.325358e-06,1,0,1
178555997,178359711,178368000,0,-39.061623,12.359903,-0.23038864,-0.0850526,12.393668,0.00017130982,-8.0922044e-05,1,0,1
179068090,178878138,178880245,0,-39.40207,12.359802,-0.12399292,-0.21082461,12.39331,4.962111e-05,-0.00028793231,1,0,1
179531062,179337069,179343235,0,-39.1736,12.359839,-0.5413017,-0.32652736,12.393569,0.00094567606,-0.00048893376,1,0,1
180053168,179855708,179865332,0,-39.266945,12.359902,-0.5162506,-0.37758344,12.393206,0.00086019613,-0.00063729385,1,0,1
180565433,180374096,180377573,0,-39.127655,12.359796,-0.57596207,-0.39930382,12.392416,0.0010707591,-0.0007011348,1,0,1
181028734,180835831,180840562,0,-38.814552,12.359835,-0.6493225,-0.39362556,12.392728,0.0013608616,-0.0006913826,1,0,1
181550677,181354148,181362655,0,-38.38762,12.359896,-0.8595314,-0.46917602,12.393503,0.0023844563,-0.000959607,1,0,1
182062797,181872594,181874898,0,-38.409904,12.359792,-0.7932739,-0.51722085,12.393113,0.002031075,-0.0010928129,1,0,1
182525730,182334288,182337886,0,-39.050903,12.359828,-0.26664734,-0.39964345,12.393347,0.00022948055,-0.00068810367,1,0,1
183047928,182852612,182859978,0,-39.11837,12.35989,-0.411232,-0.34832126,12.392931,0.00054583297,-0.0006162174,1,0,1
183560169,183370915,183372220,0,-39.64393,12.359785,-0.106155396,-0.25570294,12.39209,3.6374713e-05,-0.00036825708,1,0,1
184023086,183829861,183835207,0,-39.699944,12.359825,-0.21740723,-0.19924703,12.392323,0.0001525651,-0.00024952373,1,0,1
184545599,184348298,184357299,0,-40.374092,12.359884,0.11086655,-0.033214595,12.392993,3.9672068e-05,-7.459424e-05,1,0,1
185057352,184866668,184869541,0,-41.075836,12.359779,0.4146843,0.16115811,12.392465,0.00055505685,0.00017616409,1,0,1
185579427,185385089,185391632,0,-41.260094,12.359843,0.44705963,0.2926344,12.391937,0.00064513664,0.00039465254,1,0,1
186042486,185846773,185854620,0,-41.35132,12.35988,0.46558,0.41849926,12.392205,0.0006996808,0.00074938225,1,0,1
186554701,186365229,186366861,0,-41.386024,12.3597765,0.61499023,0.39128774,12.391481,0.0012208805,0.0006598884,1,0,1
187076727,186883567,186888954,0,-40.757843,12.359839,0.19885254,0.2387836,12.392652,0.00012763155,0.00033965622,1,0,1
187539903,187345308,187351942,0,-40.7761,12.359875,0.36835098,0.14459403,12.392642,0.00043794521,0.00020841105,1,0,1
188051965,187863668,187864183,0,-40.977592,12.359772,0.28163147,0.13017175,12.392311,0.00025601775,0.00018985037,1,0,1
188574357,188382124,188386276,0,-41.51822,12.359833,0.25976944,0.12086477,12.391877,0.00021782062,0.00014349735,1,0,1
189037038,188841059,188849264,0,-42.008537,12.359869,0.061374664,0.16466017,12.392182,1.2158793e-05,0.00023679833,1,0,1
189549570,189359527,189361505,0,-42.83615,12.359764,0.035484314,0.20011929,12.3926525,4.064139e-06,0.0002886317,1,0,1
190071359,189877864,189883597,0,-43.4317,12.359829,-0.13051605,0.17760293,12.392609,5.4982578e-05,0.0002541004,1,0,1
190534624,190339804,190346584,0,-44.49167,12.359866,0.48111343,0.28031957,12.392888,0.0007471063,0.00043590643,1,0,1
191047107,190858145,190858825,0,-44.52379,12.359758,0.24713516,0.16759972,12.391991,0.000197146,0.00021162708,1,0,1
191568763,191376582,191380917,0,-45.11113,12.359821,0.24855804,0.12451644,12.390725,0.00019944305,0.00013539064,1,0,1
192031661,191838269,191843904,0,-46.05784,12.359858,0.6243057,0.31472424,12.391274,0.001258168,0.00055879186,1,0,1
192553947,192356684,192365995,0,-46.457397,12.3599205,0.73809814,0.33503446,12.391128,0.0017586418,0.0006114697,1,0,1
193066101,192875058,192878236,0,-46.329758,12.359815,0.52801895,0.30971703,12.392202,0.0008999337,0.0005051056,1,0,1
193529055,193334109,193341222,0,-45.85289,12.359854,0.29080582,0.20432475,12.392756,0.00027295953,0.00030227817,1,0,1
194041248,193852449,193853463,0,-45.610626,12.359747,0.27869797,0.14699072,12.392258,0.00025071317,0.00018343821,1,0,1
194563441,194370912,194375554,0,-45.22785,12.359813,0.16440582,0.038894188,12.391963,8.7247754e-05,8.089422e-06,1,0,1
195026397,194832577,194838540,0,-44.830597,12.359849,-0.022361755,-0.023119599,12.392406,1.6140468e-06,-6.3602514e-05,1,0,1
195548907,195351017,195360632,0,-44.646805,12.359911,-0.22701263,-0.08577815,12.393298,0.00016633098,-9.566363e-05,1,0,1
196060936,195869486,195872871,0,-45.54107,12.359808,0.36166763,-0.036374636,12.392973,0.00042218599,-6.817685e-05,1,0,1
196523905,196331302,196335857,0,-44.905663,12.359847,-0.5964813,-0.09963736,12.393243,0.0011483353,-0.0001909202,1,0,1
197045806,196849862,196857948,0,-46.04682,12.359906,-0.16905975,-0.03244462,12.392869,9.225048e-05,-5.078301e-05,1,0,1
197557966,197368275,197370188,0,-46.873444,12.359801,0.19602585,0.14094426,12.39204,0.0001240349,0.00022878996,1,0,1
198021009,197827265,197833173,0,-47.250954,12.359839,0.35157013,0.2926053,12.392248,0.0003989641,0.00040743806,1,0,1
198543404,198345730,198355264,0,-47.085213,12.359902,0.24045181,0.37608534,12.392887,0.00018661375,0.00060262345,1,0,1
199055498,198864134,198867503,0,-46.712402,12.359795,-0.05399704,0.23604994,12.390938,9.4123e-06,0.00034596314,1,0,1
199577345,199382506,199389593,0,-46.618874,12.359858,0.058273315,0.14681324,12.390723,1.0962329e-05,0.00018260282,1,0,1
200040555,199844172,199852578,0,-46.05146,12.359892,0.08219528,0.048821375,12.391242,2.180916e-05,1.8325925e-05,1,0,1
200552574,200362579,200364817,0,-43.703903,12.359788,-0.8165245,-0.20194931,12.390824,0.0021522774,-0.0005639475,1,0,1
201074785,200881029,200886906,0,-42.58233,12.35985,-0.585083,-0.67247933,12.39225,0.0011049554,-0.0025870213,1,0,1
201537706,201342674,201349890,0,-41.64058,12.359886,-0.8201828,-0.89934564,12.392726,0.002171273,-0.0036998147,1,0,1
202050000,201861062,201862128,0,-42.420837,12.359781,-0.21660233,-0.73813975,12.39219,0.00015143915,-0.0025499365,1,0,1
202572005,202379472,202384216,0,-43.40072,12.359847,0.20526886,-0.44053036,12.391811,0.00013601016,-0.0013799121,1,0,1
203034953,202838476,202847200,0,-43.751648,12.359881,0.16666031,-0.2804512,12.3921385,8.965574e-05,-0.0007642559,1,0,1
203547536,203356901,203359437,0,-43.906937,12.3597765,0.03622055,-0.17079109,12.392565,4.234566e-06,-0.0003886722,1,0,1
204069417,203875304,203881525,0,-44.183495,12.35984,0.14263153,-0.21343133,12.392392,6.56653e-05,-0.000423124,1,0,1
204532287,204336966,204344508,0,-44.28042,12.359879,-0.07133865,-0.19964063,12.392497,1.6426724e-05,-0.00030407784,1,0,1
205044606,204855415,204856745,0,-44.461395,12.359771,-0.27305603,-0.20426819,12.391674,0.00024067644,-0.00033513102,1,0,1
205566704,205373776,205378832,0,-45.030502,12.359835,-0.0977478,-0.21534073,12.391107,3.0843516e-05,-0.00027704882,1,0,1
206029676,205835531,205841814,0,-45.089203,12.35987,-0.504879,-0.25646037,12.391318,0.0008228432,-0.00036064486,1,0,1
206542153,206353920,206354050,0,-45.723137,12.359767,-0.42991638,-0.26388502,12.392005,0.00059660437,-0.00032426495,1,0,1
207064362,206872312,206876137,0,-46.834,12.359829,0.11923981,0.014516097,12.390225,4.5901124e-05,-6.9875823e-06,1,0,1
207527025,207331340,207339119,0,-47.212845,12.359864,0.26527023,0.1755341,12.390667,0.0002271655,0.00019821625,1,0,1
208039106,207849709,207851356,0,-46.491974,12.3597555,-0.20031357,0.061107393,12.390568,0.00012953572,6.499992e-05,1,0,1
208561246,208368066,208373442,0,-45.66117,12.359821,-0.40867233,-0.112718605,12.390397,0.0005391694,-0.00024143422,1,0,1
209024435,208829800,208836424,0,-45.82071,12.3598585,0.21125793,-0.054716,12.390894,0.00014407327,-0.00017550243,1,0,1
209536410,209348163,209348661,0,-45.92614,12.359751,0.34368515,0.016222326,12.391796,0.00038128288,5.0172516e-06,1,0,1
210058603,209866606,209870747,0,-45.99804,12.359816,0.14191055,0.10294768,12.391524,6.5007676e-05,0.00012113945,1,0,1
210580589,210384968,210392834,0,-46.40352,12.359879,0.25955582,0.15592466,12.391144,0.00021747539,0.00022339968,1,0,1
211043941,210846725,210855817,0,-47.05413,12.359916,0.50222015,0.30475983,12.391498,0.0008141875,0.00048859057,1,0,1
211555816,211365146,211368054,0,-47.27231,12.359812,0.37329865,0.21841544,12.390795,0.00044985613,0.00030399451,1,0,1
212078083,211883475,211890141,0,-47.38478,12.359872,0.19468689,0.19135728,12.391996,0.00012234667,0.000270036,1,0,1
212531323,212342467,212343273,0,-47.48359,12.359742,0.04226303,0.12180277,12.391989,5.765544e-06,0.00015351208,1,0,1
213053198,212860906,212865360,0,-47.75235,12.359804,0.03907776,0.07863431,12.390242,4.929916e-06,0.00010429491,1,0,1
213575413,213379264,213387447,0,-48.281998,12.359865,0.19736862,0.02327978,12.390103,0.00012575963,2.5249705e-05,1,0,1
214038198,213840990,213850430,0,-48.517868,12.359901,0.013801575,0.115135595,12.390613,6.149283e-07,0.00011784435,1,0,1
214550805,214359450,214362666,0,-49.01175,12.359798,0.054821014,0.17507379,12.390074,9.702424e-06,0.00021197862,1,0,1
215072509,214877821,214884752,0,-49.764626,12.35986,0.40146255,0.32283172,12.389915,0.0005203334,0.00044440007,1,0,1
215535682,215339471,215347736,0,-49.81166,12.359895,0.24852753,0.41464487,12.390434,0.00019939875,0.0006872692,1,0,1
216047900,215857911,215859972,0,-49.97142,12.359789,0.27763367,0.37979957,12.39011,0.00024884508,0.00062142697,1,0,1
216570206,216376269,216382059,0,-49.924988,12.359853,0.13863373,0.32820556,12.38997,6.204797e-05,0.00050469866,1,0,1
217032876,216835284,216845042,0,-50.375732,12.35989,0.4822502,0.29050007,12.390468,0.00075078773,0.0004351449,1,0,1
217545331,217353727,217357278,0,-50.688004,12.359783,0.47865677,0.32794422,12.391058,0.0007396053,0.0005028831,1,0,1
218067211,217872061,217879365,0,-50.7843,12.359848,0.3164749,0.3521782,12.389699,0.0003233537,0.0005856933,1,0,1
218530248,218333833,218342348,0,-51.2881,12.359883,0.4241104,0.35187155,12.390157,0.0005806856,0.00054306776,1,0,1
219042497,218852173,218854584,0,-52.042778,12.359779,0.63513565,0.36985636,12.389754,0.0013023576,0.000585245,1,0,1
219564736,219370622,219376670,0,-52.8944,12.359841,1.000267,0.4660627,12.389538,0.003230255,0.0008893179,1,0,1
220027523,219832272,219839652,0,-52.597733,12.359878,0.24738312,0.4811118,12.389991,0.0001975737,0.00091997127,1,0,1
220540112,220350707,220351888,0,-52.940094,12.359772,0.23468018,0.4533085,12.389448,0.0001778119,0.00086299784,1,0,1
221061844,220869074,220873974,0,-53.20262,12.359837,0.27651596,0.42131162,12.389789,0.0002468519,0.0007083389,1,0,1
221524791,221328107,221336955,0,-52.83947,12.359871,-0.012924194,0.34454447,12.390358,5.392412e-07,0.0005254214,1,0,1
222037042,221846663,221849190,0,-52.194588,12.359766,-0.30653,0.17490806,12.39008,0.0003033415,0.00027988577,1,0,1
222559087,222365107,222371276,0,-51.976036,12.359831,-0.20323563,-0.02774189,12.389954,0.00013334907,8.429839e-06,1,0,1
223071371,222883455,222883510,0,-51.84736,12.359727,-0.28289413,-0.009903393,12.390968,0.00025834655,-1.7479159e-06,1,0,1
223534319,223345173,223346491,0,-52.101418,12.359762,-0.04411316,0.020128978,12.391308,6.281729e-06,4.6378445e-05,1,0,1
224056406,223863570,223868576,0,-52.575066,12.359827,0.35517502,0.15668209,12.390988,0.00040722915,0.00024823294,1,0,1
224578410,224382202,224390660,0,-52.44757,12.359888,0.17777634,0.21290828,12.39051,0.00010202785,0.00026159332,1,0,1
225041496,224843961,224853640,0,-52.992874,12.359927,0.45476532,0.3157381,12.390739,0.00066763244,0.00045100745,1,0,1
225553846,225362254,225365873,0,-53.965652,12.35982,0.93559647,0.50657177,12.391083,0.0028257119,0.0010721576,1,0,1
226075917,225880719,225887958,0,-54.374084,12.359881,0.8876114,0.6646944,12.390901,0.0025433307,0.0016471578,1,0,1
226528930,226339667,226341087,0,-54.221878,12.35975,0.70095825,0.6390021,12.390781,0.001586155,0.0014845115,1,0,1
227050996,226858109,226863172,0,-53.883415,12.359816,0.72079086,0.54706585,12.390469,0.001677223,0.0011727208,1,0,1
227573414,227376464,227385257,0,-53.24977,12.359876,0.53056717,0.3563327,12.390103,0.00090879475,0.0007057356,1,0,1
228026405,227838179,227838387,0,-52.18907,12.359744,-0.2760811,0.26530007,12.390174,0.00024606843,0.00054517237,1,0,1
228548507,228356547,228360472,0,-52.174866,12.359809,-0.043670654,0.21091025,12.391311,6.1563333e-06,0.00038157537,1,0,1
229070449,228874998,228882556,0,-52.191338,12.359872,0.014419556,0.26911283,12.390979,6.7120953e-07,0.00039008376,1,0,1
229533349,229336670,229345536,0,-52.41365,12.359907,0.21609879,0.37553746,12.391218,0.00015074768,0.00061237,1,0,1
230045589,229855135,229857770,0,-52.54519,12.359803,0.32691193,0.44354674,12.390546,0.00034500955,0.000813673,1,0,1
230567754,230373458,230379855,0,-52.402794,12.359865,0.14854813,0.4344085,12.390121,7.1239156e-05,0.00073781074,1,0,1
231079844,230891866,230892089,0,-52.40381,12.359761,0.28427505,0.481752,12.391009,0.000260874,0.0009350943,1,0,1
231543312,231351070,231355070,0,-52.264915,12.3597975,0.3547287,0.48179057,12.391312,0.00040619576,0.0008841903,1,0,1
232064991,231869469,231877155,0,-52.25849,12.35986,0.610363,0.42993367,12.39103,0.0012026216,0.0007709843,1,0,1
232577324,232387912,232389389,0,-51.835693,12.359753,0.35752106,0.3236064,12.39034,0.0004126483,0.0005854186,1,0,1
233040199,232849566,232852369,0,-52.450005,12.359793,0.80098724,0.35120305,12.390716,0.0020711655,0.0006772893,1,0,1
233562289,233368034,233374453,0,-53.22706,12.359853,1.128334,0.55133873,12.390312,0.0041101067,0.0013804721,1,0,1
234074439,233886405,233886687,0,-53.546036,12.359746,0.91782,0.6994644,12.39114,0.0027193413,0.0019087979,1,0,1
234537417,234348129,234349668,0,-54.04957,12.359785,1.0352592,0.71462655,12.391351,0.003459709,0.0018823354,1,0,1
235059522,234866489,234871753,0,-54.032562,12.359849,0.83574677,0.7161569,12.390956,0.0022547822,0.0018131838,1,0,1
235522607,235325600,235334734,0,-53.22077,12.359885,-0.009052277,0.62339735,12.39116,2.6452315e-07,0.0015260488,1,0,1
236034749,235844039,235846968,0,-53.48861,12.359778,0.16745758,0.48515564,12.390474,9.0527734e-05,0.0009942056,1,0,1
236557065,236362517,236369053,0,-53.516937,12.359841,0.051193237,0.4364463,12.390054,8.460811e-06,0.0008287184,1,0,1
237069421,236880849,236881287,0,-53.720375,12.3597355,0.051239014,0.3654935,12.390858,8.475398e-06,0.0005969163,1,0,1
237532038,237342425,237344268,0,-54.493187,12.359773,0.5827484,0.45053983,12.39106,0.0010962604,0.00077215396,1,0,1
238054145,237860763,237866353,0,-54.74649,12.359836,0.55656433,0.5064675,12.390653,0.000999992,0.0009334666,1,0,1
238576192,238379367,238388437,0,-55.08024,12.359898,0.62911606,0.5662091,12.390161,0.001277746,0.0011094181,1,0,1
239029480,238841063,238841568,0,-55.338875,12.359769,0.65483475,0.54991543,12.390123,0.0013843561,0.0010266898,1,0,1
239551643,239359507,239363652,0,-55.308655,12.35983,0.4229164,0.43082133,12.390832,0.0005773891,0.00070264115,1,0,1
240073512,239877842,239885736,0,-55.66323,12.35989,0.43826675,0.38195917,12.390679,0.00062007166,0.000608895,1,0,1
240526697,240336877,240338865,0,-56.385857,12.359758,0.7865639,0.35685447,12.390543,0.0019972739,0.00062039215,1,0,1
241048798,240855338,240860948,0,-56.859596,12.359823,0.81778336,0.4179496,12.390172,0.0021590325,0.00075998914,1,0,1
241570947,241373684,241383031,0,-56.768265,12.359887,0.5858307,0.36357123,12.389763,0.0011080037,0.00061843346,1,0,1
242024043,241835405,241836160,0,-56.093796,12.359754,0.07032013,0.25837016,12.389791,1.5964502e-05,0.000414471,1,0,1
242546106,242353765,242358243,0,-55.04341,12.359816,-0.44200897,-0.035477348,12.389657,0.0006307581,-2.4670897e-05,1,0,1
243068179,242872194,242880326,0,-54.158676,12.359878,-0.6998253,-0.24620819,12.389623,0.0015811794,-0.0004161416,1,0,1
243531082,243333850,243343304,0,-54.103073,12.359914,-0.59332275,-0.33314633,12.3900795,0.001136496,-0.00052044546,1,0,1
244043383,243852290,243855536,0,-54.682487,12.359808,-0.31705856,-0.32985544,12.389615,0.00032454965,-0.0005083347,1,0,1
244565540,244370645,244377618,0,-55.79664,12.359871,0.014228821,-0.19154035,12.3892765,6.5366e-07,-0.00029167748,1,0,1
245077597,244889068,244889849,0,-57.368164,12.359766,0.7013283,0.14917307,12.390087,0.001587919,0.00026823077,1,0,1
245540663,245348057,245352827,0,-57.834618,12.359804,0.6226387,0.3963203,12.390348,0.0012515514,0.0007978875,1,0,1
246062751,245866463,245874909,0,-57.671654,12.359865,0.38798904,0.39855772,12.390057,0.0004859881,0.0006645823,1,0,1
246574890,246384891,246387141,0,-57.503365,12.359758,0.3146019,0.29327115,12.389442,0.0003195442,0.0004193652,1,0,1
247037870,246846553,246850119,0,-57.273544,12.3597975,0.047454834,0.24090354,12.389863,7.2703347e-06,0.0003204344,1,0,1
247560193,247365015,247372202,0,-57.733192,12.359861,0.2842102,0.30419955,12.388451,0.00026080885,0.00046898678,1,0,1
248072263,247883348,247884434,0,-57.913383,12.359752,0.17141724,0.33768257,12.389472,9.4867224e-05,0.0005442054,1,0,1
248535384,248345110,248347412,0,-58.423363,12.359792,0.4208145,0.50994766,12.38992,0.00057170616,0.0010666376,1,0,1
249057251,248863473,248869495,0,-58.905777,12.359854,0.63442993,0.5747678,12.389785,0.0012994619,0.0012551834,1,0,1
249510498,249322485,249322629,0,-59.073204,12.359725,0.75720215,0.6081203,12.389837,0.0018510495,0.0013297359,1,0,1
250032456,249840853,249844706,0,-59.05127,12.359786,0.66793823,0.5735324,12.389627,0.0014403709,0.0011482268,1,0,1
250554540,250359300,250366788,0,-59.1961,12.35985,0.70908356,0.5830071,12.389292,0.0016233358,0.0011910379,1,0,1
251066924,250877646,250879020,0,-59.299828,12.359743,0.6068535,0.5605369,12.390114,0.0011889193,0.0010852319,1,0,1
251529851,251339560,251341998,0,-59.71443,12.359784,0.7328949,0.49764323,12.390345,0.0017340437,0.00091470673,1,0,1
252052186,251857994,251864080,0,-59.99836,12.359845,0.59911346,0.4545716,12.389987,0.0011587968,0.00076447433,1,0,1
252573950,252376358,252386161,0,-60.531174,12.359905,0.70093536,0.47226217,12.389565,0.001586207,0.00084804406,1,0,1
253027166,252838115,252839288,0,-60.669662,12.359775,0.4702797,0.42355326,12.389604,0.0007140277,0.00071264524,1,0,1
253549605,253356462,253361369,0,-60.43126,12.35984,0.035190582,0.31899035,12.390424,3.997852e-06,0.00047175933,1,0,1
254071267,253874878,253883450,0,-60.120346,12.359899,-0.19408417,0.19806455,12.390428,0.0001216057,0.0002677306,1,0,1
254524395,254333870,254336577,0,-59.88468,12.359769,-0.25343323,0.09065677,12.390433,0.00020734836,0.00015620957,1,0,1
255046481,254852281,254858657,0,-60.028862,12.359833,-0.19166183,-0.085977785,12.390167,0.000118591655,-9.8120094e-05,1,0,1
255558649,255370653,255370887,0,-60.453644,12.359729,-0.21051025,-0.019974684,12.389454,0.0001430719,-1.1768485e-06,1,0,1
256080789,255889049,255892967,0,-60.977715,12.359789,-0.25998306,0.027771322,12.390583,0.00021820179,5.1215266e-05,1,0,1
256543973,256351048,256355944,0,-61.937546,12.359827,0.22807312,0.18262827,12.39048,0.00016792683,0.00024708526,1,0,1
257065853,256869385,256878023,0,-62.365402,12.359887,0.18671799,0.18526788,12.390327,0.000112551046,0.0002700528,1,0,1
257578356,257387830,257390253,0,-63.783653,12.359786,0.8265686,0.32937425,12.389497,0.0022057898,0.0006133389,1,0,1
258041029,257849470,257853229,0,-64.0352,12.359821,0.4514351,0.46959895,12.389734,0.0006579436,0.00092459976,1,0,1
258563263,258367869,258375309,0,-64.29011,12.359882,0.3084259,0.4731999,12.389239,0.00030712632,0.00083411566,1,0,1
259075348,258886264,258887538,0,-64.42367,12.359776,0.39246368,0.45847318,12.389955,0.00049726653,0.0007526742,1,0,1
259538588,259345292,259350515,0,-64.35912,12.359816,0.38314438,0.39957154,12.389911,0.00047393274,0.000603209,1,0,1
260060349,259863708,259872595,0,-64.77257,12.359874,0.66838837,0.42609045,12.388481,0.0014424464,0.0007786778,1,0,1
260572572,260382281,260384824,0,-64.50871,12.359768,0.41835022,0.3957559,12.388094,0.00056511327,0.0006387326,1,0,1
261035745,260844235,260847800,0,-64.31493,12.359805,0.32078934,0.32865596,12.38865,0.00033225832,0.00044757896,1,0,1
261557634,261362582,261369881,0,-63.995995,12.359868,0.41731644,0.15555821,12.388566,0.0005623024,0.00020788518,1,0,1
262070033,261880982,261882110,0,-63.440765,12.359757,0.14542389,-0.08807473,12.389613,6.8276895e-05,-0.00022424267,1,0,1
262532845,262342665,262345086,0,-63.0271,12.359797,-0.27982712,-0.13356416,12.390048,0.00025279392,-0.00023899783,1,0,1
263055041,262861095,262867166,0,-63.348366,12.3598585,-0.32904053,-0.09714707,12.388512,0.0003495744,-0.00017522169,1,0,1
263577242,263379449,263389245,0,-64.33232,12.359921,0.085372925,0.07386512,12.388504,2.3533225e-05,4.704365e-05,1,0,1
264030161,263838458,263842371,0,-64.66236,12.359788,0.15785217,0.11282161,12.388782,8.0451195e-05,0.000109760476,1,0,1
264552437,264356926,264364450,0,-65.1644,12.359851,0.4706955,0.123936154,12.3898,0.0007152795,0.00015550361,1,0,1
265064833,264875268,264876679,0,-64.89044,12.359743,0.15343475,0.017224502,12.388282,7.60145e-05,2.6449527e-05,1,0,1
265527506,265337026,265339655,0,-64.420906,12.359783,-0.2993927,0.00828216,12.388848,0.0002894086,2.0467014e-05,1,0,1
266049553,265855362,265861736,0,-64.80446,12.359843,0.08614349,0.015774883,12.388863,2.3959266e-05,-1.2834563e-05,1,0,1
266561743,266373799,266373963,0,-65.3629,12.359737,0.41436005,0.15271822,12.388372,0.00055437227,0.00019036757,1,0,1
267025348,266835460,266836939,0,-65.09161,12.359776,-0.0883255,0.16987798,12.388804,2.5188529e-05,0.00022876111,1,0,1
267547052,267353910,267359019,0,-64.978584,12.35984,-0.3425598,0.080854006,12.389656,0.00037885547,9.074794e-05,1,0,1
268068890,267872301,267881098,0,-65.692566,12.3599,0.22251892,0.13283688,12.389635,0.00015985836,0.00016181017,1,0,1
268522003,268331278,268334223,0,-65.90185,12.359771,0.2975769,0.08901489,12.389575,0.00028589202,9.798202e-05,1,0,1
269044077,268849664,268856302,0,-66.09527,12.359833,0.31232452,0.16453612,12.389242,0.0003149397,0.00018191597,1,0,1
269556310,269368077,269368530,0,-65.63188,12.359728,-0.2590332,0.15107638,12.388514,0.0002166465,0.00018576246,1,0,1
270019319,269829802,269831506,0,-66.04486,12.359765,0.13446045,0.16997862,12.388811,5.8374004e-05,0.00016967558,1,0,1
270541591,270348150,270353587,0,-66.62042,12.359828,0.5554199,0.23824742,12.389578,0.0009959703,0.00031353228,1,0,1
271063506,270866596,270875664,0,-65.99893,12.35989,0.008148193,0.103388645,12.389538,2.1435201e-07,0.00013687162,1,0,1
271575739,271384965,271387892,0,-65.54153,12.359788,-0.2741089,0.11711067,12.388848,0.00024259131,0.00015493098,1,0,1
272038701,271846685,271850868,0,-65.815956,12.359822,0.15957642,0.07465798,12.389186,8.221567e-05,6.9595284e-05,1,0,1
272561071,272365199,272372947,0,-65.98946,12.359883,0.36788177,-0.004960931,12.38876,0.00043696706,-7.085946e-05,1,0,1
273073168,272883490,272885175,0,-66.05366,12.359779,0.03111267,-0.031458963,12.389541,3.1252112e-06,-9.032114e-05,1,0,1
273535951,273342527,273348150,0,-66.38253,12.3598175,0.078697205,0.06016032,12.389732,1.999478e-05,1.0172703e-05,1,0,1
274058227,273860910,273870228,0,-67.21823,12.359879,0.5751114,0.18628316,12.389343,0.0010678633,0.00029029936,1,0,1
274570247,274379293,274382456,0,-66.97058,12.359773,0.29280853,0.16905005,12.38859,0.00027682516,0.00020321806,1,0,1
275033397,274840988,274845431,0,-66.28288,12.359809,-0.33768463,0.08156463,12.388877,0.00036817192,9.7720775e-05,1,0,1
275555273,275359587,275367509,0,-66.269684,12.359872,-0.2636795,-0.024498705,12.388421,0.00022448988,-3.663549e-05,1,0,1
276067655,275878044,275879737,0,-66.95578,12.359766,0.24493408,-0.010718721,12.389157,0.00019369421,-1.2975735e-05,1,0,1
276530514,276339665,276342712,0,-66.66406,12.359803,-0.3748932,-0.11409229,12.389343,0.00045376064,-0.00013172686,1,0,1
277052604,276858123,276864789,0,-66.56812,12.359866,-0.48488617,-0.13935849,12.388997,0.0007591078,-0.00020898315,1,0,1
277564991,277376466,277377016,0,-66.90257,12.359762,-0.15528107,-0.14700012,12.388273,7.785495e-05,-0.00018994429,1,0,1
278027810,277835519,277839991,0,-67.42778,12.359797,0.08022308,-0.1827252,12.38859,2.0779582e-05,-0.00024127556,1,0,1
278550078,278353867,278362069,0,-67.68517,12.3598585,0.06276703,-0.085787475,12.389372,1.2719612e-05,-0.00012628219,1,0,1
279062112,278872282,278874296,0,-67.80556,12.359752,0.0835495,0.020146823,12.389017,2.2537764e-05,2.0950326e-07,1,0,1
279525048,279333965,279337270,0,-67.76881,12.359791,0.18571472,-0.02377997,12.389268,0.00011135431,-4.6893536e-05,1,0,1
280047284,279852361,279859348,0,-66.4672,12.359856,-0.53380585,-0.16499595,12.388975,0.0009200073,-0.00027044103,1,0,1
280559576,280370824,280371575,0,-66.2161,12.359748,-0.40172577,-0.24144752,12.388252,0.0005210859,-0.00037031196,1,0,1
281022384,280832481,280834550,0,-66.38532,12.359784,-0.12775421,-0.24561818,12.388555,5.2697476e-05,-0.0003053699,1,0,1
281544634,281350904,281356627,0,-66.92684,12.359848,0.030563354,-0.16616239,12.389272,3.0158953e-06,-0.00018670772,1,0,1
282066521,281869271,281878704,0,-66.90623,12.359909,-0.4346161,-0.1238169,12.389119,0.00060986145,-0.00015725139,1,0,1
282578747,282387713,282390931,0,-67.792076,12.359804,-0.110565186,-0.011309567,12.388304,3.9471623e-05,-3.2306903e-05,1,0,1
283041683,282846667,282853905,0,-68.78383,12.359841,0.34503174,0.075183086,12.388688,0.0003843729,6.265884e-05,1,0,1
283553997,283365063,283366131,0,-68.773254,12.3597355,-0.11340332,0.06383093,12.388176,4.1524476e-05,5.8276022e-05,1,0,1
284075973,283883511,283888208,0,-68.97049,12.359799,-0.22817993,0.11667588,12.389681,0.00016809498,0.00010988655,1,0,1
284538964,284345165,284351182,0,-69.58714,12.359837,0.33382416,0.08683654,12.3903055,0.0003597605,9.078886e-05,1,0,1
285061024,284863628,284873258,0,-69.55473,12.359898,0.22671509,0.110498376,12.390236,0.00016593625,0.00012251455,1,0,1
285573386,285381967,285385485,0,-68.84623,12.359795,-0.35551453,0.05350917,12.389563,0.000408055,3.0086072e-05,1,0,1
286036215,285843677,285848459,0,-69.08534,12.359835,0.1157074,0.025401706,12.389915,4.32229e-05,1.49842745e-05,1,0,1
286558367,286362059,286370535,0,-68.75438,12.359894,-0.042175293,-0.06823394,12.389326,5.742864e-06,-8.026674e-05,1,0,1
287070562,286880465,286882762,0,-68.263535,12.359791,-0.3629074,-0.18026665,12.390033,0.0004251862,-0.00021512406,1,0,1
287533816,287339546,287345735,0,-68.51882,12.359829,0.14694214,-0.04890734,12.390064,6.9707436e-05,-0.000100300305,1,0,1
288045740,287857930,287857961,0,-68.36789,12.359724,0.13067627,-0.15200478,12.389143,5.513307e-05,-0.000250106,1,0,1
288567840,288376530,288380038,0,-67.66654,12.359785,-0.47233582,-0.2672103,12.388445,0.00072035234,-0.00039479195,1,0,1
289030789,288838159,288843012,0,-67.62357,12.359823,-0.3237915,-0.27390382,12.38855,0.00033850915,-0.00036954426,1,0,1
289553057,289356585,289365089,0,-67.45406,12.359883,-0.30957794,-0.26894394,12.389088,0.00030942875,-0.00035679224,1,0,1
290065168,289874946,289877315,0,-67.840866,12.359778,0.08105469,-0.2670946,12.388464,2.1212838e-05,-0.00037832154,1,0,1
290528095,290336695,290340289,0,-67.276405,12.359814,-0.31123352,-0.19762866,12.388527,0.00031276135,-0.00021569076,1,0,1
291050279,290855122,290862365,0,-66.8372,12.359875,-0.35839844,-0.28443173,12.388137,0.0004147498,-0.00040013005,1,0,1
291562391,291373413,291374591,0,-66.53357,12.359769,-0.17838287,-0.35261294,12.387696,0.00010274856,-0.0005539757,1,0,1
292025331,291832552,291837565,0,-65.65464,12.359808,-0.62732697,-0.44778967,12.388485,0.001270661,-0.00088162615,1,0,1
292547620,292350855,292359641,0,-65.24077,12.359868,-0.50388336,-0.386676,12.389741,0.00081970537,-0.00064585777,1,0,1
293059933,292869278,292871867,0,-65.25592,12.359763,-0.047302246,-0.37076128,12.389748,7.2237226e-06,-0.00064408773,1,0,1
293522608,293331042,293334840,0,-64.05494,12.359802,-0.7912903,-0.45362142,12.390245,0.0020213975,-0.0009171947,1,0,1
294044742,293849367,293856916,0,-63.862,12.359866,-0.5853882,-0.47286293,12.390049,0.001106305,-0.00090186147,1,0,1
294556994,294367868,294369142,0,-64.41734,12.359759,-0.03074646,-0.34107178,12.389292,3.052135e-06,-0.000569777,1,0,1
295020000,294829480,294832115,0,-64.72645,12.359798,0.02758789,-0.20802778,12.389751,2.4571655e-06,-0.00031722963,1,0,1
295542190,295347917,295354193,0,-64.28074,12.35986,-0.40405273,-0.13641761,12.39062,0.00052703934,-0.0001958948,1,0,1
296054169,295866239,295866417,0,-64.67585,12.359757,0.14840698,-0.1071526,12.390157,7.110364e-05,-0.00016695177,1,0,1
296576546,296384684,296388493,0,-64.49893,12.359819,0.059562683,-0.15883838,12.389503,1.1453933e-05,-0.00023295805,1,0,1
297039214,296843762,296851466,0,-63.857666,12.359856,-0.49221802,-0.23166798,12.389862,0.0007821833,-0.00031426462,1,0,1
297551687,297362100,297363692,0,-64.37734,12.35975,-0.09523773,-0.14057146,12.387789,2.9287634e-05,-0.0002210057,1,0,1
298073526,297880471,297885768,0,-64.4777,12.359816,-0.19457245,-0.1962106,12.389178,0.00012223066,-0.000268487,1,0,1
298536700,298342186,298348741,0,-64.45429,12.359849,-0.5475006,-0.2671743,12.389468,0.0009677798,-0.00035667958,1,0,1
299048787,298860596,298860966,0,-65.42803,12.359741,0.004501343,-0.21103393,12.388711,6.542113e-08,-0.000261707,1,0,1
299570864,299378946,299383042,0,-66.16429,12.359805,0.18067169,-0.1661338,12.388094,0.00010539881,-0.00020648308,1,0,1
300034004,299840678,299846014,0,-66.0596,12.359842,-0.3285675,-0.1330969,12.388225,0.00034857812,-0.00016575454,1,0,1
300555855,300359063,300368090,0,-66.856544,12.359905,0.15013885,-0.09338266,12.387552,7.278815e-05,-0.00010533602,1,0,1
301068141,300877499,300880315,0,-66.614624,12.359799,-0.30584717,-0.16382438,12.388126,0.00030203917,-0.00020292397,1,0,1
301531101,301336422,301343288,0,-66.58676,12.359835,-0.6121979,-0.21865223,12.388146,0.0012101446,-0.00035751518,1,0,1
302043492,301854879,301855512,0,-67.2757,12.359728,-0.27184296,-0.3044265,12.387307,0.00023862682,-0.0005176475,1,0,1
302565386,302373320,302377587,0,-68.345924,12.35979,0.07698059,-0.31003264,12.386715,1.9136667e-05,-0.0004905188,1,0,1
303028525,302834980,302840560,0,-68.6274,12.359826,-0.08628082,-0.18559128,12.386883,2.403956e-05,-0.0002547352,1,0,1
303550608,303353378,303362634,0,-69.22746,12.359887,0.15190887,-0.23551194,12.387497,7.451483e-05,-0.00037809485,1,0,1
304062983,303871805,303874859,0,-69.267075,12.359784,-0.33476257,-0.26838902,12.38697,0.00036188346,-0.00036827158,1,0,1
304525641,304333469,304337831,0,-70.058525,12.35982,0.00077056885,-0.14876126,12.387085,1.9174047e-09,-0.0002168455,1,0,1
305047716,304851934,304859906,0,-70.77874,12.3598795,0.15776062,-0.21149392,12.38669,8.037147e-05,-0.0003848578,1,0,1
305560127,305370244,305372130,0,-70.6203,12.359774,-0.5790024,-0.24448048,12.385955,0.0010826578,-0.0003937975,1,0,1
306022969,305829288,305835102,0,-72.06809,12.359812,0.43667603,-0.062384486,12.386255,0.0006157986,-9.9517194e-05,1,0,1
306545198,306347769,306357177,0,-71.99398,12.359875,-0.0047454834,-0.15810546,12.387023,7.272002e-08,-0.00026305663,1,0,1
307057177,306866281,306869401,0,-72.143486,12.359768,-0.30493164,-0.07644567,12.386643,0.0003002696,-0.00011412335,1,0,1
307579235,307384599,307391475,0,-73.01775,12.359829,0.15885925,-0.031532217,12.386203,8.149798e-05,-7.951325e-05,1,0,1
308042540,307846194,307854447,0,-73.264206,12.359865,-0.21006775,0.0068067587,12.386435,0.00014250577,-1.2118967e-05,1,0,1
308554428,308364606,308366670,0,-74.13716,12.359758,0.07495117,0.1434366,12.385649,1.814254e-05,0.00015685905,1,0,1
309076490,308882958,308888745,0,-74.77362,12.359821,0.20612335,0.20348491,12.386619,0.00013720237,0.00027012086,1,0,1
309539712,309344677,309351716,0,-74.82653,12.359858,-0.059158325,0.17576602,12.386547,1.130164e-05,0.00020821013,1,0,1
310051720,309863043,309863940,0,-74.93416,12.359753,-0.0048294067,0.04688417,12.386095,7.532049e-08,2.9140047e-05,1,0,1
310574037,310381309,310386015,0,-75.30247,12.359819,0.13189697,-0.04001031,12.385645,5.618379e-05,-4.1600542e-05,1,0,1
311036743,310840313,310848987,0,-75.32573,12.359853,0.037132263,-0.05004358,12.385888,4.452825e-06,-3.6862806e-05,1,0,1
311549125,311358670,311361211,0,-75.54344,12.359749,0.22837067,-0.046240274,12.385195,0.00016843711,-7.253305e-05,1,0,1
312071080,311877119,311883285,0,-75.47756,12.359812,0.0093688965,-0.016682493,12.384934,2.8349353e-07,-1.3416114e-05,1,0,1
312534239,312338775,312346256,0,-75.54147,12.35985,0.042922974,-0.014599463,12.385365,5.9501895e-06,-4.922407e-05,1,0,1
313046263,312857209,312858480,0,-76.0766,12.359742,0.4419403,-0.0002781701,12.385047,0.00063079695,1.3893843e-05,1,0,1
313569069,313375558,313380554,0,-75.52413,12.359806,-0.2659607,-0.053804155,12.384889,0.00022845612,-5.5220433e-05,1,0,1
314031307,313837272,313843526,0,-76.119675,12.359841,0.3512802,0.015838135,12.385349,0.00039852827,2.1032207e-05,1,0,1
314543756,314355727,314355750,0,-75.75009,12.359738,0.015274048,-0.123173855,12.38617,7.534097e-07,-0.00020473277,1,0,1
315065620,314874062,314877824,0,-75.24593,12.3598,-0.5027771,-0.11408674,12.385974,0.0008163583,-0.00021959847,1,0,1
315528712,315333117,315340795,0,-75.86607,12.359838,0.21853638,-0.026655115,12.386266,0.00015422936,-7.288381e-05,1,0,1
316040769,315851567,315853019,0,-75.504105,12.35973,-0.07645416,-0.039584,12.385703,1.8877374e-05,-6.0814895e-05,1,0,1
316562920,316370059,316375093,0,-75.49794,12.359797,0.04509735,0.04972445,12.385323,6.5683266e-06,4.8270973e-05,1,0,1
317025863,316831768,316838064,0,-75.654686,12.359831,0.15983582,-0.04144867,12.3856325,8.250685e-05,-4.5005883e-05,1,0,1
317538059,317350188,317350288,0,-75.38474,12.359724,-0.14614868,-0.08733181,12.386322,6.89775e-05,-0.00010657527,1,0,1
318060147,317868608,317872361,0,-75.99057,12.359788,0.16064453,-0.09847822,12.38601,8.334133e-05,-0.00014624339,1,0,1
318523112,318330243,318335332,0,-75.67481,12.359827,-0.49790955,-0.121857,12.386233,0.00080061116,-0.00017268672,1,0,1
319045490,318848672,318857406,0,-76.48874,12.359884,0.060958862,-0.06966876,12.385913,1.2000675e-05,-9.088732e-05,1,0,1
319557580,319367129,319369629,0,-76.60353,12.359781,-0.24217987,-0.11444467,12.385222,0.0001894228,-0.00014451487,1,0,1
320020386,319826080,319832600,0,-77.135,12.3598175,0.069610596,-0.027338095,12.385531,1.564934e-05,-7.93289e-05,1,0,1
320532782,320344529,320344823,0,-77.4824,12.359713,0.1200943,-0.062132377,12.386222,4.6576402e-05,-0.00011241378,1,0,1
321054660,320862870,320866896,0,-77.47436,12.359776,-0.12188721,0.012044236,12.385887,4.797877e-05,-5.885351e-06,1,0,1
321576752,321381277,321388970,0,-77.94942,12.3598385,0.23330688,-0.015579108,12.385444,0.0001757938,-3.6508525e-05,1,0,1
322039727,321842965,321851941,0,-77.53789,12.359873,-0.23996735,0.010054301,12.385719,0.00018597007,7.882574e-06,1,0,1
322552189,322361384,322364163,0,-78.110756,12.359771,0.4647751,0.061649896,12.386149,0.0006976046,8.7412314e-05,1,0,1
323074187,322879810,322886237,0,-77.756386,12.359831,0.13993835,0.12273706,12.38607,6.324118e-05,0.00014592744,1,0,1
323537028,323341464,323349207,0,-77.58192,12.359866,0.21130371,0.24245577,12.386259,0.00014418966,0.00038954563,1,0,1
324049224,323859913,323861430,0,-77.230675,12.359762,0.006134033,0.1588826,12.385606,1.2151642e-07,0.00023644906,1,0,1
324571753,324378316,324383503,0,-77.16704,12.359827,0.17775726,0.2286715,12.385121,0.00010205034,0.00032312554,1,0,1
325034257,324837281,324846473,0,-77.13673,12.359862,0.21999359,0.1785434,12.385331,0.00015630484,0.00023270525,1,0,1
325546495,325355602,325358696,0,-76.73812,12.359756,-0.17541504,0.171226,12.385875,9.9372664e-05,0.00021594552,1,0,1
326068593,325873867,325880769,0,-77.434555,12.359818,0.4344406,0.11779073,12.385434,0.00060955033,0.00016905797,1,0,1
326531849,326335610,326343739,0,-77.26586,12.359855,0.09272003,0.2063854,12.38555,2.7764629e-05,0.00032132934,1,0,1
327043788,326853966,326855962,0,-77.30523,12.359749,0.2849884,0.11833687,12.384877,0.00026231474,0.00015399542,1,0,1
327565820,327372410,327378035,0,-76.22089,12.359812,-0.44891357,0.0037936866,12.384439,0.00065089227,1.1602408e-05,1,0,1
328028829,327834154,327841006,0,-76.1912,12.359849,-0.10475922,-0.09446111,12.384685,3.544537e-05,-0.00013154648,1,0,1
328540982,328352472,328353228,0,-76.161736,12.359745,-0.015922546,-0.115319885,12.385289,8.18802e-07,-0.00024125782,1,0,1
329063133,328870912,328875301,0,-76.23297,12.359808,0.23338318,-0.09142317,12.384991,0.00017591522,-0.00015476275,1,0,1
329526127,329329861,329338272,0,-75.64107,12.359843,0.015029907,-0.070108354,12.385193,7.2957477e-07,-0.00010774567,1,0,1
330038247,329848303,329850495,0,-75.01858,12.359736,-0.09365845,-0.29105526,12.384611,2.833163e-05,-0.0005148947,1,0,1
330560562,330366737,330372568,0,-73.92225,12.359801,-0.753067,-0.39361596,12.384241,0.0018317149,-0.00071586063,1,0,1
331023329,330828376,330835538,0,-74.22449,12.35984,-0.1646347,-0.489583,12.384541,8.754329e-05,-0.0010411224,1,0,1
331535763,331346821,331347761,0,-73.497696,12.359732,-0.560936,-0.5053031,12.385169,0.0010162127,-0.00097623,1,0,1
332057892,331865165,331869834,0,-73.79303,12.359797,-0.15411377,-0.4759761,12.384862,7.670995e-05,-0.0008790632,1,0,1
332579688,332383601,332391907,0,-72.555984,12.3598585,-1.0026321,-0.535002,12.3844595,0.0032468797,-0.0011442614,1,0,1
333042705,332845266,332854877,0,-72.3119,12.359898,-0.7720947,-0.6381541,12.384761,0.001925367,-0.001512492,1,0,1
333554849,333363664,333367100,0,-71.55913,12.359791,-0.8618469,-0.6670546,12.384141,0.0023991335,-0.0015464349,1,0,1
334076932,333882130,333889173,0,-71.02983,12.359853,-0.86164856,-0.7611174,12.385246,0.002397815,-0.0020375138,1,0,1
334530065,334341079,334342292,0,-71.056755,12.359721,-0.42140198,-0.6859973,12.385249,0.00057351973,-0.001720573,1,0,1
335052146,334859724,334864365,0,-70.297005,12.359785,-0.73067474,-0.6233187,12.385078,0.0017242866,-0.0014571887,1,0,1
335574281,335378058,335386437,0,-70.179924,12.359846,-0.29212952,-0.6004092,12.384777,0.0002756276,-0.0013668343,1,0,1
336037161,335839803,335849407,0,-69.85561,12.359881,-0.11823273,-0.5136153,12.385149,4.514755e-05,-0.0010951316,1,0,1
336549410,336358230,336361629,0,-68.743965,12.359778,-0.6765976,-0.48493344,12.384518,0.0014785696,-0.0009780573,1,0,1
337071463,336876547,336883701,0,-68.460144,12.359842,-0.2203598,-0.4181339,12.385635,0.00015682181,-0.00076024135,1,0,1
337534456,337338117,337346671,0,-67.765526,12.359876,-0.2522812,-0.38206396,12.385855,0.00020554349,-0.00067011884,1,0,1
338046696,337856466,337858893,0,-66.972694,12.359773,-0.3950119,-0.39864096,12.3852415,0.0005039366,-0.0007146274,1,0,1
338568877,338374915,338380965,0,-66.44351,12.359836,-0.19408417,-0.31546596,12.384826,0.000121660705,-0.00064926525,1,0,1
339021886,338833866,338834084,0,-65.39478,12.359706,-0.6643677,-0.4174574,12.384848,0.0014255627,-0.00084419665,1,0,1
339544218,339352268,339356156,0,-65.267265,12.359767,-0.15655518,-0.45210132,12.385841,7.915336e-05,-0.000979754,1,0,1
340066013,339870705,339878227,0,-64.69918,12.359831,-0.25922394,-0.34887415,12.385545,0.00021701766,-0.00061623077,1,0,1
340529053,340332362,340341196,0,-64.15817,12.359866,-0.51768494,-0.4417019,12.385777,0.00086550135,-0.00087371,1,0,1
341041201,340850810,340853417,0,-64.01466,12.359764,-0.24671173,-0.34756136,12.385219,0.00019657846,-0.00059309666,1,0,1
341563296,341369164,341375489,0,-63.364426,12.359825,-0.5029259,-0.34992605,12.384839,0.00081691635,-0.0005628344,1,0,1
342075490,341887560,341887710,0,-63.455544,12.359719,-0.024280548,-0.3166201,12.385667,1.903959e-06,-0.00051409105,1,0,1
342538433,342349279,342350678,0,-63.265335,12.359757,0.19759369,-0.28522316,12.385892,0.00012608948,-0.0005670121,1,0,1
343060536,342867703,342872749,0,-61.97029,12.359822,-0.70645905,-0.30764276,12.385594,0.0016118222,-0.0006129529,1,0,1
343523548,343326680,343335718,0,-61.92913,12.359856,-0.314785,-0.29318023,12.385817,0.00032000992,-0.0005380511,1,0,1
344035742,343845091,343847939,0,-61.772537,12.359751,0.043312073,-0.18522622,12.385208,6.0586326e-06,-0.00033855802,1,0,1
344557806,344363529,344370009,0,-60.637207,12.359814,-0.6093674,-0.18237087,12.3848095,0.0011993033,-0.00032796213,1,0,1
345070696,344881914,344882229,0,-60.758255,12.359709,0.12754822,-0.12604408,12.385618,5.2540126e-05,-0.00019303871,1,0,1
345533052,345343568,345345198,0,-59.7583,12.359747,-0.19268417,-0.19258626,12.385827,0.000119902164,-0.0002970803,1,0,1
346055105,345862009,345867268,0,-58.420044,12.35981,-0.7825699,-0.24118783,12.385496,0.0019778477,-0.00051766343,1,0,1
346577097,346380541,346389338,0,-58.350784,12.35987,-0.0690155,-0.32643548,12.385067,1.5383492e-05,-0.00059767044,1,0,1
347030484,346842288,346842458,0,-57.734543,12.359741,-0.07820511,-0.27025244,12.385086,1.9752917e-05,-0.00047392724,1,0,1
347552509,347360737,347364526,0,-56.504158,12.359802,-0.6333122,-0.28780586,12.385827,0.001295301,-0.00051058334,1,0,1
348074360,347879058,347886596,0,-56.30464,12.359863,-0.05181122,-0.33182177,12.385762,8.669317e-06,-0.0006026499,1,0,1
348527481,348338071,348339713,0,-55.46205,12.359733,-0.1499443,-0.33148935,12.385672,7.261066e-05,-0.00057657174,1,0,1
349049545,348856482,348861783,0,-53.884636,12.3597975,-0.93522644,-0.4045126,12.385361,0.0028247815,-0.0008243352,1,0,1
349571691,349374863,349383853,0,-54.043404,12.359857,0.04351425,-0.3419686,12.384946,6.115457e-06,-0.0006121183,1,0,1
350024758,349836601,349836970,0,-53.160385,12.359724,-0.17933655,-0.36295962,12.384956,0.000103873106,-0.0006765569,1,0,1
350547697,350354963,350359040,0,-51.258514,12.359788,-1.3718987,-0.5840352,12.385706,0.0060783164,-0.001587779,1,0,1
351068961,350873353,350881109,0,-51.699646,12.35985,-0.3318901,-0.6112726,12.385702,0.00035573615,-0.001544394,1,0,1
351531847,351335143,351344076,0,-51.106567,12.359885,-0.37939453,-0.5838927,12.385979,0.00046484888,-0.0013581702,1,0,1
352044107,351853458,351856295,0,-50.297882,12.35978,-0.7469406,-0.52578527,12.385431,0.0018018599,-0.0012543763,1,0,1
352566236,352371716,352378364,0,-50.373047,12.359842,-0.17440796,-0.4267005,12.385038,9.824156e-05,-0.0009013912,1,0,1
353078547,352890071,352890583,0,-49.49234,12.359738,-0.48957062,-0.39964536,12.385855,0.00077404233,-0.0007257859,1,0,1
353541332,353349066,353353549,0,-49.384346,12.359775,-0.3393898,-0.28949365,12.386049,0.0003719844,-0.0005526552,1,0,1
354063408,353867529,353875618,0,-49.589073,12.359837,-0.054332733,-0.20719452,12.385669,9.533747e-06,-0.000303505,1,0,1
354575586,354385926,354387836,0,-49.783638,12.359731,0.08368683,-0.08233191,12.384881,2.2619466e-05,-0.000114153416,1,0,1
355038790,354847839,354850802,0,-49.254456,12.359771,-0.35172272,-0.070200205,12.385116,0.00039954044,-8.755872e-05,1,0,1
355560638,355366136,355372871,0,-49.743813,12.359833,0.42762756,0.0046070865,12.384626,0.00059062045,1.868099e-05,1,0,1
356073028,355884568,355885089,0,-48.896187,12.359725,0.052261353,-0.018275224,12.3853,8.820937e-06,-1.6448754e-05,1,0,1
356535815,356346310,356348055,0,-48.114586,12.359762,-0.28863144,-0.008994029,12.385444,0.00026905167,-3.7208254e-06,1,0,1
357057952,356864646,356870123,0,-47.575386,12.359825,-0.12119293,-0.085077435,12.385089,4.7436806e-05,-6.6026674e-05,1,0,1
357580227,357383089,357392191,0,-46.99002,12.359888,0.0063209534,-0.06243963,12.384654,1.2904502e-07,-4.610773e-05,1,0,1
358033103,357842082,357845307,0,-45.77569,12.359756,-0.5211334,-0.17172171,12.384613,0.00087715307,-0.00020178656,1,0,1
358555335,358360466,358367374,0,-45.276833,12.359818,-0.29854584,-0.29343826,12.384205,0.0002878816,-0.00041692646,1,0,1
359067397,358878910,358879592,0,-44.896515,12.359712,-0.07765198,-0.2550616,12.384897,1.9474783e-05,-0.0003196914,1,0,1
359530343,359340629,359342557,0,-44.13443,12.359748,-0.34692,-0.27325284,12.385082,0.00038870474,-0.0003632011,1,0,1
360052695,359858994,359864625,0,-43.816216,12.359811,-0.13423538,-0.25028569,12.384799,5.81976e-05,-0.00033806922,1,0,1
360574509,360377419,360386692,0,-43.073204,12.359872,-0.2259903,-0.23605588,12.384422,0.00016495437,-0.00027716582,1,0,1
361027624,360839090,360839808,0,-42.2053,12.359743,-0.5089226,-0.27911657,12.384428,0.00083654147,-0.00034216294,1,0,1
361549890,361357497,361361875,0,-41.313103,12.359806,-0.431221,-0.41493443,12.385166,0.0006005622,-0.0007236569,1,0,1
362071746,361875956,361883942,0,-40.55139,12.359865,-0.41583633,-0.4678349,12.385081,0.0005584779,-0.0008839154,1,0,1
362524825,362334865,362337058,0,-39.85064,12.359735,-0.7652931,-0.5297687,12.384987,0.0018915598,-0.0010885998,1,0,1
363047125,362853316,362859125,0,-40.095047,12.359798,-0.16666412,-0.40865323,12.384713,8.9713605e-05,-0.00073751615,1,0,1
363569284,363371699,363381192,0,-39.557716,12.359862,-0.27285767,-0.2396913,12.384339,0.00024046919,-0.0003445881,1,0,1
364022358,363833391,363834307,0,-39.118355,12.359729,-0.169693,-0.29742905,12.384341,9.300684e-05,-0.00039295948,1,0,1
364544456,364351828,364356373,0,-38.126495,12.359794,-0.47050858,-0.30441928,12.385061,0.000714985,-0.000377889,1,0,1
365066213,364870171,364878440,0,-37.691788,12.359855,-0.12605286,-0.30761567,12.3849745,5.1318064e-05,-0.0004230273,1,0,1
365529426,365331718,365341405,0,-37.05503,12.359895,-0.34526443,-0.27731216,12.385181,0.00038500052,-0.00042993546,1,0,1
366041382,365850150,365853622,0,-36.724113,12.359788,-0.16190338,-0.29564843,12.384632,8.466204e-05,-0.0004053778,1,0,1
366563765,366368471,366375689,0,-35.996056,12.359851,-0.28751755,-0.3711589,12.384304,0.00026700358,-0.0005754932,1,0,1
367075659,366886952,366887905,0,-34.75477,12.359745,-0.7843361,-0.40150723,12.385112,0.001986847,-0.0006864165,1,0,1
367538926,367346274,367350870,0,-35.52642,12.359783,1.1006813,-0.2485432,12.385195,0.003912734,-0.00014721621,1,0,1
368060697,367864678,367872937,0,-34.775032,12.359843,0.3451004,0.105147064,12.386005,0.0003846092,0.0001988028,1,0,1
368573168,368383063,368385154,0,-34.69137,12.359737,0.29184723,0.18592577,12.38593,0.00027506956,0.00021379827,1,0,1
369035871,368844754,368848121,0,-34.559944,12.3597765,0.28027344,0.29505,12.3868065,0.00025366733,0.00037487855,1,0,1
369558208,369363211,369370189,0,-34.749886,12.359842,0.62981796,0.4803985,12.38661,0.001280966,0.0008629334,1,0,1
370070208,369881544,369882408,0,-34.467003,12.359735,0.4162178,0.55793226,12.387597,0.00055938936,0.0010856073,1,0,1
370533313,370343098,370345376,0,-34.63864,12.359775,0.6222763,0.5717585,12.387696,0.0012503626,0.0010972142,1,0,1
371055470,370861506,370867446,0,-34.446938,12.359838,0.45518494,0.53753316,12.387065,0.0006690635,0.00097445515,1,0,1
371577259,371379859,371389516,0,-34.681404,12.359902,0.71071625,0.5457257,12.386299,0.0016312139,0.0009958148,1,0,1
372030676,371838920,371842634,0,-34.429688,12.35977,0.47837448,0.54407144,12.386046,0.0007390321,0.0009808922,1,0,1
372552462,372357249,372364706,0,-34.326363,12.359833,0.3858757,0.50834876,12.385335,0.00048089153,0.0008647464,1,0,1
373064714,372875671,372876927,0,-34.391647,12.359725,0.47921753,0.51302373,12.385872,0.00074164965,0.00087563833,1,0,1
373527715,373337347,373339897,0,-34.527695,12.359766,0.625885,0.5009534,12.385882,0.001265092,0.00083145377,1,0,1
374049801,373855782,373861969,0,-34.403534,12.359826,0.5023384,0.49366307,12.38539,0.0008149726,0.000815473,1,0,1
374571783,374374227,374384041,0,-34.430504,12.359886,0.5276413,0.47701213,12.38485,0.00089918036,0.00076630333,1,0,1
375025217,374835900,374837161,0,-34.25512,12.3597555,0.35694504,0.40659788,12.384761,0.00041150494,0.00060276734,1,0,1
375547190,375354300,375359235,0,-34.075577,12.35982,0.18761063,0.37372854,12.38542,0.000113674774,0.0005139686,1,0,1
376069106,375872678,375881309,0,-34.181343,12.359878,0.29767227,0.3138552,12.385268,0.00028617476,0.00036287348,1,0,1
376522263,376331652,376334429,0,-34.115906,12.359749,0.23806,0.31457067,12.385143,0.00018303402,0.0003544813,1,0,1
377044261,376850105,376856504,0,-34.16017,12.359812,0.27854538,0.27261534,12.384832,0.00025058887,0.00026219263,1,0,1
377556608,377368450,377368728,0,-34.039734,12.359707,0.15258789,0.20571811,12.384151,7.520278e-05,0.00018395182,1,0,1
378078814,377886881,377890803,0,-34.066605,12.359768,0.1983757,0.20128185,12.38518,0.00012709679,0.00017850597,1,0,1
378541814,378348573,378353776,0,-33.905632,12.359805,0.037521362,0.16587834,12.385188,4.5468914e-06,0.00012871738,1,0,1
379063655,378866999,378875851,0,-33.93892,12.359865,0.07611084,0.12665175,12.385118,1.8709101e-05,8.8418594e-05,1,0,1
379575896,379385322,379388077,0,-33.949654,12.359764,0.081912994,0.12397985,12.384451,2.1671494e-05,7.784484e-05,1,0,1
380039194,379847099,379851051,0,-33.984375,12.359799,0.12613678,0.11916304,12.384755,5.138733e-05,7.24207e-05,1,0,1
380560899,380365531,380373128,0,-33.930084,12.35986,0.073158264,0.1328077,12.384386,1.7286708e-05,8.003308e-05,1,0,1
381073204,380883853,380885354,0,-33.987625,12.359756,0.14666748,0.09897254,12.38513,6.9474765e-05,4.804689e-05,1,0,1
381536084,381342924,381348328,0,-33.726692,12.359796,-0.1075058,0.08003902,12.385343,3.732637e-05,4.845949e-05,1,0,1
382058158,381861269,381870406,0,-33.810463,12.359857,-0.024715424,0.06271573,12.385049,1.9728695e-06,3.4988538e-05,1,0,1
382570393,382379688,382382635,0,-33.829514,12.359752,-0.004436493,0.021141883,12.384378,6.3571925e-08,1.0480674e-05,1,0,1
383033358,382841342,382845608,0,-33.665108,12.359788,-0.15773773,-0.028955493,12.384679,8.03612e-05,-1.35891105e-05,1,0,1
383555508,383359771,383367687,0,-33.622704,12.359851,-0.19755936,-0.030104373,12.384308,0.00012606179,-1.773686e-05,1,0,1
384068068,383878147,383879915,0,-33.938087,12.359745,0.1315918,0.015862789,12.385037,5.592684e-05,5.2362793e-06,1,0,1
384530651,384339863,384342891,0,-33.930634,12.359783,0.089164734,0.066152446,12.3852415,2.5676849e-05,2.774682e-05,1,0,1
385052757,384858312,384864970,0,-33.810097,12.359846,-0.1334343,-0.022062952,12.384961,5.7504298e-05,-1.1611822e-05,1,0,1
385564959,385376674,385377199,0,-33.953583,12.359742,-0.1332283,-0.16568388,12.384281,5.733003e-05,-0.0001644245,1,0,1
386028805,385835707,385840176,0,-33.952065,12.359777,-0.26616287,-0.23902702,12.384586,0.00022880918,-0.00025315225,1,0,1
386550224,386354048,386362256,0,-33.96405,12.3598385,-0.43379593,-0.36554757,12.384279,0.0006077993,-0.0005034014,1,0,1
387062302,386872483,386874486,0,-33.869637,12.359732,-0.70739746,-0.55989474,12.384148,0.0016162958,-0.0011248259,1,0,1
387525222,387334243,387337464,0,-34.107697,12.359771,-0.61403275,-0.6441512,12.384515,0.0012177665,-0.0014193523,1,0,1
388047348,387852556,387859545,0,-33.835564,12.359836,-1.0709724,-0.784523,12.384398,0.003704603,-0.002081302,1,0,1
388559513,388371011,388371776,0,-34.189407,12.359727,-0.8953476,-0.9221808,12.383865,0.0025893284,-0.0028284767,1,0,1
389022572,388832675,388834754,0,-34.177673,12.359764,-1.0463104,-1.0007696,12.384247,0.0035359939,-0.0033015725,1,0,1
389544791,389351080,389356836,0,-34.14527,12.359828,-1.2143593,-1.105623,12.385035,0.0047627436,-0.0040052324,1,0,1
390066681,389869477,389878919,0,-34.296806,12.35989,-1.2185326,-1.1306005,12.384999,0.0047955485,-0.0041592987,1,0,1
390519788,390328510,390332047,0,-34.403183,12.359758,-1.2283897,-1.1545638,12.38495,0.004873468,-0.0043344963,1,0,1
391041883,390846847,390854130,0,-34.423813,12.359822,-1.3374062,-1.2652562,12.384692,0.0057769874,-0.005226669,1,0,1
391554836,391365354,391366362,0,-34.647354,12.359716,-1.2360535,-1.247738,12.3840475,0.0049348264,-0.005066725,1,0,1
392076193,391883660,391888446,0,-34.631767,12.359781,-1.336731,-1.3278112,12.385078,0.0057709757,-0.005751668,1,0,1
392539219,392345417,392351426,0,-34.686066,12.359817,-1.3613548,-1.346338,12.385707,0.005985244,-0.005909922,1,0,1
