timestamp,data_rate,rate_multiplier,tx_rate_avg,tx_error_rate_avg,tx_message_count,tx_buffer_overruns,rx_rate_avg,rx_message_count,rx_message_lost_count,rx_buffer_overruns,rx_parse_errors,rx_packet_drop_count,rx_message_lost_rate,type,mode,flow_control,forwarding,mavlink_v2,ftp,streams,heartbeat_type_antenna_tracker,heartbeat_type_gcs,heartbeat_type_onboard_controller,heartbeat_type_gimbal,heartbeat_type_adsb,heartbeat_type_camera,heartbeat_type_parachute,heartbeat_type_open_drone_id,heartbeat_component_telemetry_radio,heartbeat_component_log,heartbeat_component_osd,heartbeat_component_vio,heartbeat_component_pairing_manager,heartbeat_component_udp_bridge,heartbeat_component_uart_bridge,open_drone_id_system_healthy,parachute_system_healthy
78655704,3000.0,0.95907533,1913.6514,0.0,4168,0,41.88294,171,0,0,0,4,0.0,0,0,1,1,1,1,54,0,1,0,0,0,0,0,0,0,0,0,0,0,0,0,0,0
79351722,3000.0,0.95907533,2817.2617,0.0,4216,0,41.989,173,0,0,0,4,0.0,0,0,1,1,1,1,54,0,1,0,0,0,0,0,0,0,0,0,0,0,0,0,0,0
80426742,3000.0,0.95907533,2599.1653,0.0,4282,0,41.79362,175,0,0,0,4,0.0,0,0,1,1,1,1,54,0,1,0,0,0,0,0,0,0,0,0,0,0,0,0,0,0
81426699,3000.0,0.95907533,2628.9634,0.0,4346,0,67.999054,178,0,0,0,4,0.0,0,0,1,1,1,1,54,0,1,0,0,0,0,0,0,0,0,0,0,0,0,0,0,0
82771717,3000.0,0.95907533,2621.867,0.0,4428,0,41.79067,180,0,0,0,4,0.0,0,0,1,1,1,1,54,0,1,0,0,0,0,0,0,0,0,0,0,0,0,0,0,0
83426758,3000.0,0.95907533,2879.9941,0.0,4483,0,41.999916,182,0,0,0,4,0.0,0,0,1,1,1,1,54,0,1,0,0,0,0,0,0,0,0,0,0,0,0,0,0,0
84816701,3000.0,0.95907533,2553.2441,0.0,4560,0,41.791214,184,0,0,0,4,0.0,0,0,1,1,1,1,54,0,1,0,0,0,0,0,0,0,0,0,0,0,0,0,0,0
85506699,3000.0,0.95907533,2567.2178,0.0,4617,0,41.791916,186,0,0,0,4,0.0,0,0,1,1,1,1,54,0,1,0,0,0,0,0,0,0,0,0,0,0,0,0,0,0
86432764,3000.0,0.95907533,2788.5713,0.0,4661,0,41.73913,188,0,0,0,4,0.0,0,0,1,1,1,1,54,0,1,0,0,0,0,0,0,0,0,0,0,0,0,0,0,0
87432749,3000.0,0.95907533,2354.8147,0.0,4726,0,41.80144,190,0,0,0,4,0.0,0,0,1,1,1,1,54,0,1,0,0,0,0,0,0,0,0,0,0,0,0,0,0,0
88522984,3000.0,0.95907533,2648.8835,0.0,4788,0,41.998154,192,0,0,0,4,0.0,0,0,1,1,1,1,54,0,1,0,0,0,0,0,0,0,0,0,0,0,0,0,0,0
89512734,3000.0,0.95907533,2405.0803,0.0,4852,0,41.792873,194,0,0,0,4,0.0,0,0,1,1,1,1,54,0,1,0,0,0,0,0,0,0,0,0,0,0,0,0,0,0
90437719,3000.0,0.95907533,2606.965,0.0,4908,0,41.791046,196,0,0,0,4,0.0,0,0,1,1,1,1,54,0,1,0,0,0,0,0,0,0,0,0,0,0,0,0,0,0
91512734,3000.0,0.95907533,2431.949,0.0,4974,0,67.99857,199,0,0,0,4,0.0,0,0,1,1,1,1,54,0,1,0,0,0,0,0,0,0,0,0,0,0,0,0,0,0
92512722,3000.0,0.95907533,2710.5044,0.0,5041,0,41.791916,201,0,0,0,4,0.0,0,0,1,1,1,1,54,0,1,0,0,0,0,0,0,0,0,0,0,0,0,0,0,0
93618715,3000.0,0.95907533,2641.3584,0.0,5111,0,41.95804,203,0,0,0,4,0.0,0,0,1,1,1,1,54,0,1,0,0,0,0,0,0,0,0,0,0,0,0,0,0,0
94564702,3000.0,0.95907533,2639.3606,0.0,5171,0,41.95804,205,0,0,0,4,0.0,0,0,1,1,1,1,54,0,1,0,0,0,0,0,0,0,0,0,0,0,0,0,0,0
95514701,3000.0,0.95907533,2606.965,0.0,5230,0,41.791046,207,0,0,0,4,0.0,0,0,1,1,1,1,54,0,1,0,0,0,0,0,0,0,0,0,0,0,0,0,0,0
96629717,3000.0,0.95907533,2606.2935,0.0,5299,0,41.780277,209,0,0,0,4,0.0,0,0,1,1,1,1,54,0,1,0,0,0,0,0,0,0,0,0,0,0,0,0,0,0
97519701,3000.0,0.95907533,2442.27,0.0,5351,0,41.79924,211,0,0,0,4,0.0,0,0,1,1,1,1,54,0,1,0,0,0,0,0,0,0,0,0,0,0,0,0,0,0
98520701,3000.0,0.95907533,2544.504,0.0,5414,0,41.95884,213,0,0,0,4,0.0,0,0,1,1,1,1,54,0,1,0,0,0,0,0,0,0,0,0,0,0,0,0,0,0
99600701,3000.0,0.95907533,2520.5059,0.0,5480,0,41.792835,215,0,0,0,4,0.0,0,0,1,1,1,1,54,0,1,0,0,0,0,0,0,0,0,0,0,0,0,0,0,0
100506771,3000.0,0.95907533,2617.3276,0.0,5538,0,41.95716,217,0,0,0,4,0.0,0,0,1,1,1,1,54,0,1,0,0,0,0,0,0,0,0,0,0,0,0,0,0,0
101517700,3000.0,0.95907533,2392.0898,0.0,5599,0,41.791916,220,0,0,0,4,0.0,0,0,1,1,1,1,54,0,1,0,0,0,0,0,0,0,0,0,0,0,0,0,0,0
102622713,3000.0,0.95907533,2699.3005,0.0,5668,0,67.93207,222,0,0,0,4,0.0,0,0,1,1,1,1,54,0,1,0,0,0,0,0,0,0,0,0,0,0,0,0,0,0
103537701,3000.0,0.95907533,2368.308,0.0,5722,0,41.77612,224,0,0,0,4,0.0,0,0,1,1,1,1,54,0,1,0,0,0,0,0,0,0,0,0,0,0,0,0,0,0
104792703,3000.0,0.95907533,2318.1394,0.0,5800,0,41.804146,225,0,0,0,4,0.0,0,0,1,1,1,1,54,0,1,0,0,0,0,0,0,0,0,0,0,0,0,0,0,0
105633761,3000.0,0.95907533,2289.811,0.0,5852,0,20.979944,227,1,0,0,4,0.004405286,0,0,1,1,1,1,54,0,1,0,0,0,0,0,0,0,0,0,0,0,0,0,0,0
106514103,3000.0,0.95907533,2636.7556,0.0,5909,0,41.79009,229,1,0,0,4,0.0043668123,0,0,1,1,1,1,54,0,1,0,0,0,0,0,0,0,0,0,0,0,0,0,0,0
107984732,3000.0,0.95907533,2834.231,0.0,6000,0,41.959003,232,1,0,0,4,0.004310345,0,0,1,1,1,1,54,0,1,0,0,0,0,0,0,0,0,0,0,0,0,0,0,0
108595729,3000.0,0.95907533,2543.9338,0.0,6044,0,41.99891,233,1,0,0,4,0.0042918455,0,0,1,1,1,1,54,0,1,0,0,0,0,0,0,0,0,0,0,0,0,0,0,0
109560701,3000.0,0.95907533,2524.5234,0.0,6101,0,41.95884,235,1,0,0,4,0.004255319,0,0,1,1,1,1,54,0,1,0,0,0,0,0,0,0,0,0,0,0,0,0,0,0
110525716,3000.0,0.95907533,2502.4744,0.0,6164,0,41.99118,237,1,0,0,4,0.004219409,0,0,1,1,1,1,54,0,1,0,0,0,0,0,0,0,0,0,0,0,0,0,0,0
111680698,3000.0,0.936739,2846.3064,0.0,6239,0,67.674416,240,1,0,0,4,0.004166667,0,0,1,1,1,1,54,0,1,0,0,0,0,0,0,0,0,0,0,0,0,0,0,0
112836883,3000.0,0.936739,2651.9895,0.0,6313,0,41.984005,242,1,0,0,4,0.004132231,0,0,1,1,1,1,54,0,1,0,0,0,0,0,0,0,0,0,0,0,0,0,0,0
113526716,3000.0,0.936739,2778.358,0.0,6353,0,41.97519,244,1,0,0,4,0.0040983604,0,0,1,1,1,1,54,0,1,0,0,0,0,0,0,0,0,0,0,0,0,0,0,0
114787080,3000.0,0.936739,2656.9443,0.0,6444,0,41.99912,245,1,0,0,4,0.0040816325,0,0,1,1,1,1,54,0,1,0,0,0,0,0,0,0,0,0,0,0,0,0,0,0
116041706,3000.0,0.936739,2908.9854,0.0,6520,0,0.0,247,1,0,0,4,0.004048583,0,0,1,1,1,1,54,0,0,0,0,0,0,0,0,0,0,0,0,0,0,0,0,0
116531717,3000.0,0.936739,2598.023,0.0,6548,0,41.791252,248,3,0,0,4,0.012096774,0,0,1,1,1,1,54,0,1,0,0,0,0,0,0,0,0,0,0,0,0,0,0,0
117607075,3000.0,0.936739,2674.3235,0.0,6620,0,41.98938,250,3,0,0,4,0.012,0,0,1,1,1,1,54,0,1,0,0,0,0,0,0,0,0,0,0,0,0,0,0,0
118866697,3000.0,0.936739,2742.5125,0.0,6700,0,41.794456,251,3,0,0,4,0.011952192,0,0,1,1,1,1,54,0,1,0,0,0,0,0,0,0,0,0,0,0,0,0,0,0
119536696,3000.0,0.936739,2818.2554,0.0,6747,0,20.89808,253,4,0,0,4,0.015810277,0,0,1,1,1,1,54,0,1,0,0,0,0,0,0,0,0,0,0,0,0,0,0,0
120612699,3000.0,0.936739,2659.524,0.0,6812,0,41.960934,255,4,0,0,4,0.015686275,0,0,1,1,1,1,54,0,1,0,0,0,0,0,0,0,0,0,0,0,0,0,0,0
121612747,3000.0,0.936739,2780.0996,0.0,6883,0,67.66169,258,4,0,0,4,0.015503876,0,0,1,1,1,1,54,0,1,0,0,0,0,0,0,0,0,0,0,0,0,0,0,0
122867698,3000.0,0.936739,2758.6223,0.0,6959,0,41.782234,259,4,0,0,4,0.015444015,0,0,1,1,1,1,54,0,1,0,0,0,0,0,0,0,0,0,0,0,0,0,0,0
123612924,3000.0,0.936739,2340.7922,0.0,7012,0,20.899931,261,5,0,0,4,0.019157087,0,0,1,1,1,1,54,0,1,0,0,0,0,0,0,0,0,0,0,0,0,0,0,0
124862732,3000.0,0.936739,2607.9602,0.0,7090,0,41.791046,262,5,0,0,4,0.01908397,0,0,1,1,1,1,54,0,1,0,0,0,0,0,0,0,0,0,0,0,0,0,0,0
125537781,3000.0,0.936739,2842.7861,0.0,7140,0,20.895523,264,6,0,0,4,0.022727273,0,0,1,1,1,1,54,0,1,0,0,0,0,0,0,0,0,0,0,0,0,0,0,0
126793698,3000.0,0.936739,2715.1653,0.0,7217,0,41.956196,265,6,0,0,4,0.02264151,0,0,1,1,1,1,54,0,1,0,0,0,0,0,0,0,0,0,0,0,0,0,0,0
128049699,3000.0,0.936739,2656.8328,0.0,7301,0,20.896437,266,6,0,0,4,0.02255639,0,0,1,1,1,1,54,0,0,0,0,0,0,0,0,0,0,0,0,0,0,0,0,0
128539698,3000.0,0.936739,2832.1677,0.0,7324,0,20.97902,268,8,0,0,4,0.029850746,0,0,1,1,1,1,54,0,1,0,0,0,0,0,0,0,0,0,0,0,0,0,0,0
129654705,3000.0,0.936739,2561.7566,0.0,7396,0,41.99601,270,8,0,0,4,0.02962963,0,0,1,1,1,1,54,0,1,0,0,0,0,0,0,0,0,0,0,0,0,0,0,0
130909698,3000.0,0.936739,2887.7893,0.0,7486,0,41.79433,271,8,0,0,4,0.029520296,0,0,1,1,1,1,54,0,1,0,0,0,0,0,0,0,0,0,0,0,0,0,0,0
131544736,3000.0,0.936739,2598.3865,0.0,7520,0,46.970833,274,9,0,0,4,0.032846715,0,0,1,1,1,1,54,0,1,0,0,0,0,0,0,0,0,0,0,0,0,0,0,0
132624696,3000.0,0.936739,2955.443,0.0,7591,0,41.808224,276,9,0,0,4,0.032608695,0,0,1,1,1,1,54,0,1,0,0,0,0,0,0,0,0,0,0,0,0,0,0,0
133620696,3000.0,0.936739,2474.08,0.0,7655,0,41.96743,278,9,0,0,4,0.0323741,0,0,1,1,1,1,54,0,1,0,0,0,0,0,0,0,0,0,0,0,0,0,0,0
134700697,3000.0,0.936739,2796.02,0.0,7728,0,41.791046,280,9,0,0,4,0.03214286,0,0,1,1,1,1,54,0,1,0,0,0,0,0,0,0,0,0,0,0,0,0,0,0
135700696,3000.0,0.936739,2698.5076,0.0,7790,0,41.791046,282,9,0,0,4,0.031914894,0,0,1,1,1,1,54,0,1,0,0,0,0,0,0,0,0,0,0,0,0,0,0,0
136625698,3000.0,0.936739,2829.6763,0.0,7855,0,41.788467,284,9,0,0,4,0.03169014,0,0,1,1,1,1,54,0,1,0,0,0,0,0,0,0,0,0,0,0,0,0,0,0
137701697,3000.0,0.936739,2599.5618,0.0,7922,0,41.960644,286,9,0,0,4,0.031468533,0,0,1,1,1,1,54,0,1,0,0,0,0,0,0,0,0,0,0,0,0,0,0,0
138661826,3000.0,0.936739,2918.408,0.0,7988,0,41.791046,288,9,0,0,4,0.03125,0,0,1,1,1,1,54,0,1,0,0,0,0,0,0,0,0,0,0,0,0,0,0,0
139626927,3000.0,0.936739,2597.015,0.0,8048,0,41.791046,290,9,0,0,4,0.031034483,0,0,1,1,1,1,54,0,1,0,0,0,0,0,0,0,0,0,0,0,0,0,0,0
140701727,3000.0,0.936739,2465.561,0.0,8120,0,41.789173,292,9,0,0,4,0.030821918,0,0,1,1,1,1,54,0,1,0,0,0,0,0,0,0,0,0,0,0,0,0,0,0
141702721,3000.0,0.936739,2632.9536,0.0,8185,0,67.66472,295,9,0,0,4,0.030508475,0,0,1,1,1,1,54,0,1,0,0,0,0,0,0,0,0,0,0,0,0,0,0,0
142628720,3000.0,0.936739,2802.275,0.0,8248,0,41.914368,297,9,0,0,4,0.030303031,0,0,1,1,1,1,54,0,1,0,0,0,0,0,0,0,0,0,0,0,0,0,0,0
143780697,3000.0,0.936739,2631.8496,0.0,8321,0,41.91797,299,9,0,0,4,0.030100334,0,0,1,1,1,1,54,0,1,0,0,0,0,0,0,0,0,0,0,0,0,0,0,0
144655849,3000.0,0.936739,2688.8792,0.0,8371,0,41.99811,301,9,0,0,4,0.029900333,0,0,1,1,1,1,54,0,1,0,0,0,0,0,0,0,0,0,0,0,0,0,0,0
145631716,3000.0,0.936739,2858.2705,0.0,8432,0,41.95993,303,9,0,0,4,0.02970297,0,0,1,1,1,1,54,0,1,0,0,0,0,0,0,0,0,0,0,0,0,0,0,0
146881765,3000.0,0.936739,2562.9976,0.0,8525,0,41.99996,304,9,0,0,4,0.029605264,0,0,1,1,1,1,54,0,1,0,0,0,0,0,0,0,0,0,0,0,0,0,0,0
147886712,3000.0,0.936739,3246.8572,0.0,8597,0,0.0,305,9,0,0,4,0.029508196,0,0,1,1,1,1,54,0,1,0,0,0,0,0,0,0,0,0,0,0,0,0,0,0
148847732,3000.0,0.936739,2637.8738,0.0,8652,0,41.79204,308,10,0,0,4,0.032467533,0,0,1,1,1,1,54,0,1,0,0,0,0,0,0,0,0,0,0,0,0,0,0,0
149727767,3000.0,0.936739,2839.0984,0.0,8708,0,62.93568,310,10,0,0,4,0.032258064,0,0,1,1,1,1,54,0,1,0,0,0,0,0,0,0,0,0,0,0,0,0,0,0
150708700,3000.0,0.936739,2504.558,0.0,8772,0,41.95909,312,10,0,0,4,0.032051284,0,0,1,1,1,1,54,0,1,0,0,0,0,0,0,0,0,0,0,0,0,0,0,0
151814699,3000.0,0.936739,2879.1726,0.0,8844,0,67.93329,315,10,0,0,4,0.031746034,0,0,1,1,1,1,54,0,1,0,0,0,0,0,0,0,0,0,0,0,0,0,0,0
152980730,3000.0,0.936739,2600.3633,0.0,8921,0,41.957455,318,10,0,0,4,0.031446543,0,0,1,1,1,1,54,0,1,0,0,0,0,0,0,0,0,0,0,0,0,0,0,0
153666797,3000.0,0.936739,2850.5837,0.0,8969,0,41.993866,319,10,0,0,4,0.031347964,0,0,1,1,1,1,54,0,1,0,0,0,0,0,0,0,0,0,0,0,0,0,0,0
154786720,3000.0,0.936739,2666.64,0.0,9037,0,41.962864,321,10,0,0,4,0.031152649,0,0,1,1,1,1,54,0,1,0,0,0,0,0,0,0,0,0,0,0,0,0,0,0
155747713,3000.0,0.936739,2871.258,0.0,9104,0,41.95993,323,10,0,0,4,0.030959751,0,0,1,1,1,1,54,0,1,0,0,0,0,0,0,0,0,0,0,0,0,0,0,0
156713697,3000.0,0.936739,2140.2986,0.0,9164,0,41.791046,325,10,0,0,4,0.03076923,0,0,1,1,1,1,54,0,1,0,0,0,0,0,0,0,0,0,0,0,0,0,0,0
157823723,3000.0,0.936739,2877.0942,0.0,9236,0,41.957626,327,10,0,0,4,0.03058104,0,0,1,1,1,1,54,0,1,0,0,0,0,0,0,0,0,0,0,0,0,0,0,0
158795047,3000.0,0.936739,2752.2205,0.0,9300,0,41.957626,329,10,0,0,4,0.030395137,0,0,1,1,1,1,54,0,1,0,0,0,0,0,0,0,0,0,0,0,0,0,0,0
159714698,3000.0,0.936739,2703.48,0.0,9363,0,41.791004,331,10,0,0,4,0.03021148,0,0,1,1,1,1,54,0,1,0,0,0,0,0,0,0,0,0,0,0,0,0,0,0
160870697,3000.0,0.936739,2676.7502,0.0,9436,0,41.949074,333,10,0,0,4,0.03003003,0,0,1,1,1,1,54,0,1,0,0,0,0,0,0,0,0,0,0,0,0,0,0,0
161741715,3000.0,0.936739,2698.9353,0.0,9488,0,67.94802,336,10,0,0,4,0.029761905,0,0,1,1,1,1,54,0,1,0,0,0,0,0,0,0,0,0,0,0,0,0,0,0
162906699,3000.0,0.936739,2798.512,0.0,9571,0,41.783684,338,10,0,0,4,0.0295858,0,0,1,1,1,1,54,0,1,0,0,0,0,0,0,0,0,0,0,0,0,0,0,0
163792709,3000.0,0.936739,2611.7356,0.0,9619,0,41.963615,340,10,0,0,4,0.029411765,0,0,1,1,1,1,54,0,1,0,0,0,0,0,0,0,0,0,0,0,0,0,0,0
164797786,3000.0,0.936739,2910.5752,0.0,9685,0,41.792873,342,10,0,0,4,0.029239766,0,0,1,1,1,1,54,0,1,0,0,0,0,0,0,0,0,0,0,0,0,0,0,0
165873697,3000.0,0.936739,2563.4365,0.0,9756,0,41.95804,344,10,0,0,4,0.029069768,0,0,1,1,1,1,54,0,1,0,0,0,0,0,0,0,0,0,0,0,0,0,0,0
166795714,3000.0,0.936739,2867.1328,0.0,9814,0,41.95804,346,10,0,0,4,0.028901733,0,0,1,1,1,1,54,0,1,0,0,0,0,0,0,0,0,0,0,0,0,0,0,0
167801697,3000.0,0.936739,2531.4585,0.0,9879,0,41.957874,348,10,0,0,4,0.028735632,0,0,1,1,1,1,54,0,1,0,0,0,0,0,0,0,0,0,0,0,0,0,0,0
169056903,3000.0,0.936739,3280.5881,0.0,9970,0,41.956367,350,10,0,0,4,0.028571429,0,0,1,1,1,1,54,0,1,0,0,0,0,0,0,0,0,0,0,0,0,0,0,0
169828129,3000.0,0.936739,2533.4185,0.0,10018,0,41.957245,352,10,0,0,4,0.028409092,0,0,1,1,1,1,54,0,1,0,0,0,0,0,0,0,0,0,0,0,0,0,0,0
170757700,3000.0,0.936739,2887.7432,0.0,10086,0,41.793663,354,10,0,0,4,0.028248588,0,0,1,1,1,1,54,0,1,0,0,0,0,0,0,0,0,0,0,0,0,0,0,0
171912709,3000.0,0.936739,2691.486,0.0,10157,0,67.66028,358,10,0,0,4,0.02793296,0,0,1,1,1,1,54,0,1,0,0,0,0,0,0,0,0,0,0,0,0,0,0,0
172882750,3000.0,0.936739,2500.5498,0.0,10225,0,41.791916,359,10,0,0,4,0.027855154,0,0,1,1,1,1,54,0,1,0,0,0,0,0,0,0,0,0,0,0,0,0,0,0
173807981,3000.0,0.936739,2512.9246,0.0,10281,0,41.998737,361,10,0,0,4,0.02770083,0,0,1,1,1,1,54,0,1,0,0,0,0,0,0,0,0,0,0,0,0,0,0,0
174913740,3000.0,0.936739,2866.7524,0.0,10354,0,41.792294,364,10,0,0,4,0.027472528,0,0,1,1,1,1,54,0,1,0,0,0,0,0,0,0,0,0,0,0,0,0,0,0
175823739,3000.0,0.936739,2615.3845,0.0,10410,0,41.95804,365,10,0,0,4,0.02739726,0,0,1,1,1,1,54,0,1,0,0,0,0,0,0,0,0,0,0,0,0,0,0,0
176809714,3000.0,0.936739,2674.3254,0.0,10480,0,41.95804,367,10,0,0,4,0.027247956,0,0,1,1,1,1,54,0,1,0,0,0,0,0,0,0,0,0,0,0,0,0,0,0
177964949,3000.0,0.936739,2873.819,0.0,10551,0,41.997356,369,10,0,0,4,0.02710027,0,0,1,1,1,1,54,0,1,0,0,0,0,0,0,0,0,0,0,0,0,0,0,0
178889697,3000.0,0.936739,2592.2021,0.0,10616,0,41.793663,371,10,0,0,4,0.026954178,0,0,1,1,1,1,54,0,1,0,0,0,0,0,0,0,0,0,0,0,0,0,0,0
179809698,3000.0,0.936739,2824.8616,0.0,10664,0,41.997944,373,10,0,0,4,0.026809651,0,0,1,1,1,1,54,0,1,0,0,0,0,0,0,0,0,0,0,0,0,0,0,0
180920698,3000.0,0.936739,2694.3809,0.0,10739,0,41.959213,376,10,0,0,4,0.026595745,0,0,1,1,1,1,54,0,1,0,0,0,0,0,0,0,0,0,0,0,0,0,0,0
181890716,3000.0,0.936739,2897.9333,0.0,10801,0,67.998436,378,10,0,0,4,0.026455026,0,0,1,1,1,1,54,0,1,0,0,0,0,0,0,0,0,0,0,0,0,0,0,0
183000736,3000.0,0.936739,2504.5872,0.0,10876,0,41.792873,381,10,0,0,4,0.026246719,0,0,1,1,1,1,54,0,1,0,0,0,0,0,0,0,0,0,0,0,0,0,0,0
183930712,3000.0,0.936739,2755.2239,0.0,10933,0,41.791046,383,10,0,0,4,0.02610966,0,0,1,1,1,1,54,0,1,0,0,0,0,0,0,0,0,0,0,0,0,0,0,0
184895702,3000.0,0.936739,2742.2886,0.0,10996,0,41.791046,385,10,0,0,4,0.025974026,0,0,1,1,1,1,54,0,1,0,0,0,0,0,0,0,0,0,0,0,0,0,0,0
186046793,3000.0,0.936739,2791.8745,0.0,11072,0,41.99811,387,10,0,0,4,0.025839793,0,0,1,1,1,1,54,0,1,0,0,0,0,0,0,0,0,0,0,0,0,0,0,0
186921732,3000.0,0.936739,2610.9658,0.0,11127,0,41.951252,389,10,0,0,4,0.025706941,0,0,1,1,1,1,54,0,1,0,0,0,0,0,0,0,0,0,0,0,0,0,0,0
187897700,3000.0,0.936739,2858.5703,0.0,11196,0,41.964333,391,10,0,0,4,0.025575448,0,0,1,1,1,1,54,0,1,0,0,0,0,0,0,0,0,0,0,0,0,0,0,0
189053712,3000.0,0.936739,2602.1377,0.0,11266,0,41.793415,393,10,0,0,4,0.025445292,0,0,1,1,1,1,54,0,1,0,0,0,0,0,0,0,0,0,0,0,0,0,0,0
189933717,3000.0,0.936739,2433.5059,0.0,11330,0,41.956997,394,10,0,0,4,0.02538071,0,0,1,1,1,1,54,0,1,0,0,0,0,0,0,0,0,0,0,0,0,0,0,0
190899698,3000.0,0.936739,2720.4658,0.0,11390,0,41.792088,397,10,0,0,4,0.025188917,0,0,1,1,1,1,54,0,1,0,0,0,0,0,0,0,0,0,0,0,0,0,0,0
191901167,3000.0,0.936739,2804.3914,0.0,11459,0,67.86427,398,10,0,0,4,0.025125628,0,0,1,1,1,1,54,0,1,0,0,0,0,0,0,0,0,0,0,0,0,0,0,0
192155716,3000.0,0.936739,2804.3914,0.0,11473,0,67.86427,399,10,0,0,4,0.025062656,0,0,1,1,1,1,54,0,1,0,0,0,0,0,0,0,0,0,0,0,0,0,0,0
193851697,3000.0,0.936739,2699.9163,0.0,11587,0,20.99935,401,12,0,0,4,0.029925186,0,0,1,1,1,1,54,0,1,0,0,0,0,0,0,0,0,0,0,0,0,0,0,0
195056718,3000.0,0.936739,2903.0127,0.0,11661,0,41.956825,404,12,0,0,4,0.02970297,0,0,1,1,1,1,54,0,1,0,0,0,0,0,0,0,0,0,0,0,0,0,0,0
195913048,3000.0,0.936739,2519.6667,0.0,11712,0,41.961143,406,12,0,0,4,0.02955665,0,0,1,1,1,1,54,0,1,0,0,0,0,0,0,0,0,0,0,0,0,0,0,0
196847730,3000.0,0.936739,2901.9272,0.0,11771,0,41.998947,407,12,0,0,4,0.02948403,0,0,1,1,1,1,54,0,1,0,0,0,0,0,0,0,0,0,0,0,0,0,0,0
197972772,3000.0,0.936739,2613.9536,0.0,11844,0,41.791416,410,12,0,0,4,0.029268293,0,0,1,1,1,1,54,0,1,0,0,0,0,0,0,0,0,0,0,0,0,0,0,0
198983934,3000.0,0.6618037,2891.5884,0.0,11913,0,41.79171,412,12,0,0,4,0.029126214,0,0,1,1,1,1,54,0,1,0,0,0,0,0,0,0,0,0,0,0,0,0,0,0
199988697,3000.0,0.936739,2768.2317,0.0,11980,0,41.95804,413,12,0,0,4,0.02905569,0,0,1,1,1,1,54,0,1,0,0,0,0,0,0,0,0,0,0,0,0,0,0,0
201003697,3000.0,0.936739,2848.7236,0.0,12051,0,41.995926,416,12,0,0,4,0.028846154,0,0,1,1,1,1,54,0,1,0,0,0,0,0,0,0,0,0,0,0,0,0,0,0
201928712,3000.0,0.936739,2646.9714,0.0,12108,0,41.79429,418,12,0,0,4,0.028708134,0,0,1,1,1,1,54,0,1,0,0,0,0,0,0,0,0,0,0,0,0,0,0,0
202908701,3000.0,0.936739,2922.443,0.0,12177,0,41.791832,419,12,0,0,4,0.028639618,0,0,1,1,1,1,54,0,1,0,0,0,0,0,0,0,0,0,0,0,0,0,0,0
203833733,3000.0,0.936739,2553.8853,0.0,12233,0,41.99811,421,12,0,0,4,0.028503563,0,0,1,1,1,1,54,0,1,0,0,0,0,0,0,0,0,0,0,0,0,0,0,0
205084698,3000.0,0.936739,2868.785,0.0,12316,0,41.792915,423,12,0,0,4,0.028368793,0,0,1,1,1,1,54,0,1,0,0,0,0,0,0,0,0,0,0,0,0,0,0,0
205909719,3000.0,0.936739,2218.781,0.0,12370,0,20.97902,424,13,0,0,4,0.030660378,0,0,1,1,1,1,54,0,1,0,0,0,0,0,0,0,0,0,0,0,0,0,0,0
206835697,3000.0,0.936739,2885.1147,0.0,12432,0,41.95804,426,13,0,0,4,0.030516433,0,0,1,1,1,1,54,0,1,0,0,0,0,0,0,0,0,0,0,0,0,0,0,0
207911832,3000.0,0.936739,2511.4429,0.0,12500,0,41.791046,428,13,0,0,4,0.030373832,0,0,1,1,1,1,54,0,1,0,0,0,0,0,0,0,0,0,0,0,0,0,0,0
208916759,3000.0,0.936739,2808.4138,0.0,12568,0,41.946434,430,13,0,0,4,0.030232558,0,0,1,1,1,1,54,0,1,0,0,0,0,0,0,0,0,0,0,0,0,0,0,0
210067698,3000.0,0.936739,2787.9844,0.0,12638,0,41.969654,433,13,0,0,4,0.030023094,0,0,1,1,1,1,54,0,1,0,0,0,0,0,0,0,0,0,0,0,0,0,0,0
210914017,3000.0,0.936739,2525.9648,0.0,12700,0,41.999413,434,13,0,0,4,0.029953917,0,0,1,1,1,1,54,0,1,0,0,0,0,0,0,0,0,0,0,0,0,0,0,0
211919756,3000.0,0.936739,2906.208,0.0,12754,0,41.916462,437,14,0,0,4,0.032036614,0,0,1,1,1,1,54,0,1,0,0,0,0,0,0,0,0,0,0,0,0,0,0,0
212990696,3000.0,0.936739,2679.9626,0.0,12827,0,41.999413,439,14,0,0,4,0.03189066,0,0,1,1,1,1,54,0,1,0,0,0,0,0,0,0,0,0,0,0,0,0,0,0
213895698,3000.0,0.936739,2812.247,0.0,12883,0,41.958923,441,14,0,0,4,0.031746034,0,0,1,1,1,1,54,0,1,0,0,0,0,0,0,0,0,0,0,0,0,0,0,0
214886758,3000.0,0.936739,2604.3955,0.0,12951,0,41.95804,443,14,0,0,4,0.03160271,0,0,1,1,1,1,54,0,1,0,0,0,0,0,0,0,0,0,0,0,0,0,0,0
216007746,3000.0,0.936739,2962.0593,0.0,13021,0,41.789215,445,14,0,0,4,0.031460673,0,0,1,1,1,1,54,0,1,0,0,0,0,0,0,0,0,0,0,0,0,0,0,0
216997698,3000.0,0.936739,2423.2546,0.0,13085,0,41.95247,447,14,0,0,4,0.03131991,0,0,1,1,1,1,54,0,1,0,0,0,0,0,0,0,0,0,0,0,0,0,0,0
217878700,3000.0,0.936739,2880.4448,0.0,13146,0,41.962776,449,14,0,0,4,0.0311804,0,0,1,1,1,1,54,0,1,0,0,0,0,0,0,0,0,0,0,0,0,0,0,0
218974700,3000.0,0.936739,2652.9053,0.0,13213,0,41.79371,451,14,0,0,4,0.031042129,0,0,1,1,1,1,54,0,1,0,0,0,0,0,0,0,0,0,0,0,0,0,0,0
219959733,3000.0,0.936739,2840.671,0.0,13283,0,41.936092,453,14,0,0,4,0.030905077,0,0,1,1,1,1,54,0,1,0,0,0,0,0,0,0,0,0,0,0,0,0,0,0
220926701,3000.0,0.936739,2577.742,0.0,13343,0,41.97951,454,14,0,0,4,0.030837005,0,0,1,1,1,1,54,0,1,0,0,0,0,0,0,0,0,0,0,0,0,0,0,0
222006696,3000.0,0.936739,2558.4722,0.0,13416,0,67.932884,458,14,0,0,4,0.030567685,0,0,1,1,1,1,54,0,1,0,0,0,0,0,0,0,0,0,0,0,0,0,0,0
222926732,3000.0,0.936739,2633.6577,0.0,13475,0,41.994545,460,14,0,0,4,0.030434782,0,0,1,1,1,1,54,0,1,0,0,0,0,0,0,0,0,0,0,0,0,0,0,0
223931743,3000.0,0.936739,2767.5222,0.0,13541,0,41.796455,460,14,0,0,4,0.030434782,0,0,1,1,1,1,54,0,1,0,0,0,0,0,0,0,0,0,0,0,0,0,0,0
225032008,3000.0,0.936739,2610.9453,0.0,13610,0,41.791046,464,14,0,0,4,0.030172413,0,0,1,1,1,1,54,0,1,0,0,0,0,0,0,0,0,0,0,0,0,0,0,0
226007876,3000.0,0.936739,2746.2686,0.0,13676,0,41.791046,466,14,0,0,4,0.030042918,0,0,1,1,1,1,54,0,1,0,0,0,0,0,0,0,0,0,0,0,0,0,0,0
227072852,3000.0,0.936739,2772.2275,0.0,13743,0,41.95804,468,14,0,0,4,0.02991453,0,0,1,1,1,1,54,0,1,0,0,0,0,0,0,0,0,0,0,0,0,0,0,0
228083710,3000.0,0.936739,2607.6143,0.0,13812,0,41.993786,470,14,0,0,4,0.029787235,0,0,1,1,1,1,54,0,1,0,0,0,0,0,0,0,0,0,0,0,0,0,0,0
229009137,3000.0,0.936739,2920.9883,0.0,13869,0,41.95674,472,14,0,0,4,0.029661017,0,0,1,1,1,1,54,0,1,0,0,0,0,0,0,0,0,0,0,0,0,0,0,0
230009699,3000.0,0.936739,2650.8237,0.0,13928,0,41.965546,472,14,0,0,4,0.029661017,0,0,1,1,1,1,54,0,1,0,0,0,0,0,0,0,0,0,0,0,0,0,0,0
231005916,3000.0,0.936739,2771.1443,0.0,13992,0,41.791046,476,14,0,0,4,0.029411765,0,0,1,1,1,1,54,0,1,0,0,0,0,0,0,0,0,0,0,0,0,0,0,0
232010739,3000.0,0.936739,2671.3286,0.0,14058,0,67.93207,479,14,0,0,4,0.029227557,0,0,1,1,1,1,54,0,1,0,0,0,0,0,0,0,0,0,0,0,0,0,0,0
233086719,3000.0,0.936739,2759.2407,0.0,14128,0,41.95804,481,14,0,0,4,0.029106028,0,0,1,1,1,1,54,0,1,0,0,0,0,0,0,0,0,0,0,0,0,0,0,0
234047698,3000.0,0.936739,2610.9453,0.0,14191,0,41.791046,483,14,0,0,4,0.028985508,0,0,1,1,1,1,54,0,1,0,0,0,0,0,0,0,0,0,0,0,0,0,0,0
235012759,3000.0,0.936739,2827.1726,0.0,14257,0,41.95804,485,14,0,0,4,0.02886598,0,0,1,1,1,1,54,0,1,0,0,0,0,0,0,0,0,0,0,0,0,0,0,0
236079734,3000.0,0.936739,2709.2393,0.0,14322,0,41.957245,487,14,0,0,4,0.028747434,0,0,1,1,1,1,54,0,1,0,0,0,0,0,0,0,0,0,0,0,0,0,0,0
237089698,3000.0,0.936739,2776.2766,0.0,14393,0,41.95884,489,14,0,0,4,0.028629856,0,0,1,1,1,1,54,0,1,0,0,0,0,0,0,0,0,0,0,0,0,0,0,0
238089715,3000.0,0.936739,2598.9324,0.0,14456,0,41.99891,490,14,0,0,4,0.028571429,0,0,1,1,1,1,54,0,1,0,0,0,0,0,0,0,0,0,0,0,0,0,0,0
238184698,3000.0,0.936739,2598.9324,0.0,14458,0,41.99891,491,14,0,0,4,0.028513238,0,0,1,1,1,1,54,0,1,0,0,0,0,0,0,0,0,0,0,0,0,0,0,0
240070848,3000.0,0.936739,2608.389,0.0,14585,0,41.958,495,14,0,0,4,0.028282829,0,0,1,1,1,1,54,0,1,0,0,0,0,0,0,0,0,0,0,0,0,0,0,0
241071698,3000.0,0.936739,2763.3113,0.0,14651,0,41.959175,496,14,0,0,4,0.028225806,0,0,1,1,1,1,54,0,1,0,0,0,0,0,0,0,0,0,0,0,0,0,0,0
242057734,3000.0,0.936739,2771.9294,0.0,14714,0,67.65657,500,14,0,0,4,0.028,0,0,1,1,1,1,54,0,1,0,0,0,0,0,0,0,0,0,0,0,0,0,0,0
243092708,3000.0,0.936739,2662.7302,0.0,14785,0,41.94849,502,14,0,0,4,0.027888447,0,0,1,1,1,1,54,0,1,0,0,0,0,0,0,0,0,0,0,0,0,0,0,0
244093701,3000.0,0.936739,2822.8716,0.0,14849,0,41.968357,503,14,0,0,4,0.027833002,0,0,1,1,1,1,54,0,1,0,0,0,0,0,0,0,0,0,0,0,0,0,0,0
244168785,3000.0,0.936739,2822.8716,0.0,14851,0,41.968357,504,14,0,0,4,0.027777778,0,0,1,1,1,1,54,0,1,0,0,0,0,0,0,0,0,0,0,0,0,0,0,0
245129718,3000.0,0.936739,2560.347,0.0,14918,0,41.79346,506,14,0,0,4,0.027667984,0,0,1,1,1,1,54,0,1,0,0,0,0,0,0,0,0,0,0,0,0,0,0,0
246099700,3000.0,0.936739,3012.8423,0.0,14979,0,41.94212,508,14,0,0,4,0.027559055,0,0,1,1,1,1,54,0,1,0,0,0,0,0,0,0,0,0,0,0,0,0,0,0
247255699,3000.0,0.936739,2423.4973,0.0,15055,0,41.973976,510,14,0,0,4,0.02745098,0,0,1,1,1,1,54,0,1,0,0,0,0,0,0,0,0,0,0,0,0,0,0,0
249097145,3000.0,0.936739,2539.4377,0.0,15166,0,41.957664,514,14,0,0,4,0.027237354,0,0,1,1,1,1,54,0,1,0,0,0,0,0,0,0,0,0,0,0,0,0,0,0
250097718,3000.0,0.936739,2785.158,0.0,15233,0,41.792294,515,14,0,0,4,0.027184466,0,0,1,1,1,1,54,0,1,0,0,0,0,0,0,0,0,0,0,0,0,0,0,0
250182717,3000.0,0.936739,2785.158,0.0,15235,0,41.792294,516,14,0,0,4,0.027131783,0,0,1,1,1,1,54,0,1,0,0,0,0,0,0,0,0,0,0,0,0,0,0,0
252098698,3000.0,0.936739,2971.9377,0.0,15364,0,67.99857,521,14,0,0,4,0.026871402,0,0,1,1,1,1,54,0,1,0,0,0,0,0,0,0,0,0,0,0,0,0,0,0
253103697,3000.0,0.936739,2578.4653,0.0,15428,0,41.958755,522,14,0,0,4,0.026819924,0,0,1,1,1,1,54,0,1,0,0,0,0,0,0,0,0,0,0,0,0,0,0,0
253153697,3000.0,0.936739,2578.4653,0.0,15428,0,41.958755,523,14,0,0,4,0.026768642,0,0,1,1,1,1,54,0,1,0,0,0,0,0,0,0,0,0,0,0,0,0,0,0
254119715,3000.0,0.936739,2880.1313,0.0,15499,0,41.95821,525,14,0,0,4,0.026666667,0,0,1,1,1,1,54,0,1,0,0,0,0,0,0,0,0,0,0,0,0,0,0,0
255104698,3000.0,0.936739,2222.8855,0.0,15559,0,41.791046,527,14,0,0,4,0.026565464,0,0,1,1,1,1,54,0,1,0,0,0,0,0,0,0,0,0,0,0,0,0,0,0
256179698,3000.0,0.936739,2897.5125,0.0,15630,0,41.791046,529,14,0,0,4,0.026465029,0,0,1,1,1,1,54,0,1,0,0,0,0,0,0,0,0,0,0,0,0,0,0,0
257105738,3000.0,0.936739,2523.889,0.0,15689,0,41.998154,531,14,0,0,4,0.02636535,0,0,1,1,1,1,54,0,1,0,0,0,0,0,0,0,0,0,0,0,0,0,0,0
258105716,3000.0,0.936739,2818.1396,0.0,15754,0,41.957417,533,14,0,0,4,0.026266417,0,0,1,1,1,1,54,0,1,0,0,0,0,0,0,0,0,0,0,0,0,0,0,0
259186734,3000.0,0.936739,2627.4119,0.0,15820,0,41.958668,535,14,0,0,4,0.026168223,0,0,1,1,1,1,54,0,1,0,0,0,0,0,0,0,0,0,0,0,0,0,0,0
260122719,3000.0,0.936739,2463.7896,0.0,15883,0,41.792873,537,14,0,0,4,0.026070764,0,0,1,1,1,1,54,0,1,0,0,0,0,0,0,0,0,0,0,0,0,0,0,0
261107716,3000.0,0.936739,2814.1858,0.0,15944,0,41.95804,540,14,0,0,4,0.025925925,0,0,1,1,1,1,54,0,1,0,0,0,0,0,0,0,0,0,0,0,0,0,0,0
262263729,3000.0,0.936739,2643.3564,0.0,16018,0,67.93207,542,14,0,0,4,0.025830258,0,0,1,1,1,1,54,0,1,0,0,0,0,0,0,0,0,0,0,0,0,0,0,0
263130713,3000.0,0.936739,2707.2925,0.0,16061,0,41.95804,544,14,0,0,4,0.025735294,0,0,1,1,1,1,54,0,1,0,0,0,0,0,0,0,0,0,0,0,0,0,0,0
264807702,3000.0,0.936739,3031.9363,0.0,16181,0,20.958084,546,14,0,0,4,0.025641026,0,0,1,1,1,1,54,0,1,0,0,0,0,0,0,0,0,0,0,0,0,0,0,0
265187729,3000.0,0.936739,3031.9363,0.0,16201,0,20.958084,548,14,0,0,4,0.025547445,0,0,1,1,1,1,54,0,1,0,0,0,0,0,0,0,0,0,0,0,0,0,0,0
266113699,3000.0,0.936739,2495.4224,0.0,16257,0,62.93499,550,14,0,0,4,0.025454545,0,0,1,1,1,1,54,0,1,0,0,0,0,0,0,0,0,0,0,0,0,0,0,0
267113750,3000.0,0.936739,2583.1694,0.0,16318,0,41.79242,552,14,0,0,4,0.025362318,0,0,1,1,1,1,54,0,1,0,0,0,0,0,0,0,0,0,0,0,0,0,0,0
268273700,3000.0,0.936739,2405.4602,0.0,16387,0,41.78219,554,14,0,0,4,0.025270758,0,0,1,1,1,1,54,0,1,0,0,0,0,0,0,0,0,0,0,0,0,0,0,0
269143702,3000.0,0.936739,2563.7275,0.0,16439,0,41.799904,556,14,0,0,4,0.025179856,0,0,1,1,1,1,54,0,1,0,0,0,0,0,0,0,0,0,0,0,0,0,0,0
270119715,3000.0,0.936739,2323.6763,0.0,16499,0,41.95804,558,14,0,0,4,0.025089607,0,0,1,1,1,1,54,0,1,0,0,0,0,0,0,0,0,0,0,0,0,0,0,0
271195704,3000.0,0.936739,2253.8774,0.0,16565,0,41.97909,561,14,0,0,4,0.024955437,0,0,1,1,1,1,54,0,1,0,0,0,0,0,0,0,0,0,0,0,0,0,0,0
272130700,3000.0,0.936739,2413.7378,0.0,16618,0,67.964455,563,14,0,0,4,0.024866786,0,0,1,1,1,1,54,0,1,0,0,0,0,0,0,0,0,0,0,0,0,0,0,0
273121720,3000.0,0.936739,2441.5583,0.0,16683,0,41.95804,565,14,0,0,4,0.024778761,0,0,1,1,1,1,54,0,1,0,0,0,0,0,0,0,0,0,0,0,0,0,0,0
274217850,3000.0,0.936739,2449.778,0.0,16744,0,41.7915,567,14,0,0,4,0.024691358,0,0,1,1,1,1,54,0,1,0,0,0,0,0,0,0,0,0,0,0,0,0,0,0
275152733,3000.0,0.936739,2426.5977,0.0,16804,0,41.958458,569,14,0,0,4,0.02460457,0,0,1,1,1,1,54,0,1,0,0,0,0,0,0,0,0,0,0,0,0,0,0,0
276123871,3000.0,0.936739,2567.024,0.0,16862,0,41.78876,571,14,0,0,4,0.02451839,0,0,1,1,1,1,54,0,1,0,0,0,0,0,0,0,0,0,0,0,0,0,0,0
277279698,3000.0,0.936739,2365.2705,0.0,16929,0,41.95159,573,14,0,0,4,0.02443281,0,0,1,1,1,1,54,0,1,0,0,0,0,0,0,0,0,0,0,0,0,0,0,0
278205242,3000.0,0.936739,2653.7815,0.0,16985,0,41.964916,575,14,0,0,4,0.024347827,0,0,1,1,1,1,54,0,1,0,0,0,0,0,0,0,0,0,0,0,0,0,0,0
279129742,3000.0,0.936739,2332.4426,0.0,17034,0,41.792915,577,14,0,0,4,0.024263432,0,0,1,1,1,1,54,0,1,0,0,0,0,0,0,0,0,0,0,0,0,0,0,0
280239701,3000.0,0.936739,2546.2686,0.0,17098,0,41.791046,579,14,0,0,4,0.02417962,0,0,1,1,1,1,54,0,1,0,0,0,0,0,0,0,0,0,0,0,0,0,0,0
281180705,3000.0,0.936739,2385.95,0.0,17156,0,41.99912,582,14,0,0,4,0.024054984,0,0,1,1,1,1,54,0,1,0,0,0,0,0,0,0,0,0,0,0,0,0,0,0
282130699,3000.0,0.936739,2687.3691,0.0,17216,0,67.933495,584,14,0,0,4,0.023972603,0,0,1,1,1,1,54,0,1,0,0,0,0,0,0,0,0,0,0,0,0,0,0,0
284095761,3000.0,0.936739,2612.3538,0.0,17332,0,41.797657,588,14,0,0,4,0.023809524,0,0,1,1,1,1,54,0,1,0,0,0,0,0,0,0,0,0,0,0,0,0,0,0
285096701,3000.0,0.936739,2392.6218,0.0,17392,0,41.958294,589,14,0,0,4,0.0237691,0,0,1,1,1,1,54,0,1,0,0,0,0,0,0,0,0,0,0,0,0,0,0,0
285131702,3000.0,0.936739,2392.6218,0.0,17393,0,41.958294,590,14,0,0,4,0.023728814,0,0,1,1,1,1,54,0,1,0,0,0,0,0,0,0,0,0,0,0,0,0,0,0
286222710,3000.0,0.936739,2559.6206,0.0,17460,0,41.977375,592,14,0,0,4,0.02364865,0,0,1,1,1,1,54,0,1,0,0,0,0,0,0,0,0,0,0,0,0,0,0,0
287107735,3000.0,0.936739,2367.9106,0.0,17512,0,41.980686,594,14,0,0,4,0.023569023,0,0,1,1,1,1,54,0,1,0,0,0,0,0,0,0,0,0,0,0,0,0,0,0
288133709,3000.0,0.936739,2273.4673,0.0,17577,0,41.953262,596,14,0,0,4,0.023489933,0,0,1,1,1,1,54,0,1,0,0,0,0,0,0,0,0,0,0,0,0,0,0,0
289219714,3000.0,0.936739,2319.5598,0.0,17637,0,41.79387,598,14,0,0,4,0.02341137,0,0,1,1,1,1,54,0,1,0,0,0,0,0,0,0,0,0,0,0,0,0,0,0
290144718,3000.0,0.936739,2531.5847,0.0,17698,0,41.95997,600,14,0,0,4,0.023333333,0,0,1,1,1,1,54,0,1,0,0,0,0,0,0,0,0,0,0,0,0,0,0,0
291134917,3000.0,0.936739,2498.5076,0.0,17756,0,41.791046,603,14,0,0,4,0.023217248,0,0,1,1,1,1,54,0,1,0,0,0,0,0,0,0,0,0,0,0,0,0,0,0
292229750,3000.0,0.936739,2396.02,0.0,17824,0,67.66169,605,14,0,0,4,0.023140496,0,0,1,1,1,1,54,0,1,0,0,0,0,0,0,0,0,0,0,0,0,0,0,0
293214701,3000.0,0.936739,2518.9495,0.0,17882,0,41.99916,607,14,0,0,4,0.02306425,0,0,1,1,1,1,54,0,1,0,0,0,0,0,0,0,0,0,0,0,0,0,0,0
294139700,3000.0,0.936739,2371.142,0.0,17940,0,41.791004,609,14,0,0,4,0.022988506,0,0,1,1,1,1,54,0,1,0,0,0,0,0,0,0,0,0,0,0,0,0,0,0
295294700,3000.0,0.936739,2667.0186,0.0,18004,0,41.98455,611,14,0,0,4,0.022913257,0,0,1,1,1,1,54,0,1,0,0,0,0,0,0,0,0,0,0,0,0,0,0,0
296159870,3000.0,0.936739,2211.4778,0.0,18051,0,41.80111,613,14,0,0,4,0.0228385,0,0,1,1,1,1,54,0,1,0,0,0,0,0,0,0,0,0,0,0,0,0,0,0
297140771,3000.0,0.936739,2661.0803,0.0,18110,0,41.797073,615,14,0,0,4,0.022764228,0,0,1,1,1,1,54,0,1,0,0,0,0,0,0,0,0,0,0,0,0,0,0,0
298260873,3000.0,0.936739,2459.5454,0.0,18176,0,41.958126,617,14,0,0,4,0.022690438,0,0,1,1,1,1,54,0,1,0,0,0,0,0,0,0,0,0,0,0,0,0,0,0
299167214,3000.0,0.936739,2526.4734,0.0,18231,0,41.95804,619,14,0,0,4,0.022617124,0,0,1,1,1,1,54,0,1,0,0,0,0,0,0,0,0,0,0,0,0,0,0,0
300337712,3000.0,0.936739,2374.1294,0.0,18299,0,41.791046,621,14,0,0,4,0.022544283,0,0,1,1,1,1,54,0,1,0,0,0,0,0,0,0,0,0,0,0,0,0,0,0
301202710,3000.0,0.936739,2665.1907,0.0,18354,0,41.955776,624,14,0,0,4,0.022435898,0,0,1,1,1,1,54,0,1,0,0,0,0,0,0,0,0,0,0,0,0,0,0,0
302223701,3000.0,0.936739,2324.4568,0.0,18414,0,67.66398,626,14,0,0,4,0.022364218,0,0,1,1,1,1,54,0,1,0,0,0,0,0,0,0,0,0,0,0,0,0,0,0
303319700,3000.0,0.936739,2584.4673,0.0,18479,0,41.95888,628,14,0,0,4,0.022292994,0,0,1,1,1,1,54,0,1,0,0,0,0,0,0,0,0,0,0,0,0,0,0,0
304199700,3000.0,0.936739,1979.0209,0.0,18532,0,41.95804,630,14,0,0,4,0.022222223,0,0,1,1,1,1,54,0,1,0,0,0,0,0,0,0,0,0,0,0,0,0,0,0
305229888,3000.0,0.936739,2567.1287,0.0,18596,0,41.790466,632,14,0,0,4,0.022151899,0,0,1,1,1,1,54,0,1,0,0,0,0,0,0,0,0,0,0,0,0,0,0,0
306304699,3000.0,0.936739,2369.7964,0.0,18657,0,41.99639,634,14,0,0,4,0.02208202,0,0,1,1,1,1,54,0,1,0,0,0,0,0,0,0,0,0,0,0,0,0,0,0
307260737,3000.0,0.936739,2499.6418,0.0,18721,0,41.793373,636,14,0,0,4,0.022012578,0,0,1,1,1,1,54,0,1,0,0,0,0,0,0,0,0,0,0,0,0,0,0,0
308230702,3000.0,0.936739,2577.4253,0.0,18776,0,41.958084,638,14,0,0,4,0.021943573,0,0,1,1,1,1,54,0,1,0,0,0,0,0,0,0,0,0,0,0,0,0,0,0
309331715,3000.0,0.936739,2300.726,0.0,18844,0,41.94032,640,14,0,0,4,0.021875,0,0,1,1,1,1,54,0,1,0,0,0,0,0,0,0,0,0,0,0,0,0,0,0
310307023,3000.0,0.936739,2542.2346,0.0,18902,0,41.806522,642,14,0,0,4,0.021806853,0,0,1,1,1,1,54,0,1,0,0,0,0,0,0,0,0,0,0,0,0,0,0,0
311437837,3000.0,0.936739,2427.8005,0.0,18969,0,41.961983,645,14,0,0,4,0.021705426,0,0,1,1,1,1,54,0,1,0,0,0,0,0,0,0,0,0,0,0,0,0,0,0
312388785,3000.0,0.936739,2605.89,0.0,19027,0,67.65961,647,14,0,0,4,0.02163833,0,0,1,1,1,1,54,0,1,0,0,0,0,0,0,0,0,0,0,0,0,0,0,0
313303701,3000.0,0.936739,2342.7297,0.0,19074,0,41.95934,649,14,0,0,4,0.02157165,0,0,1,1,1,1,54,0,1,0,0,0,0,0,0,0,0,0,0,0,0,0,0,0
314435237,3000.0,0.936739,2621.3784,0.0,19150,0,41.95804,651,14,0,0,4,0.021505376,0,0,1,1,1,1,54,0,1,0,0,0,0,0,0,0,0,0,0,0,0,0,0,0
315300704,3000.0,0.936739,2418.9055,0.0,19193,0,41.791046,653,14,0,0,4,0.02143951,0,0,1,1,1,1,54,0,1,0,0,0,0,0,0,0,0,0,0,0,0,0,0,0
316270756,3000.0,0.936739,2516.4307,0.0,19253,0,41.95716,655,14,0,0,4,0.021374045,0,0,1,1,1,1,54,0,1,0,0,0,0,0,0,0,0,0,0,0,0,0,0,0
317430714,3000.0,0.936739,2385.406,0.0,19320,0,41.989544,657,14,0,0,4,0.02130898,0,0,1,1,1,1,54,0,1,0,0,0,0,0,0,0,0,0,0,0,0,0,0,0
318290700,3000.0,0.936739,2620.5498,0.0,19374,0,41.801403,659,14,0,0,4,0.02124431,0,0,1,1,1,1,54,0,1,0,0,0,0,0,0,0,0,0,0,0,0,0,0,0
319262060,3000.0,0.936739,2303.7449,0.0,19431,0,41.958923,661,14,0,0,4,0.02118003,0,0,1,1,1,1,54,0,1,0,0,0,0,0,0,0,0,0,0,0,0,0,0,0
320411991,3000.0,0.936739,2254.8242,0.0,19501,0,41.996727,663,14,0,0,4,0.02111614,0,0,1,1,1,1,54,0,1,0,0,0,0,0,0,0,0,0,0,0,0,0,0,0
321291736,3000.0,0.936739,2395.2085,0.0,19552,0,41.794247,666,14,0,0,4,0.021021022,0,0,1,1,1,1,54,0,1,0,0,0,0,0,0,0,0,0,0,0,0,0,0,0
322267702,3000.0,0.936739,2493.5347,0.0,19616,0,67.66176,668,14,0,0,4,0.020958085,0,0,1,1,1,1,54,0,1,0,0,0,0,0,0,0,0,0,0,0,0,0,0,0
323397699,3000.0,0.936739,2405.5942,0.0,19677,0,41.95804,670,14,0,0,4,0.020895522,0,0,1,1,1,1,54,0,1,0,0,0,0,0,0,0,0,0,0,0,0,0,0,0
324323700,3000.0,0.936739,2470.6467,0.0,19738,0,41.791046,672,14,0,0,4,0.020833334,0,0,1,1,1,1,54,0,1,0,0,0,0,0,0,0,0,0,0,0,0,0,0,0
325298700,3000.0,0.936739,2527.4724,0.0,19794,0,41.95804,674,14,0,0,4,0.020771513,0,0,1,1,1,1,54,0,1,0,0,0,0,0,0,0,0,0,0,0,0,0,0,0
326478768,3000.0,0.936739,2364.085,0.0,19868,0,41.78938,676,14,0,0,4,0.020710059,0,0,1,1,1,1,54,0,1,0,0,0,0,0,0,0,0,0,0,0,0,0,0,0
327398716,3000.0,0.936739,2607.9473,0.0,19921,0,41.790836,678,14,0,0,4,0.020648967,0,0,1,1,1,1,54,0,1,0,0,0,0,0,0,0,0,0,0,0,0,0,0,0
328323716,3000.0,0.936739,2418.0186,0.0,19980,0,41.792915,680,14,0,0,4,0.020588236,0,0,1,1,1,1,54,0,1,0,0,0,0,0,0,0,0,0,0,0,0,0,0,0
329469737,3000.0,0.936739,2484.5771,0.0,20046,0,41.791046,682,14,0,0,4,0.02052786,0,0,1,1,1,1,54,0,1,0,0,0,0,0,0,0,0,0,0,0,0,0,0,0
330359700,3000.0,0.936739,2396.6033,0.0,20092,0,41.95804,684,14,0,0,4,0.020467836,0,0,1,1,1,1,54,0,1,0,0,0,0,0,0,0,0,0,0,0,0,0,0,0
331330875,3000.0,0.936739,2686.5671,0.0,20149,0,41.791046,687,14,0,0,4,0.020378457,0,0,1,1,1,1,54,0,1,0,0,0,0,0,0,0,0,0,0,0,0,0,0,0
332370737,3000.0,0.936739,2309.6902,0.0,20214,0,67.93207,689,14,0,0,4,0.020319303,0,0,1,1,1,1,54,0,1,0,0,0,0,0,0,0,0,0,0,0,0,0,0,0
333351704,3000.0,0.936739,2583.6821,0.0,20273,0,41.994835,691,14,0,0,4,0.020260492,0,0,1,1,1,1,54,0,1,0,0,0,0,0,0,0,0,0,0,0,0,0,0,0
334331768,3000.0,0.936739,2467.8357,0.0,20328,0,41.963196,693,14,0,0,4,0.02020202,0,0,1,1,1,1,54,0,1,0,0,0,0,0,0,0,0,0,0,0,0,0,0,0
335377249,3000.0,0.936739,2512.9297,0.0,20394,0,41.998825,695,14,0,0,4,0.020143885,0,0,1,1,1,1,54,0,1,0,0,0,0,0,0,0,0,0,0,0,0,0,0,0
336362744,3000.0,0.936739,2377.0767,0.0,20452,0,41.790382,697,14,0,0,4,0.020086084,0,0,1,1,1,1,54,0,1,0,0,0,0,0,0,0,0,0,0,0,0,0,0,0
337332742,3000.0,0.936739,2216.8809,0.0,20510,0,41.95989,699,14,0,0,4,0.020028612,0,0,1,1,1,1,54,0,1,0,0,0,0,0,0,0,0,0,0,0,0,0,0,0
338393749,3000.0,0.936739,2374.1294,0.0,20571,0,41.791046,701,14,0,0,4,0.01997147,0,0,1,1,1,1,54,0,1,0,0,0,0,0,0,0,0,0,0,0,0,0,0,0
339358765,3000.0,0.936739,2517.4824,0.0,20635,0,41.95804,703,14,0,0,4,0.019914651,0,0,1,1,1,1,54,0,1,0,0,0,0,0,0,0,0,0,0,0,0,0,0,0
340339720,3000.0,0.936739,2442.2354,0.0,20692,0,41.95251,705,14,0,0,4,0.019858155,0,0,1,1,1,1,54,0,1,0,0,0,0,0,0,0,0,0,0,0,0,0,0,0
341480720,3000.0,0.936739,2430.769,0.0,20763,0,41.99601,708,14,0,0,4,0.01977401,0,0,1,1,1,1,54,0,1,0,0,0,0,0,0,0,0,0,0,0,0,0,0,0
342350714,3000.0,0.936739,2507.0623,0.0,20815,0,67.94748,710,14,0,0,4,0.01971831,0,0,1,1,1,1,54,0,1,0,0,0,0,0,0,0,0,0,0,0,0,0,0,0
343341748,3000.0,0.936739,2367.6323,0.0,20876,0,41.95804,712,14,0,0,4,0.019662922,0,0,1,1,1,1,54,0,1,0,0,0,0,0,0,0,0,0,0,0,0,0,0,0
344497699,3000.0,0.936739,2667.8853,0.0,20942,0,41.99819,714,14,0,0,4,0.019607844,0,0,1,1,1,1,54,0,1,0,0,0,0,0,0,0,0,0,0,0,0,0,0,0
345422770,3000.0,0.936739,2286.2952,0.0,21000,0,41.95037,716,14,0,0,4,0.019553073,0,0,1,1,1,1,54,0,1,0,0,0,0,0,0,0,0,0,0,0,0,0,0,0
346343701,3000.0,0.936739,2557.789,0.0,21045,0,41.800446,718,14,0,0,4,0.019498607,0,0,1,1,1,1,54,0,1,0,0,0,0,0,0,0,0,0,0,0,0,0,0,0
347423738,3000.0,0.936739,2499.0264,0.0,21111,0,41.95008,720,14,0,0,4,0.019444445,0,0,1,1,1,1,54,0,1,0,0,0,0,0,0,0,0,0,0,0,0,0,0,0
348360216,3000.0,0.936739,2539.8894,0.0,21166,0,41.965126,722,14,0,0,4,0.019390581,0,0,1,1,1,1,54,0,1,0,0,0,0,0,0,0,0,0,0,0,0,0,0,0
349350740,3000.0,0.936739,2365.174,0.0,21224,0,41.791046,724,14,0,0,4,0.019337017,0,0,1,1,1,1,54,0,1,0,0,0,0,0,0,0,0,0,0,0,0,0,0,0
350460734,3000.0,0.936739,2658.3975,0.0,21294,0,41.958923,726,14,0,0,4,0.019283747,0,0,1,1,1,1,54,0,1,0,0,0,0,0,0,0,0,0,0,0,0,0,0,0
351366782,3000.0,0.936739,2382.95,0.0,21345,0,41.99912,729,14,0,0,4,0.01920439,0,0,1,1,1,1,54,0,1,0,0,0,0,0,0,0,0,0,0,0,0,0,0,0
352491725,3000.0,0.936739,2537.5159,0.0,21415,0,67.933495,731,14,0,0,4,0.019151846,0,0,1,1,1,1,54,0,1,0,0,0,0,0,0,0,0,0,0,0,0,0,0,0
353461700,3000.0,0.936739,2038.7168,0.0,21472,0,41.789215,733,14,0,0,4,0.019099591,0,0,1,1,1,1,54,0,1,0,0,0,0,0,0,0,0,0,0,0,0,0,0,0
354428071,3000.0,0.936739,2567.6416,0.0,21533,0,41.97779,735,14,0,0,4,0.01904762,0,0,1,1,1,1,54,0,1,0,0,0,0,0,0,0,0,0,0,0,0,0,0,0
355492746,3000.0,0.936739,2312.0127,0.0,21591,0,41.982075,737,14,0,0,4,0.01899593,0,0,1,1,1,1,54,0,1,0,0,0,0,0,0,0,0,0,0,0,0,0,0,0
356438721,3000.0,0.936739,2499.5024,0.0,21655,0,41.791046,739,14,0,0,4,0.01894452,0,0,1,1,1,1,54,0,1,0,0,0,0,0,0,0,0,0,0,0,0,0,0,0
357398718,3000.0,0.936739,2584.4155,0.0,21710,0,41.95804,741,14,0,0,4,0.018893387,0,0,1,1,1,1,54,0,1,0,0,0,0,0,0,0,0,0,0,0,0,0,0,0
358504735,3000.0,0.936739,2257.7422,0.0,21779,0,41.95804,743,14,0,0,4,0.01884253,0,0,1,1,1,1,54,0,1,0,0,0,0,0,0,0,0,0,0,0,0,0,0,0
359455702,3000.0,0.936739,2541.2935,0.0,21833,0,41.791046,745,14,0,0,4,0.018791946,0,0,1,1,1,1,54,0,1,0,0,0,0,0,0,0,0,0,0,0,0,0,0,0
360395699,3000.0,0.936739,2480.5193,0.0,21893,0,41.95804,747,14,0,0,4,0.018741634,0,0,1,1,1,1,54,0,1,0,0,0,0,0,0,0,0,0,0,0,0,0,0,0
361551839,3000.0,0.936739,2579.3665,0.0,21961,0,41.95716,749,15,0,0,4,0.020026702,0,0,1,1,1,1,54,0,1,0,0,0,0,0,0,0,0,0,0,0,0,0,0,0
362437720,3000.0,0.936739,2375.0276,0.0,22009,0,41.78934,751,15,0,0,4,0.01997337,0,0,1,1,1,1,54,0,1,0,0,0,0,0,0,0,0,0,0,0,0,0,0,0
363442711,3000.0,0.936739,2665.905,0.0,22066,0,41.951294,753,15,0,0,4,0.01992032,0,0,1,1,1,1,54,0,1,0,0,0,0,0,0,0,0,0,0,0,0,0,0,0
364593829,3000.0,0.936739,2374.6565,0.0,22145,0,41.800323,755,15,0,0,4,0.01986755,0,0,1,1,1,1,54,0,1,0,0,0,0,0,0,0,0,0,0,0,0,0,0,0
365453701,3000.0,0.936739,2548.3293,0.0,22186,0,41.95603,757,15,0,0,4,0.01981506,0,0,1,1,1,1,54,0,1,0,0,0,0,0,0,0,0,0,0,0,0,0,0,0
366444714,3000.0,0.936739,2365.7478,0.0,22246,0,41.960052,759,15,0,0,4,0.019762846,0,0,1,1,1,1,54,0,1,0,0,0,0,0,0,0,0,0,0,0,0,0,0,0
367695745,3000.0,0.936739,2638.806,0.0,22318,0,41.791046,760,15,0,0,4,0.019736841,0,0,1,1,1,1,54,0,1,0,0,0,0,0,0,0,0,0,0,0,0,0,0,0
368470762,3000.0,0.936739,2290.636,0.0,22376,0,20.97835,762,16,0,0,4,0.020997375,0,0,1,1,1,1,54,0,1,0,0,0,0,0,0,0,0,0,0,0,0,0,0,0
369725708,3000.0,0.936739,3021.3687,0.0,22451,0,41.991226,763,16,0,0,4,0.020969857,0,0,1,1,1,1,54,0,1,0,0,0,0,0,0,0,0,0,0,0,0,0,0,0
370981719,3000.0,0.936739,2825.121,0.0,22533,0,20.978622,764,16,0,0,4,0.020942409,0,0,1,1,1,1,54,0,0,0,0,0,0,0,0,0,0,0,0,0,0,0,0,0
371986702,3000.0,0.6618037,1817.9781,0.0,22577,0,20.999746,766,16,0,0,4,0.020887729,0,0,1,1,1,1,54,0,0,0,0,0,0,0,0,0,0,0,0,0,0,0,0,0
372236717,3000.0,0.6618037,1817.9781,0.0,22584,0,20.999746,766,16,0,0,4,0.020887729,0,0,1,1,1,1,54,0,0,0,0,0,0,0,0,0,0,0,0,0,0,0,0,0
373536723,3000.0,0.6618037,1814.6094,0.0,22638,0,20.891884,768,21,0,0,4,0.02734375,0,0,1,1,1,1,54,0,1,0,0,0,0,0,0,0,0,0,0,0,0,0,0,0
374527720,3000.0,0.936739,2270.117,0.0,22702,0,41.799614,770,21,0,0,4,0.027272727,0,0,1,1,1,1,54,0,1,0,0,0,0,0,0,0,0,0,0,0,0,0,0,0
375784020,3000.0,0.936739,2281.6704,0.0,22782,0,41.95716,771,21,0,0,4,0.027237354,0,0,1,1,1,1,54,0,1,0,0,0,0,0,0,0,0,0,0,0,0,0,0,0
376543703,3000.0,0.936739,2455.552,0.0,22817,0,20.979084,773,22,0,0,4,0.028460544,0,0,1,1,1,1,54,0,1,0,0,0,0,0,0,0,0,0,0,0,0,0,0,0
377534701,3000.0,0.936739,2323.4177,0.0,22880,0,41.791668,775,22,0,0,4,0.028387098,0,0,1,1,1,1,54,0,1,0,0,0,0,0,0,0,0,0,0,0,0,0,0,0
378686015,3000.0,0.936739,2538.4692,0.0,22940,0,41.958168,777,22,0,0,4,0.028314028,0,0,1,1,1,1,54,0,1,0,0,0,0,0,0,0,0,0,0,0,0,0,0,0
379945702,3000.0,0.936739,2520.645,0.0,23013,0,20.881083,778,22,0,0,4,0.028277636,0,0,1,1,1,1,54,0,1,0,0,0,0,0,0,0,0,0,0,0,0,0,0,0
380945756,3000.0,0.936739,2314.5454,0.0,23073,0,20.905571,780,22,0,0,4,0.028205128,0,0,1,1,1,1,54,0,1,0,0,0,0,0,0,0,0,0,0,0,0,0,0,0
381195756,3000.0,0.936739,2314.5454,0.0,23092,0,20.905571,781,24,0,0,4,0.030729834,0,0,1,1,1,1,54,0,0,0,0,0,0,0,0,0,0,0,0,0,0,0,0,0
382531231,3000.0,0.936739,2501.5845,0.0,23168,0,46.76789,783,25,0,0,4,0.03192848,0,0,1,1,1,1,54,0,1,0,0,0,0,0,0,0,0,0,0,0,0,0,0,0
383782428,3000.0,0.936739,2266.1304,0.0,23240,0,41.965378,784,25,0,0,4,0.031887755,0,0,1,1,1,1,54,0,1,0,0,0,0,0,0,0,0,0,0,0,0,0,0,0
385041701,3000.0,0.936739,2279.9248,0.0,23310,0,1.999934,785,25,0,0,4,0.031847134,0,0,1,1,1,1,54,0,0,0,0,0,0,0,0,0,0,0,0,0,0,0,0,0
386041703,3000.0,0.936739,2418.0645,0.0,23369,0,20.896854,786,25,0,0,4,0.031806614,0,0,1,1,1,1,54,0,0,0,0,0,0,0,0,0,0,0,0,0,0,0,0,0
386301724,3000.0,0.936739,2418.0645,0.0,23382,0,20.896854,787,25,0,0,4,0.031766202,0,0,1,1,1,1,54,0,0,0,0,0,0,0,0,0,0,0,0,0,0,0,0,0
387551767,3000.0,0.936739,2378.786,0.0,23459,0,20.99811,788,25,0,0,4,0.031725887,0,0,1,1,1,1,54,0,0,0,0,0,0,0,0,0,0,0,0,0,0,0,0,0
388812712,3000.0,0.936739,2471.8633,0.0,23530,0,20.897394,789,25,0,0,4,0.031685676,0,0,1,1,1,1,54,0,0,0,0,0,0,0,0,0,0,0,0,0,0,0,0,0
389547702,3000.0,0.936739,2139.86,0.0,23564,0,41.95804,791,31,0,0,4,0.039190896,0,0,1,1,1,1,54,0,1,0,0,0,0,0,0,0,0,0,0,0,0,0,0,0
390623720,3000.0,0.936739,2334.659,0.0,23627,0,20.889578,793,31,0,0,4,0.039092056,0,0,1,1,1,1,54,0,1,0,0,0,0,0,0,0,0,0,0,0,0,0,0,0
391584702,3000.0,0.936739,2534.1492,0.0,23682,0,41.952805,795,32,0,0,4,0.04025157,0,0,1,1,1,1,54,0,1,0,0,0,0,0,0,0,0,0,0,0,0,0,0,0
