timestamp,id,event_sequence,arguments[0],arguments[1],arguments[2],arguments[3],arguments[4],arguments[5],arguments[6],arguments[7],arguments[8],arguments[9],arguments[10],arguments[11],arguments[12],arguments[13],arguments[14],arguments[15],arguments[16],arguments[17],arguments[18],arguments[19],arguments[20],arguments[21],arguments[22],arguments[23],arguments[24],log_levels
24710751,26266355,37,2,0,0,0,0,0,0,0,0,0,0,0,0,0,0,0,0,0,0,0,0,0,0,0,0,102
24721156,17980399,38,234,7,1,15,6,19,33,0,0,0,0,0,0,0,0,0,0,0,0,0,0,0,0,0,0,102
42010703,21054825,39,0,0,0,0,0,0,0,0,0,0,0,0,0,0,0,0,0,0,0,0,0,0,0,0,0,102
66783669,27270812,40,0,0,0,0,0,0,0,0,0,0,0,0,0,0,0,0,0,0,0,0,0,0,0,0,0,34
66860777,27825120,41,0,0,0,16,0,0,0,0,0,0,0,0,0,255,191,127,128,0,0,0,0,0,0,0,0,136
66860781,21420339,42,255,255,255,255,2,0,0,0,0,0,0,0,0,0,0,0,0,0,0,0,0,0,0,0,0,51
66860784,19865031,43,0,64,0,0,20,0,0,0,0,0,0,0,0,0,0,0,0,0,0,0,0,0,0,0,0,51
66860787,23579003,44,255,255,255,255,12,0,0,0,0,0,0,0,0,0,0,0,0,0,0,0,0,0,0,0,0,102
66860790,18691879,45,0,142,12,2,56,4,0,0,0,0,0,0,0,0,0,0,0,0,0,0,0,0,0,0,0,136
91063825,27825120,46,0,0,0,18,0,0,0,0,0,0,0,0,0,255,191,127,128,0,0,0,0,0,0,0,0,136
91063829,21420339,47,255,255,255,255,2,0,0,0,0,0,0,0,0,0,0,0,0,0,0,0,0,0,0,0,0,51
91063832,20390844,48,126,208,126,0,17,1,186,121,204,190,154,153,153,62,216,84,201,61,0,0,0,0,0,0,0,51
91063835,19865031,49,0,64,0,0,20,0,0,0,0,0,0,0,0,0,0,0,0,0,0,0,0,0,0,0,0,51
91063839,23579003,50,255,255,255,255,12,0,0,0,0,0,0,0,0,0,0,0,0,0,0,0,0,0,0,0,0,102
91063841,18691879,51,0,142,12,2,56,4,0,0,0,0,0,0,0,0,0,0,0,0,0,0,0,0,0,0,0,136
91987637,27825120,52,0,0,0,18,0,0,0,0,0,0,0,0,0,255,191,127,128,0,0,0,0,0,0,0,0,136
91987642,21420339,53,255,255,255,255,2,0,0,0,0,0,0,0,0,0,0,0,0,0,0,0,0,0,0,0,0,51
91987645,20390844,54,126,208,126,0,17,1,56,196,204,190,154,153,153,62,136,235,197,61,0,0,0,0,0,0,0,51
91987648,25316113,55,255,255,255,255,20,0,0,0,0,0,0,0,0,0,0,0,0,0,0,0,0,0,0,0,0,34
91987679,19865031,56,0,64,0,0,20,0,0,0,0,0,0,0,0,0,0,0,0,0,0,0,0,0,0,0,0,51
91987682,23579003,57,255,255,255,255,12,0,0,0,0,0,0,0,0,0,0,0,0,0,0,0,0,0,0,0,0,102
91987685,18691879,58,0,142,12,2,56,4,0,0,0,0,0,0,0,0,0,0,0,0,0,0,0,0,0,0,0,136
91987688,30054617,59,0,0,7,0,0,0,0,0,0,0,0,0,0,0,0,0,0,0,0,0,0,0,0,0,0,68
94066869,27825120,60,0,0,0,18,0,0,0,0,0,0,0,0,0,255,191,127,128,0,0,0,0,0,0,0,0,136
94066874,21420339,61,255,255,255,255,2,0,0,0,0,0,0,0,0,0,0,0,0,0,0,0,0,0,0,0,0,51
94066877,20390844,62,126,208,126,0,17,1,205,204,204,190,154,153,153,62,239,224,197,61,0,0,0,0,0,0,0,51
94066880,19865031,63,0,64,0,0,20,0,0,0,0,0,0,0,0,0,0,0,0,0,0,0,0,0,0,0,0,51
94066883,23579003,64,255,255,255,255,12,0,0,0,0,0,0,0,0,0,0,0,0,0,0,0,0,0,0,0,0,102
94066886,18691879,65,0,142,12,2,56,4,0,0,0,0,0,0,0,0,0,0,0,0,0,0,0,0,0,0,0,136
96190773,27825120,66,0,0,0,18,0,0,0,0,0,0,0,0,0,255,191,127,128,0,0,0,0,0,0,0,0,136
96190794,21420339,67,255,255,255,255,2,0,0,0,0,0,0,0,0,0,0,0,0,0,0,0,0,0,0,0,0,51
96190798,20390844,68,126,208,126,0,17,1,206,169,204,190,154,153,153,62,72,121,191,61,0,0,0,0,0,0,0,51
96190801,25316113,69,255,255,255,255,20,0,0,0,0,0,0,0,0,0,0,0,0,0,0,0,0,0,0,0,0,34
96190804,19865031,70,0,64,0,0,20,0,0,0,0,0,0,0,0,0,0,0,0,0,0,0,0,0,0,0,0,51
96190807,23579003,71,255,255,255,255,12,0,0,0,0,0,0,0,0,0,0,0,0,0,0,0,0,0,0,0,0,102
96190810,18691879,72,0,142,12,2,56,4,0,0,0,0,0,0,0,0,0,0,0,0,0,0,0,0,0,0,0,136
96202636,30054617,73,0,0,7,0,0,0,0,0,0,0,0,0,0,0,0,0,0,0,0,0,0,0,0,0,0,68
98293775,27825120,74,0,0,0,18,0,0,0,0,0,0,0,0,0,255,191,127,128,0,0,0,0,0,0,0,0,136
98293780,21420339,75,255,255,255,255,2,0,0,0,0,0,0,0,0,0,0,0,0,0,0,0,0,0,0,0,0,51
98293783,20390844,76,126,208,126,0,17,1,159,197,204,190,154,153,153,62,224,100,190,61,0,0,0,0,0,0,0,51
98293786,19865031,77,0,64,0,0,20,0,0,0,0,0,0,0,0,0,0,0,0,0,0,0,0,0,0,0,0,51
98293789,23579003,78,255,255,255,255,12,0,0,0,0,0,0,0,0,0,0,0,0,0,0,0,0,0,0,0,0,102
98293792,18691879,79,0,142,12,2,56,4,0,0,0,0,0,0,0,0,0,0,0,0,0,0,0,0,0,0,0,136
100746789,27825120,80,0,0,0,18,0,0,0,0,0,0,0,0,0,255,191,127,128,0,0,0,0,0,0,0,0,136
100746796,21420339,81,255,255,255,255,2,0,0,0,0,0,0,0,0,0,0,0,0,0,0,0,0,0,0,0,0,51
100746799,20390844,82,126,208,126,0,17,1,236,144,203,190,154,153,153,62,167,242,179,61,0,0,0,0,0,0,0,51
100746802,25316113,83,255,255,255,255,20,0,0,0,0,0,0,0,0,0,0,0,0,0,0,0,0,0,0,0,0,34
100746805,19865031,84,0,64,0,0,20,0,0,0,0,0,0,0,0,0,0,0,0,0,0,0,0,0,0,0,0,51
100746808,23579003,85,255,255,255,255,12,0,0,0,0,0,0,0,0,0,0,0,0,0,0,0,0,0,0,0,0,102
100746811,18691879,86,0,142,12,2,56,4,0,0,0,0,0,0,0,0,0,0,0,0,0,0,0,0,0,0,0,136
100758651,30054617,87,0,0,7,0,0,0,0,0,0,0,0,0,0,0,0,0,0,0,0,0,0,0,0,0,0,68
102827917,27825120,88,0,0,0,18,0,0,0,0,0,0,0,0,0,255,191,127,128,0,0,0,0,0,0,0,0,136
102827922,21420339,89,255,255,255,255,2,0,0,0,0,0,0,0,0,0,0,0,0,0,0,0,0,0,0,0,0,51
102827925,20390844,90,126,208,126,0,17,1,143,194,203,190,154,153,153,62,72,242,179,61,0,0,0,0,0,0,0,51
102827928,19865031,91,0,64,0,0,20,0,0,0,0,0,0,0,0,0,0,0,0,0,0,0,0,0,0,0,0,51
102827931,23579003,92,255,255,255,255,12,0,0,0,0,0,0,0,0,0,0,0,0,0,0,0,0,0,0,0,0,102
102827934,18691879,93,0,142,12,2,56,4,0,0,0,0,0,0,0,0,0,0,0,0,0,0,0,0,0,0,0,136
115039876,27825120,94,0,0,0,18,0,0,0,0,0,0,0,0,0,255,191,127,128,0,0,0,0,0,0,0,0,136
115039881,21420339,95,255,255,255,255,2,0,0,0,0,0,0,0,0,0,0,0,0,0,0,0,0,0,0,0,0,51
115039884,20390844,96,126,208,126,0,17,1,60,178,204,190,154,153,153,62,56,106,150,61,0,0,0,0,0,0,0,51
115039887,25316113,97,255,255,255,255,20,0,0,0,0,0,0,0,0,0,0,0,0,0,0,0,0,0,0,0,0,34
115039890,19865031,98,0,64,0,0,20,0,0,0,0,0,0,0,0,0,0,0,0,0,0,0,0,0,0,0,0,51
115039893,23579003,99,255,255,255,255,12,0,0,0,0,0,0,0,0,0,0,0,0,0,0,0,0,0,0,0,0,102
115039896,18691879,100,0,142,12,2,56,4,0,0,0,0,0,0,0,0,0,0,0,0,0,0,0,0,0,0,0,136
115051705,30054617,101,0,0,7,0,0,0,0,0,0,0,0,0,0,0,0,0,0,0,0,0,0,0,0,0,0,68
117132865,27825120,102,0,0,0,18,0,0,0,0,0,0,0,0,0,255,191,127,128,0,0,0,0,0,0,0,0,136
117132869,21420339,103,255,255,255,255,2,0,0,0,0,0,0,0,0,0,0,0,0,0,0,0,0,0,0,0,0,51
117132873,20390844,104,126,208,126,0,17,1,1,104,203,190,154,153,153,62,171,140,149,61,0,0,0,0,0,0,0,51
117132876,19865031,105,0,64,0,0,20,0,0,0,0,0,0,0,0,0,0,0,0,0,0,0,0,0,0,0,0,51
117132879,23579003,106,255,255,255,255,12,0,0,0,0,0,0,0,0,0,0,0,0,0,0,0,0,0,0,0,0,102
117132882,18691879,107,0,142,12,2,56,4,0,0,0,0,0,0,0,0,0,0,0,0,0,0,0,0,0,0,0,136
183917036,27825120,108,0,0,0,18,0,0,0,0,0,0,0,0,0,255,191,127,128,0,0,0,0,0,0,0,0,136
183917040,21420339,109,255,255,255,255,2,0,0,0,0,0,0,0,0,0,0,0,0,0,0,0,0,0,0,0,0,51
183917045,20390844,110,126,208,126,0,17,1,40,68,204,190,154,153,153,62,193,236,13,61,0,0,0,0,0,0,0,51
183917048,25316113,111,255,255,255,255,20,0,0,0,0,0,0,0,0,0,0,0,0,0,0,0,0,0,0,0,0,34
183917051,19865031,112,0,64,0,0,20,0,0,0,0,0,0,0,0,0,0,0,0,0,0,0,0,0,0,0,0,51
183917054,23579003,113,255,255,255,255,12,0,0,0,0,0,0,0,0,0,0,0,0,0,0,0,0,0,0,0,0,102
183917057,18691879,114,0,142,12,2,56,4,0,0,0,0,0,0,0,0,0,0,0,0,0,0,0,0,0,0,0,136
183928633,30054617,115,0,0,7,0,0,0,0,0,0,0,0,0,0,0,0,0,0,0,0,0,0,0,0,0,0,68
185732789,26622124,116,0,0,0,0,0,0,0,0,0,0,0,0,0,0,0,0,0,0,0,0,0,0,0,0,0,102
185798880,32794487,117,2,0,0,0,0,0,0,0,0,0,0,0,0,0,0,0,0,0,0,0,0,0,0,0,0,102
185925778,27825120,118,0,0,0,16,0,0,0,0,0,0,0,0,0,255,191,127,128,0,0,0,0,0,0,0,0,136
185925783,21420339,119,255,255,255,255,2,0,0,0,0,0,0,0,0,0,0,0,0,0,0,0,0,0,0,0,0,51
185925786,25316113,120,255,255,255,255,20,0,0,0,0,0,0,0,0,0,0,0,0,0,0,0,0,0,0,0,0,34
185925789,19865031,121,0,64,0,0,20,0,0,0,0,0,0,0,0,0,0,0,0,0,0,0,0,0,0,0,0,51
185925792,23579003,122,255,255,255,255,12,0,0,0,0,0,0,0,0,0,0,0,0,0,0,0,0,0,0,0,0,102
185925795,18691879,123,0,142,12,2,56,4,0,0,0,0,0,0,0,0,0,0,0,0,0,0,0,0,0,0,0,136
