timestamp,timestamp_sample,latitude_deg,longitude_deg,altitude_msl_m,altitude_ellipsoid_m,time_utc_usec,device_id,s_variance_m_s,c_variance_rad,eph,epv,hdop,vdop,noise_per_ms,jamming_indicator,vel_m_s,vel_n_m_s,vel_e_m_s,vel_d_m_s,cog_rad,timestamp_time_relative,system_error,heading,heading_offset,heading_accuracy,rtcm_injection_rate,automatic_gain_control,fix_type,jamming_state,spoofing_state,authentication_state,vel_ned_valid,satellites_used,selected_rtcm_instance,rtcm_crc_failed,rtcm_msg_used
108431519,0,31.1855878,117.19753970000001,39.45,35.083,1772935334200000,8748291,0.0003900528,0.005856561,1.954562,2.41496,0.7001953,1.2998047,0,0,0.25980952,0.06,0.251,0.03,1.3361557,0,0,-0.28184795,0.0,0.0,0.0,0,3,0,0,0,1,28,0,0,0
109429040,0,31.1855889,117.1975391,39.58,35.213,1772935335200000,8748291,0.0006890297,0.011804721,1.9490583,2.4133418,0.7001953,1.2998047,0,0,0.30308083,0.225,-0.088,-0.183,-0.37282014,0,0,-0.070130825,0.0,0.0,0.0,0,3,0,0,0,1,28,0,0,0
110429335,0,31.1855918,117.1975382,39.4,35.033,1772935336200000,8748291,0.0011091232,0.006990346,1.9465514,2.4125323,0.7001953,1.2998047,0,0,0.56379604,0.043,-0.396,0.399,-1.4626342,0,0,-0.47016048,0.0,0.0,0.0,0,3,0,0,0,1,28,0,0,0
111429461,0,31.185590100000002,117.19753800000001,39.57,35.203,1772935337200000,8748291,0.0009551048,0.108831465,1.9465514,2.4125323,0.7001953,1.2998047,0,0,0.18111047,0.09,-0.026,0.155,-0.28123218,0,0,-0.63712215,0.0,0.0,0.0,0,3,0,0,0,1,28,0,0,0
112429698,0,31.1855892,117.1975398,39.53,35.163000000000004,1772935338200000,8748291,0.0003900528,0.010230892,1.9233353,2.402798,0.7001953,1.2998047,0,0,0.20037465,0.109,-0.162,-0.045,-0.97853243,0,0,-0.33630753,0.0,0.0,0.0,0,3,0,0,0,1,28,0,0,0
113428168,0,31.1855887,117.1975394,39.37,35.003,1772935339200000,8748291,0.0009975433,0.011396718,1.8962339,2.3946555,0.60009766,1.2998047,0,0,0.46135128,-0.24,-0.173,0.354,-2.5170212,0,0,-0.33307552,0.0,0.0,0.0,0,3,0,0,0,1,28,0,0,0
114428599,0,31.1855879,117.1975413,39.37,35.003,1772935340200000,8748291,0.0010643005,0.62094545,1.8603595,2.4214213,0.7001953,1.5996094,0,0,0.04403408,0.025,0.033,-0.015,0.9224643,0,0,-0.09626913,0.0,0.0,0.0,0,3,0,0,0,1,28,0,0,0
115427822,0,31.1855894,117.19754040000001,39.36,34.993,1772935341200000,8748291,0.0010290146,0.001111888,1.8603595,2.4206145,0.7001953,1.5996094,0,0,0.9747384,0.865,-0.421,0.157,-0.45295534,0,0,-0.2636757,0.0,0.0,0.0,0,3,0,0,0,1,28,0,0,0
116428103,0,31.1855887,117.1975395,39.59,35.223,1772935342200000,8748291,0.0006017685,0.0112927575,1.8624581,2.4222279,0.7001953,1.5996094,0,0,0.31888556,-0.182,0.142,-0.22,2.4790297,0,0,-0.615047,0.0,0.0,0.0,0,3,0,0,0,1,28,0,0,0
117428682,0,31.1855868,117.1975403,39.660000000000004,35.293,1772935343200000,8748291,0.000521183,0.015499867,1.8440148,2.414151,0.7001953,1.5996094,0,0,0.35502252,-0.18,-0.035,-0.304,-2.9495447,0,0,-0.3679905,0.0,0.0,0.0,0,3,0,0,0,1,28,0,0,0
118428172,0,31.185586400000002,117.19754040000001,39.65,35.283,1772935344200000,8748291,0.0003900528,0.22352594,1.8508866,2.4173849,0.7001953,1.5996094,0,0,0.047212288,-0.041,0.008,0.022,2.9488919,0,0,-0.31131458,0.0,0.0,0.0,0,3,0,0,0,1,28,0,0,0
119428634,0,31.185588,117.197541,39.67,35.303,1772935345200000,8748291,0.00078201294,0.019879326,1.8482467,2.4165769,0.7001953,1.5996094,0,0,0.41365084,0.107,-0.167,0.363,-1.0009736,0,0,-0.28682804,0.0,0.0,0.0,0,3,0,0,0,1,28,0,0,0
120426844,0,31.1855877,117.1975409,39.730000000000004,35.363,1772935346200000,8748291,0.0022296906,0.037714023,1.840304,2.4133418,0.7001953,1.5,0,0,0.37615156,-0.24,-0.039,-0.287,-2.9805007,0,0,-0.34542513,0.0,0.0,0.0,0,3,0,0,0,1,28,0,0,0
121426112,0,31.1855882,117.19754,39.74,35.373,1772935347200000,8748291,0.0009551048,0.7771398,1.8397733,2.4133418,0.7001953,1.5,0,0,0.04036087,-0.035,-0.002,-0.02,-3.0845118,0,0,-0.42858696,0.0,0.0,0.0,0,3,0,0,0,1,28,0,0,0
122426495,0,31.1855871,117.197541,39.85,35.483000000000004,1772935348200000,8748291,0.0020217896,0.0021480427,1.8328598,2.4101024,0.7001953,1.5,0,0,0.986542,-0.97,0.018,-0.179,3.123038,0,0,-0.27540636,0.0,0.0,0.0,0,3,0,0,0,1,28,0,0,0
123426867,0,31.1855978,117.197532,40.26,35.893,1772935349200000,8748291,0.0082092285,0.00022661492,1.9116216,2.440703,0.7001953,1.5,0,0,6.860227,5.168,-3.085,-3.292,-0.5381685,0,0,-0.35893774,0.0,0.0,0.0,0,3,0,0,0,1,28,0,0,0
124437060,0,31.185624100000002,117.197517,42.26,37.893,1772935350200000,8748291,0.027282715,0.0032245964,2.0491996,2.4117227,0.7001953,1.2998047,0,0,2.9617867,2.199,-1.904,-0.558,-0.7136231,0,0,-0.56976795,0.0,0.0,0.0,0,3,0,0,0,1,28,0,0,0
125433491,0,31.185648,117.1974983,42.77,38.403,1772935351200000,8748291,0.01600647,0.0013110023,2.1167119,2.5241024,0.7001953,1.5996094,0,0,3.50407,3.087,-1.637,0.263,-0.48758367,0,0,-0.23123026,0.0,0.0,0.0,0,3,0,0,0,1,28,0,0,0
126430667,0,31.1856833,117.19748990000001,42.550000000000004,38.183,1772935352200000,8748291,0.03048706,0.0014514377,2.0019522,2.4133418,0.7001953,1.2998047,0,0,4.5865474,4.583,-0.029,-0.178,-0.006327648,0,0,0.12227917,0.0,0.0,0.0,0,3,0,0,0,1,28,0,0,0
127429904,0,31.1857152,117.1975101,42.52,38.153,1772935353200000,8748291,0.019973755,0.0010977581,1.941025,2.3995442,0.60009766,1.2998047,0,0,4.2850327,2.825,3.196,-0.408,0.846938,0,0,0.7162342,0.0,0.0,0.0,0,3,0,0,0,1,28,0,0,0
128430237,0,31.1857188,117.1975603,42.49,38.123,1772935354200000,8748291,0.04171753,0.0013281902,1.9228275,2.3922074,0.60009766,1.2998047,0,0,5.604405,-1.211,5.472,-0.007,1.7885944,0,0,1.5862317,0.0,0.0,0.0,0,3,0,0,0,1,28,0,0,0
129431020,0,31.1856732,117.1976085,41.730000000000004,37.364000000000004,1772935355200000,8748291,0.019363403,0.00026123188,1.9430364,2.395471,0.7001953,1.2998047,0,0,8.808969,-7.675,3.901,1.864,2.671348,0,0,2.6112552,0.0,0.0,0.0,0,3,0,0,0,1,28,0,0,0
130431579,0,31.185594000000002,117.1976032,39.13,34.764,1772935356200000,8748291,0.050354004,0.00077013025,2.0539596,2.501562,0.7001953,1.5996094,0,0,8.474077,-7.268,-3.544,2.535,-2.6879005,0,0,3.1415927,0.0,0.0,0.0,0,3,0,0,0,1,28,0,0,0
131431484,0,31.1855939,117.1975995,38.14,33.774,1772935357200000,8748291,0.029556274,0.4314911,2.1632586,2.5479772,0.7001953,1.5996094,-1,-1,0.29003963,-0.067,-0.253,0.125,-1.8296758,0,0,nan,nan,nan,0.0,0,3,0,0,0,1,28,0,0,0
132432412,0,31.1855935,117.1975992,37.95,33.584,1772935358200000,8748291,0.0067481995,3.7573497,2.086976,2.5155764,0.7001953,1.5996094,0,0,0.054963622,0.014,-0.04,-0.035,-1.2341216,0,0,-1.3082714,0.0,0.0,0.0,0,3,0,0,0,1,28,0,0,0
133429580,0,31.1855945,117.19759880000001,37.89,33.524,1772935359200000,8748291,0.005748749,1.7394097,2.0851035,2.5147998,0.7001953,1.5996094,0,0,0.05916925,0.037,-0.044,0.014,-0.8716037,0,0,-1.3407845,0.0,0.0,0.0,0,3,0,0,0,1,28,0,0,0
134430931,0,31.1855935,117.1975985,37.93,33.564,1772935360200000,8748291,0.032592773,2.7138028,2.0472925,2.4992187,0.7001953,1.5996094,0,0,0.11240552,-0.047,-0.099,0.025,-2.0140386,0,0,-1.3380065,0.0,0.0,0.0,0,3,0,0,0,1,28,0,0,0
135431113,0,31.1855938,117.1975986,37.93,33.564,1772935361200000,8748291,0.0049743652,13.972935,2.08604,2.514023,0.7001953,1.5996094,0,0,0.10766615,-0.01,0.016,0.106,2.1293955,0,0,-1.3278432,0.0,0.0,0.0,0,3,0,0,0,1,28,0,0,0
