timestamp,timestamp_sample,lat,lon,alt,alt_ellipsoid,delta_alt,delta_terrain,eph,epv,terrain_alt,lat_lon_valid,alt_valid,lat_lon_reset_counter,alt_reset_counter,terrain_reset_counter,terrain_alt_valid,dead_reckoning
558487905,558487339,31.185611914226143,117.19752035552278,30.38514,28.190039,38.52993,38.52993,0.1687394,0.1528341,30.321604,1,1,1,3,3,0,0
558986818,558986339,31.185612304051528,117.19752061540224,30.350864,28.15577,38.52993,38.52993,0.16848886,0.15285963,30.28065,1,1,1,3,3,0,0
559485802,559485339,31.185612630592914,117.19752066032883,30.279902,28.08481,38.52993,38.52993,0.16846585,0.15312521,30.23197,1,1,1,3,3,0,0
559984933,559984339,31.18561476846017,117.19751962537713,30.18792,27.992832,38.52993,38.52993,0.16819265,0.15314223,30.159367,1,1,1,3,3,0,0
560483789,560483339,31.185614488730348,117.19751924510598,30.191965,27.996883,38.52993,38.52993,0.16824226,0.15340157,30.08879,1,1,1,3,3,0,0
560982754,560982338,31.185613537211466,117.19751925074625,30.164381,27.969282,38.52993,38.52993,0.16824174,0.15347677,30.080626,1,1,1,3,3,0,0
561481943,561481338,31.18561283806232,117.19751924955172,30.131592,27.936499,38.52993,38.52993,0.16833684,0.15356338,30.073784,1,1,1,3,3,0,0
561980815,561980338,31.18561276759789,117.19751918753464,30.0835,27.88841,38.52993,38.52993,0.16828619,0.15378101,30.002974,1,1,1,3,3,0,0
562489733,562489319,31.185612070872985,117.19751886344456,30.08546,27.890366,38.52993,38.52993,0.16916038,0.15428884,29.99773,1,1,1,3,3,0,0
562978760,562978339,31.185611614013528,117.19752042298119,30.069338,27.874249,38.52993,38.52993,0.16830553,0.1538058,29.979618,1,1,1,3,3,0,0
563487811,563487319,31.185613086883315,117.19752104263969,30.06803,27.872944,38.52993,38.52993,0.16922303,0.15426736,29.98259,1,1,1,3,3,0,0
563986733,563986320,31.185612356330704,117.19752071767482,30.045773,27.850683,38.52993,38.52993,0.16916658,0.15435492,29.951452,1,1,1,3,3,0,0
564485724,564485320,31.185612065379104,117.19752082106474,30.018484,27.823399,38.52993,38.52993,0.16929136,0.15434012,29.93532,1,1,1,3,3,0,0
564984766,564984321,31.185613447329253,117.19752147342335,29.97841,27.783321,38.52993,38.52993,0.16904743,0.15418051,29.886282,1,1,1,3,3,0,0
565483749,565483321,31.185613568654738,117.19752108830843,29.94623,27.751144,38.52993,38.52993,0.16905771,0.15425247,29.858479,1,1,1,3,3,0,0
565982769,565982322,31.18561331317069,117.19752111849513,29.928751,27.73367,38.52993,38.52993,0.1688512,0.15409303,29.830133,1,1,1,3,3,0,0
566481957,566481322,31.185613200362642,117.19752110204105,29.904068,27.70898,38.52993,38.52993,0.16879176,0.15394881,29.81975,1,1,1,3,3,0,0
566981031,566980323,31.185613514618748,117.19752097355462,29.853645,27.658531,38.52993,38.52993,0.16863205,0.15394837,29.764753,1,1,1,3,3,0,0
567479728,567479324,31.185613776804967,117.19752105553081,29.81411,27.619001,38.52993,38.52993,0.1686674,0.15384974,29.725758,1,1,1,3,3,0,0
567988753,567988305,31.185613939379504,117.1975207713381,29.81496,27.619858,38.52993,38.52993,0.16923094,0.15410873,29.697775,1,1,1,3,3,0,0
568487783,568487306,31.18561402886004,117.19752022699397,29.782665,27.587559,38.52993,38.52993,0.169277,0.15416375,29.66221,1,1,1,3,3,0,0
568986887,568986307,31.185614242991786,117.19751987168434,29.771118,27.575983,38.52993,38.52993,0.16896276,0.15396035,29.648687,1,1,1,3,3,0,0
569485713,569485308,31.18561453682775,117.19751915810481,29.738075,27.542946,38.52993,38.52993,0.168932,0.15383804,29.63383,1,1,1,3,3,0,0
569984785,569984309,31.18561403629042,117.19751834928087,29.678621,27.483479,38.52993,38.52993,0.16878517,0.15384626,29.624147,1,1,1,3,3,0,0
570483720,570483310,31.185616324597575,117.19751801783133,29.647432,27.452297,38.52993,38.52993,0.16888335,0.15381135,29.538456,1,1,1,3,3,0,0
570982721,570982311,31.18561204262621,117.1975194577811,29.673172,27.478043,38.52993,38.52993,0.16867751,0.15364431,29.546526,1,1,1,3,3,0,0
571481955,571481312,31.185611799699252,117.1975186653899,29.575329,27.380186,38.52993,38.52993,0.16869761,0.15371762,29.544064,1,1,1,3,3,0,0
571980756,571980313,31.18562953602385,117.1975103241682,29.93148,27.736345,38.52993,38.52993,0.16865425,0.1535584,29.544064,1,1,1,3,3,0,0
572489702,572489294,31.185652689584053,117.19749804651357,30.474255,28.279106,38.52993,38.52993,0.17013085,0.15399364,29.544064,1,1,1,3,3,0,0
572988730,572988294,31.185670811393567,117.19748061528385,30.43994,28.24479,38.52993,38.52993,0.16999802,0.15389906,29.544064,1,1,1,3,3,0,0
573487810,573487294,31.185688679542345,117.1974565986969,29.945534,27.750353,38.52993,38.52993,0.17086354,0.15438862,29.544064,1,1,1,3,3,0,0
573986712,573986294,31.185706296452047,117.19742564179646,29.383469,27.188276,38.52993,38.52993,0.17156412,0.15473734,29.544064,1,1,1,3,3,0,0
574485737,574485294,31.185722259110214,117.19739144904698,29.130747,26.935524,38.52993,38.52993,0.1715317,0.15480547,29.544064,1,1,1,3,3,0,0
574984703,574984293,31.185739265642678,117.19735906102576,29.329906,27.134659,38.52993,38.52993,0.17061473,0.15468962,29.544064,1,1,1,3,3,0,0
575483698,575483291,31.185756270594435,117.19733025860732,29.784575,27.5893,38.52993,38.52993,0.17014427,0.15442535,29.544064,1,1,1,3,3,0,0
575982816,575982289,31.185774380468423,117.19730623921735,30.262184,28.066893,38.52993,38.52993,0.17180115,0.1546716,29.544064,1,1,1,3,3,0,0
576481715,576481288,31.1857949262336,117.19728491180514,30.528934,28.333609,38.52993,38.52993,0.17396379,0.15531838,29.544064,1,1,1,3,3,0,0
576980721,576980285,31.185818902901197,117.19726515704717,30.657263,28.461905,38.52993,38.52993,0.17610458,0.15587115,29.544064,1,1,1,3,3,0,0
577479773,577479283,31.185846686722574,117.19724796880067,30.661184,28.465796,38.52993,38.52993,0.1765832,0.15606901,29.544064,1,1,1,3,3,0,0
577988733,577988260,31.185877812201756,117.19723218290048,30.596113,28.400682,38.52993,38.52993,0.1748293,0.15607658,29.544064,1,1,1,3,3,0,0
578487740,578487256,31.18590902211312,117.19721768241648,30.566664,28.371204,38.52993,38.52993,0.17326212,0.15561411,29.544064,1,1,1,3,3,0,0
578986671,578986252,31.185941006926473,117.19720404328325,30.535303,28.339794,38.52993,38.52993,0.17176841,0.15503052,29.544064,1,1,1,3,3,0,0
579485839,579485248,31.185971769007875,117.19719195158243,30.703695,28.508154,38.52993,38.52993,0.17080238,0.1546998,29.544064,1,1,1,3,3,0,0
579984671,579984243,31.1860007730994,117.19718169296759,30.976816,28.781237,38.52993,38.52993,0.17006099,0.15422417,29.544064,1,1,1,3,3,0,0
580483706,580483238,31.186029317682348,117.19717199538432,31.172024,28.976385,38.52993,38.52993,0.16956772,0.15386528,29.544064,1,1,1,3,3,0,0
580982646,580982233,31.18605865088638,117.1971642083036,31.319256,29.123589,38.52993,38.52993,0.16906413,0.15363985,29.544064,1,1,1,3,3,0,0
581481647,581481228,31.1860888107875,117.19715724534991,31.371174,29.175453,38.52993,38.52993,0.16894782,0.15342583,29.544064,1,1,1,3,3,0,0
581980859,581980222,31.186120234126985,117.19715273305661,31.395287,29.19954,38.52993,38.52993,0.16895308,0.15315744,29.544064,1,1,1,3,3,0,0
582489635,582489196,31.18615260515634,117.19715437625545,31.358507,29.162718,38.52993,38.52993,0.17111042,0.15344948,29.544064,1,1,1,3,3,0,0
582988593,582988189,31.1861842899881,117.19716218663896,31.172838,28.97701,38.52993,38.52993,0.17156437,0.15347494,29.544064,1,1,1,3,3,0,0
583487679,583487182,31.1862179168448,117.19717428012918,30.898056,28.70218,38.52993,38.52993,0.17199203,0.15347745,29.544064,1,1,1,3,3,0,0
583986619,583986175,31.186251732433963,117.19719078296666,30.72565,28.52976,38.52993,38.52993,0.17201512,0.1534217,29.544064,1,1,1,3,3,0,0
584485594,584485167,31.18628337331424,117.19721014465941,30.772528,28.576603,38.52993,38.52993,0.17186011,0.15356866,29.544064,1,1,1,3,3,0,0
584984565,584984159,31.186311972730074,117.19722998608924,31.120403,28.924454,38.52993,38.52993,0.17125429,0.15346646,29.544064,1,1,1,3,3,0,0
585483551,585483150,31.186336549192962,117.19724998052735,31.581247,29.385277,38.52993,38.52993,0.17044441,0.15346532,29.544064,1,1,1,3,3,0,0
585982597,585982141,31.186358155821495,117.19727026234045,32.032047,29.836054,38.52993,38.52993,0.16964044,0.15327235,29.544064,1,1,1,3,3,0,0
586481576,586481132,31.1863783373949,117.19729110223197,32.35862,30.162617,38.52993,38.52993,0.16924983,0.15316582,29.544064,1,1,1,3,3,0,0
586990589,586990102,31.18639771192682,117.19731282321713,32.597954,30.40195,38.52993,38.52993,0.16949114,0.1533635,29.544064,1,1,1,3,3,0,0
587479632,587479113,31.186415491287498,117.19733408283756,32.753666,30.557655,38.52993,38.52993,0.16865769,0.153023,29.544064,1,1,1,3,3,0,0
587988539,587988082,31.186433309668686,117.19735736348618,32.918804,30.722794,38.52993,38.52993,0.16910125,0.1532939,29.544064,1,1,1,3,3,0,0
588487539,588487072,31.18645046917028,117.1973809162459,32.991833,30.795822,38.52993,38.52993,0.16908182,0.1532429,29.544064,1,1,1,3,3,0,0
588986862,588986062,31.186466917085973,117.19740558862961,33.06175,30.865738,38.52993,38.52993,0.16874507,0.15322617,29.544064,1,1,1,3,3,0,0
589485651,589485051,31.186481980273488,117.1974302874323,33.144676,30.948675,38.52993,38.52993,0.1687038,0.15315591,29.544064,1,1,1,3,3,0,0
589984604,589984039,31.186495940996398,117.19745589628734,33.31939,31.123388,38.52993,38.52993,0.16858836,0.15303366,29.544064,1,1,1,3,3,0,0
590483668,590483028,31.186509808068127,117.19748177484854,33.478077,31.282085,38.52993,38.52993,0.16869143,0.15314357,29.544064,1,1,1,3,3,0,0
590982638,590982016,31.186521923875237,117.1975072433077,33.67834,31.48236,38.52993,38.52993,0.16861582,0.15303251,29.544064,1,1,1,3,3,0,0
591481484,591481004,31.186530708540793,117.19753249248303,33.827152,31.63119,38.52993,38.52993,0.16867584,0.15296106,29.544064,1,1,1,3,3,0,0
591980447,591979992,31.186535216100104,117.19755816992942,33.9541,31.758144,38.52993,38.52993,0.1686661,0.15300652,29.544064,1,1,1,3,3,0,0
592489377,592488959,31.186534939988054,117.19758416706105,33.928413,31.732452,38.52993,38.52993,0.1696239,0.15340951,29.544064,1,1,1,3,3,0,0
592988534,592987946,31.18652762213396,117.19760832780975,33.819054,31.623121,38.52993,38.52993,0.16989787,0.15339085,29.544064,1,1,1,3,3,0,0
593487385,593486932,31.18651461260679,117.197628477601,33.770905,31.574999,38.52993,38.52993,0.17040047,0.15356164,29.544064,1,1,1,3,3,0,0
593986370,593985918,31.186495913680904,117.19764331697768,33.660656,31.464794,38.52993,38.52993,0.17049304,0.15357599,29.544064,1,1,1,3,3,0,0
594485309,594484904,31.186472517367726,117.19765151218542,33.40404,31.208221,38.52993,38.52993,0.17071296,0.153665,29.544064,1,1,1,3,3,0,0
594984366,594983889,31.186446644657046,117.19765101849931,33.25833,31.062551,38.52993,38.52993,0.17043954,0.15377475,29.544064,1,1,1,3,3,0,0
595483276,595482874,31.18642124975373,117.19764292047917,33.33195,31.136208,38.52993,38.52993,0.17086807,0.15394738,29.544064,1,1,1,3,3,0,0
595982306,595981858,31.186398288637463,117.19762985195058,33.63825,31.442543,38.52993,38.52993,0.17260365,0.15445644,29.544064,1,1,1,3,3,0,0
596481382,596480843,31.186378513243994,117.19761405280822,34.067894,31.872202,38.52993,38.52993,0.17591913,0.15558848,29.544064,1,1,1,3,3,0,0
596990208,596989806,31.186360727751172,117.19759514570754,34.49047,32.2948,38.52993,38.52993,0.17801066,0.15653515,29.544064,1,1,1,3,3,0,0
597489244,597488789,31.18634553427926,117.19757526015084,34.962063,32.766422,38.52993,38.52993,0.17818248,0.15675561,29.544064,1,1,1,3,3,0,0
597978237,597977792,31.18633234501284,117.19755409521566,35.339073,33.143456,38.52993,38.52993,0.17464986,0.15581883,29.544064,1,1,1,3,3,0,0
598487305,598486755,31.18631998741298,117.19753081578659,35.66615,33.470543,38.52993,38.52993,0.17322814,0.15560707,29.544064,1,1,1,3,3,0,0
598986155,598985738,31.186306763283373,117.19750816769323,35.925976,33.730354,38.52993,38.52993,0.17150077,0.15495695,29.544064,1,1,1,3,3,0,0
599485244,599484721,31.1862926835512,117.19748684971331,36.25738,34.061783,38.52993,38.52993,0.17028786,0.15437986,29.544064,1,1,1,3,3,0,0
599984106,599983701,31.186277241264722,117.19746725136949,36.550472,34.35488,38.52993,38.52993,0.16944458,0.1540113,29.544064,1,1,1,3,3,0,0
600483086,600482683,31.186260113025426,117.19745122479746,36.849335,34.65375,38.52993,38.52993,0.16910453,0.15361747,29.544064,1,1,1,3,3,0,0
600982182,600981665,31.186241842195923,117.19744052336917,37.195072,34.99948,38.52993,38.52993,0.16901647,0.15331014,29.544064,1,1,1,3,3,0,0
601481076,601480646,31.18622398585581,117.19743552811943,37.576225,35.380623,38.52993,38.52993,0.16972864,0.15340549,29.544064,1,1,1,3,3,0,0
601980074,601979627,31.18620738680969,117.19743775819177,37.91378,35.71816,38.52993,38.52993,0.1713869,0.15369476,29.544064,1,1,1,3,3,0,0
602489247,602488587,31.186191527495748,117.19744610068035,38.274876,36.079235,38.52993,38.52993,0.17192349,0.15406102,29.544064,1,1,1,3,3,0,0
602987967,602987568,31.186177958356986,117.19745980128474,38.615685,36.42006,38.52993,38.52993,0.1714509,0.15411158,29.544064,1,1,1,3,3,0,0
603487016,603486548,31.18616856819034,117.19747668950123,38.970184,36.774582,38.52993,38.52993,0.17117766,0.1541217,29.544064,1,1,1,3,3,0,0
603985932,603985529,31.1861638788507,117.19749706029506,39.245365,37.04975,38.52993,38.52993,0.17071399,0.15409029,29.544064,1,1,1,3,3,0,0
604484920,604484509,31.18616084958527,117.19752033898475,39.373756,37.178154,38.52993,38.52993,0.17013207,0.1541443,29.544064,1,1,1,3,3,0,0
604983919,604983488,31.18615899139954,117.19754401576381,39.4583,37.262695,38.52993,38.52993,0.1695362,0.15400903,29.544064,1,1,1,3,3,0,0
605482871,605482468,31.186158131951014,117.19756744966983,39.5501,37.35451,38.52993,38.52993,0.16916627,0.15388857,29.544064,1,1,1,3,3,0,0
605982041,605981447,31.186157846991936,117.19759037813151,39.750908,37.55535,38.52993,38.52993,0.1687407,0.15378492,29.544064,1,1,1,3,3,0,0
606480784,606480427,31.18615787817609,117.19761347155207,39.95284,37.757298,38.52993,38.52993,0.16873245,0.15366374,29.544064,1,1,1,3,3,0,0
606989819,606989386,31.18615677789102,117.19763819766197,40.167973,37.972458,38.52993,38.52993,0.17009605,0.15410401,29.544064,1,1,1,3,3,0,0
607488677,607488365,31.1861546763948,117.19766324345183,40.424892,38.229404,38.52993,38.52993,0.16986942,0.15387127,29.544064,1,1,1,3,3,0,0
607987763,607987343,31.186152093304646,117.19768815951574,40.685135,38.48967,38.52993,38.52993,0.16967808,0.15378588,29.544064,1,1,1,3,3,0,0
608486615,608486322,31.186149622897005,117.19771312343285,40.913467,38.718025,38.52993,38.52993,0.16967586,0.1536369,29.544064,1,1,1,3,3,0,0
608985594,608985301,31.18614684514373,117.19773880779029,41.08022,38.884796,38.52993,38.52993,0.16943899,0.15354322,29.544064,1,1,1,3,3,0,0
609484573,609484279,31.186143896217864,117.19776428697428,41.203064,39.00767,38.52993,38.52993,0.16928415,0.15338024,29.544064,1,1,1,3,3,0,0
609983538,609983257,31.18614069423992,117.19778926278033,41.438667,39.24331,38.52993,38.52993,0.16903527,0.15317254,29.544064,1,1,1,3,3,0,0
610482559,610482235,31.186136484797494,117.19781370970827,41.665733,39.47041,38.52993,38.52993,0.1689565,0.15300569,29.544064,1,1,1,3,3,0,0
610981499,610981213,31.18613194551211,117.1978392258874,41.923973,39.728683,38.52993,38.52993,0.16884449,0.15301552,29.544064,1,1,1,3,3,0,0
611490440,611490170,31.186127051453447,117.19786639142201,42.131413,39.936176,38.52993,38.52993,0.1696488,0.15335786,29.544064,1,1,1,3,3,0,0
611979470,611979168,31.186120819600088,117.19789233196182,42.380726,40.18552,38.52993,38.52993,0.16871142,0.1529354,29.544064,1,1,1,3,3,0,0
612488639,612488124,31.18611166775381,117.19791814078835,42.670757,40.47559,38.52993,38.52993,0.16948253,0.15326881,29.544064,1,1,1,3,3,0,0
612987381,612987101,31.18610031432652,117.19793947720456,43.090332,40.89522,38.52993,38.52993,0.16935216,0.15315564,29.544064,1,1,1,3,3,0,0
613486389,613486078,31.186087196927488,117.19795417347947,43.52919,41.334133,38.52993,38.52993,0.16935962,0.15308447,29.544064,1,1,1,3,3,0,0
613985389,613985055,31.186073291279026,117.19796353739883,43.874546,41.679543,38.52993,38.52993,0.16929708,0.15319173,29.544064,1,1,1,3,3,0,0
614484649,614484031,31.186056368891098,117.19796897557079,44.1348,41.939854,38.52993,38.52993,0.16937421,0.15320766,29.544064,1,1,1,3,3,0,0
614983310,614983007,31.186036614228097,117.1979696557186,44.34908,42.15418,38.52993,38.52993,0.16910136,0.15315466,29.544064,1,1,1,3,3,0,0
615482308,615481983,31.18601586343149,117.19796632094383,44.582333,42.387474,38.52993,38.52993,0.16913807,0.15332887,29.544064,1,1,1,3,3,0,0
615981266,615980958,31.18599586155308,117.19795907030488,44.933258,42.73845,38.52993,38.52993,0.16896842,0.15324046,29.544064,1,1,1,3,3,0,0
616480391,616479933,31.185977394989997,117.19795011978839,45.23885,43.04408,38.52993,38.52993,0.16927056,0.15330248,29.544064,1,1,1,3,3,0,0
616989164,616988888,31.18595803726517,117.19793916061771,45.269848,43.075115,38.52993,38.52993,0.16960369,0.15371421,29.544064,1,1,1,3,3,0,0
617488221,617487863,31.185937814662235,117.19792666005706,45.248684,43.053986,38.52993,38.52993,0.1693949,0.15358108,29.544064,1,1,1,3,3,0,0
617987113,617986837,31.18591584062647,117.19791404443319,45.400425,43.20576,38.52993,38.52993,0.16908297,0.15340917,29.544064,1,1,1,3,3,0,0
618486084,618485811,31.185895054025217,117.19790305545378,45.92431,43.72968,38.52993,38.52993,0.16926356,0.1534411,29.544064,1,1,1,3,3,0,0
618985062,618984785,31.18587795357544,117.19789679632196,46.750553,44.555946,38.52993,38.52993,0.16976883,0.15331481,29.544064,1,1,1,3,3,0,0
619484037,619483759,31.185864304601818,117.19789377485543,47.61306,45.41848,38.52993,38.52993,0.17182797,0.15364988,29.544064,1,1,1,3,3,0,0
619983009,619982733,31.18585283111791,117.19789048691324,48.31292,46.11836,38.52993,38.52993,0.17576174,0.1547388,29.544064,1,1,1,3,3,0,0
620481986,620481707,31.18584280711592,117.19789190844264,48.885002,46.69045,38.52993,38.52993,0.177377,0.15529312,29.544064,1,1,1,3,3,0,0
620980960,620980680,31.185831563610336,117.19789645999789,49.252422,47.057888,38.52993,38.52993,0.17780069,0.15596709,29.544064,1,1,1,3,3,0,0
621490006,621489633,31.185817865954515,117.19790371578547,49.480648,47.28614,38.52993,38.52993,0.17588684,0.15649183,29.544064,1,1,1,3,3,0,0
621988918,621988607,31.185804141370223,117.19791160331053,49.753643,47.55916,38.52993,38.52993,0.17356111,0.15644242,29.544064,1,1,1,3,3,0,0
622487856,622487580,31.185790716310386,117.19791685467297,50.083424,47.88896,38.52993,38.52993,0.17209925,0.15611039,29.544064,1,1,1,3,3,0,0
622986868,622986553,31.185777071152195,117.19791923505039,50.364136,48.169697,38.52993,38.52993,0.17081723,0.15558577,29.544064,1,1,1,3,3,0,0
623485807,623485526,31.18576245147041,117.19791716166624,50.505753,48.311337,38.52993,38.52993,0.17008269,0.15530491,29.544064,1,1,1,3,3,0,0
623985094,623984498,31.185745721939924,117.19791092960862,50.47544,48.281044,38.52993,38.52993,0.16943727,0.15480106,29.544064,1,1,1,3,3,0,0
624483813,624483471,31.185727033867664,117.19789994221594,50.434166,48.239788,38.52993,38.52993,0.16910066,0.15441348,29.544064,1,1,1,3,3,0,0
624982836,624982443,31.185707992867894,117.1978853329158,50.570168,48.37581,38.52993,38.52993,0.1690071,0.15432744,29.544064,1,1,1,3,3,0,0
625481758,625481415,31.18568992790787,117.19787010018095,50.973362,48.77902,38.52993,38.52993,0.16920769,0.15429977,29.544064,1,1,1,3,3,0,0
625981183,625980387,31.185674201362882,117.19785651925098,51.588665,49.39434,38.52993,38.52993,0.16906415,0.15428677,29.544064,1,1,1,3,3,0,0
626479637,626479359,31.18566122673311,117.19784498812945,52.233868,50.039547,38.52993,38.52993,0.1690879,0.15462896,29.544064,1,1,1,3,3,0,0
626988589,626988309,31.1856496475983,117.19783461248888,52.468132,50.273827,38.52993,38.52993,0.16938385,0.15520622,29.544064,1,1,1,3,3,0,0
627487767,627487281,31.185637489176695,117.19782500928532,52.170147,49.97585,38.52993,38.52993,0.16908604,0.15549478,29.544064,1,1,1,3,3,0,0
627986536,627986253,31.18562141347452,117.1978151125191,51.59062,49.396324,38.52993,38.52993,0.1685326,0.15585001,29.544064,1,1,1,3,3,0,0
628485494,628485224,31.185601632010066,117.19780359782274,51.01491,48.820602,38.52993,38.52993,0.1683622,0.15600722,29.544064,1,1,1,3,3,0,0
628984506,628984195,31.185582188706977,117.19778912631871,50.8484,48.654068,38.52993,38.52993,0.16838256,0.15606512,29.544064,1,1,1,3,3,0,0
629483437,629483166,31.185565425643045,117.19777216798667,50.898678,48.704353,38.52993,38.52993,0.16867782,0.15633455,29.544064,1,1,1,3,3,0,0
629982413,629982136,31.185550778540698,117.1977559364555,51.14005,48.94573,38.52993,38.52993,0.16866077,0.15630244,29.544064,1,1,1,3,3,0,0
630481404,630481107,31.185537701467435,117.19774035348259,51.286564,49.09224,38.52993,38.52993,0.16879995,0.15636319,29.544064,1,1,1,3,3,0,0
630980359,630980077,31.18552585438925,117.19772562129978,51.383495,49.18918,38.52993,38.52993,0.1686855,0.1565189,29.544064,1,1,1,3,3,0,0
631489309,631489027,31.185513225848638,117.19771108151372,51.294365,49.100033,38.52993,38.52993,0.16921404,0.15685877,29.544064,1,1,1,3,3,0,0
631988495,631987997,31.185499544033103,117.19769672341938,51.09959,48.905247,38.52993,38.52993,0.1690272,0.15666737,29.544064,1,1,1,3,3,0,0
632487260,632486967,31.1854846474904,117.19768149162012,50.901455,48.707108,38.52993,38.52993,0.16906832,0.15658991,29.544064,1,1,1,3,3,0,0
632986304,632985936,31.185468307869385,117.19766525153224,50.72916,48.534798,38.52993,38.52993,0.16882041,0.15624896,29.544064,1,1,1,3,3,0,0
633485346,633484906,31.18545075269885,117.19764889273745,50.48605,48.291656,38.52993,38.52993,0.16891077,0.15597701,29.544064,1,1,1,3,3,0,0
633984365,633983875,31.185431764544585,117.19763280457516,50.25731,48.06289,38.52993,38.52993,0.16881293,0.15565346,29.544064,1,1,1,3,3,0,0
634483317,634482846,31.185414196467864,117.19761379125721,50.275963,48.08153,38.52993,38.52993,0.16899714,0.15557542,29.544064,1,1,1,3,3,0,0
634982090,634981813,31.18539911230996,117.19759201078347,50.49409,48.299652,38.52993,38.52993,0.16883321,0.15469377,29.544064,1,1,1,3,3,0,0
635481367,635480781,31.185387467512637,117.19756934723978,50.818592,48.624138,38.52993,38.52993,0.16890538,0.1541247,29.544064,1,1,1,3,3,0,0
635980046,635979750,31.185381001735973,117.19754362451305,50.990143,48.795662,38.52993,38.52993,0.16883057,0.1535824,29.544064,1,1,1,3,3,0,0
636479000,636478718,31.18537948842175,117.19751493705681,51.046925,48.852417,38.52993,38.52993,0.1689098,0.15327726,29.544064,1,1,1,3,3,0,0
636987974,636987666,31.185384161739,117.19748353863083,51.03626,48.84173,38.52993,38.52993,0.16950157,0.15339221,29.544064,1,1,1,3,3,0,0
637487148,637486634,31.18539799869775,117.1974521482414,50.83714,48.642567,38.52993,38.52993,0.16978556,0.15350765,29.544064,1,1,1,3,3,0,0
637986076,637985601,31.18542082622346,117.19742186497459,50.36895,48.174335,38.52993,38.52993,0.16975789,0.15350291,29.544064,1,1,1,3,3,0,0
638484939,638484570,31.185451863444957,117.19739580289881,49.916042,47.721397,38.52993,38.52993,0.17017294,0.15367526,29.544064,1,1,1,3,3,0,0
638983851,638983536,31.185488702567593,117.19737487754632,49.53183,47.337135,38.52993,38.52993,0.16987273,0.15383725,29.544064,1,1,1,3,3,0,0
639482777,639482503,31.185526975509188,117.19736049509469,49.429306,47.234577,38.52993,38.52993,0.16967586,0.1538007,29.544064,1,1,1,3,3,0,0
639981782,639981469,31.185564410292926,117.19735127459165,49.500843,47.306087,38.52993,38.52993,0.16910776,0.15355659,29.544064,1,1,1,3,3,0,0
640480756,640480436,31.18559841395084,117.19734472238994,49.61787,47.423073,38.52993,38.52993,0.16880724,0.15349476,29.544064,1,1,1,3,3,0,0
640979735,640979402,31.18563024309715,117.19733796194774,49.509956,47.31511,38.52993,38.52993,0.1683301,0.15317117,29.544064,1,1,1,3,3,0,0
641488621,641488347,31.18566196922996,117.19732891613918,49.180733,46.98584,38.52993,38.52993,0.16869581,0.15336497,29.544064,1,1,1,3,3,0,0
641987700,641987313,31.185694946732728,117.1973191291881,48.685192,46.490246,38.52993,38.52993,0.16837579,0.15331198,29.544064,1,1,1,3,3,0,0
642486571,642486279,31.185730539195088,117.19731105041909,48.180542,45.985542,38.52993,38.52993,0.16817772,0.15312749,29.544064,1,1,1,3,3,0,0
642985748,642985245,31.18576729251798,117.19730869441807,47.867783,45.672745,38.52993,38.52993,0.16801096,0.15294378,29.544064,1,1,1,3,3,0,0
643484714,643484211,31.185804252133934,117.1973149460366,47.365788,45.170715,38.52993,38.52993,0.16826975,0.15305996,29.544064,1,1,1,3,3,0,0
643983747,643983176,31.185838446251644,117.19733014553456,46.85964,44.66452,38.52993,38.52993,0.16826019,0.1529502,29.544064,1,1,1,3,3,0,0
644482523,644482141,31.185867847203404,117.19735164431643,46.364902,44.16976,38.52993,38.52993,0.16847296,0.15295574,29.544064,1,1,1,3,3,0,0
644981384,644981108,31.18589315029163,117.19737727635074,45.81551,43.620358,38.52993,38.52993,0.16849908,0.15307027,29.544064,1,1,1,3,3,0,0
645480349,645480071,31.185913294913846,117.197407277801,45.419613,43.22443,38.52993,38.52993,0.16853803,0.1530676,29.544064,1,1,1,3,3,0,0
645989343,645989015,31.185927578324115,117.19744056755135,45.096775,42.901585,38.52993,38.52993,0.16925116,0.15346181,29.544064,1,1,1,3,3,0,0
646488292,646487980,31.185933619682093,117.19747266935441,44.98922,42.79401,38.52993,38.52993,0.16936916,0.15348475,29.544064,1,1,1,3,3,0,0
646987220,646986945,31.185934316952157,117.19750207520681,44.995934,42.800713,38.52993,38.52993,0.16910459,0.15351002,29.544064,1,1,1,3,3,0,0
647486210,647485909,31.18592927574114,117.1975285166796,44.797455,42.602226,38.52993,38.52993,0.16905697,0.1534918,29.544064,1,1,1,3,3,0,0
647985181,647984873,31.18592073026847,117.19755250871455,44.541977,42.346756,38.52993,38.52993,0.16882564,0.15343438,29.544064,1,1,1,3,3,0,0
648484109,648483837,31.18590982893043,117.19757506928613,44.11829,41.923073,38.52993,38.52993,0.16848981,0.15345472,29.544064,1,1,1,3,3,0,0
648983075,648982800,31.185896471566586,117.19759752041803,43.527122,41.331917,38.52993,38.52993,0.16817196,0.1533219,29.544064,1,1,1,3,3,0,0
649482126,649481764,31.18588198654125,117.19762012458557,43.071434,40.876236,38.52993,38.52993,0.16797905,0.15319486,29.544064,1,1,1,3,3,0,0
649991223,649990706,31.185867721020106,117.19764163038757,42.71722,40.522034,38.52993,38.52993,0.16844824,0.15346785,29.544064,1,1,1,3,3,0,0
650479984,650479692,31.185853919862623,117.19765889397837,42.49207,40.29689,38.52993,38.52993,0.16798489,0.15293297,29.544064,1,1,1,3,3,0,0
650979156,650978653,31.18584033272161,117.1976725737002,42.298523,40.103367,38.52993,38.52993,0.1679182,0.15268989,29.544064,1,1,1,3,3,0,0
651488087,651487595,31.185825844887614,117.19768354060201,41.770184,39.575073,38.52993,38.52993,0.16878949,0.15314567,29.544064,1,1,1,3,3,0,0
651986895,651986558,31.185809452325753,117.1976922988615,41.10361,38.908516,38.52993,38.52993,0.16855727,0.15300843,29.544064,1,1,1,3,3,0,0
652485936,652485521,31.18579009333465,117.19769606006778,40.2979,38.10282,38.52993,38.52993,0.16851805,0.15293743,40.49368,1,1,1,3,3,0,0
652984952,652984483,31.185768199670537,117.19769125228093,39.344105,37.149055,38.52993,38.52993,0.16832574,0.15300697,40.35533,1,1,1,3,3,0,0
653483727,653483445,31.18574549944207,117.19767623332572,38.46702,36.27199,38.52993,38.52993,0.16850872,0.15308371,40.35533,1,1,1,3,3,0,0
653982739,653982407,31.185724017932483,117.1976541197675,37.68987,35.494843,38.52993,38.52993,0.16854277,0.15306683,40.35533,1,1,1,3,3,0,0
654481656,654481370,31.18570463941069,117.19762959397238,37.27898,35.083965,38.52993,38.52993,0.16868725,0.1532428,40.35533,1,1,1,3,3,0,0
654980609,654980330,31.185687680063072,117.1976039239818,37.110703,34.9157,38.52993,38.52993,0.16862287,0.15311684,40.35533,1,1,1,3,3,0,0
655479608,655479291,31.18567269107639,117.19757727043114,36.964703,34.7697,38.52993,38.52993,0.16865402,0.15303744,40.35533,1,1,1,3,3,0,0
655988509,655988231,31.185658789919362,117.19755162021676,36.926464,34.73145,38.52993,38.52993,0.16911848,0.15340395,40.35533,1,1,1,3,3,0,0
656487497,656487193,31.18564579192786,117.1975268742556,36.724087,34.529064,38.52993,38.52993,0.16910075,0.15327248,40.35533,1,1,1,3,3,0,0
656986465,656986154,31.18563252012187,117.19750318592892,36.592007,34.396976,38.52993,38.52993,0.16879939,0.15305676,40.35533,1,1,1,3,3,0,0
657485457,657485114,31.185619993389295,117.19747802921005,36.296616,34.101578,38.52993,38.52993,0.16880387,0.15309435,40.35533,1,1,1,3,3,0,0
657984667,657984075,31.185607588439215,117.19745032174512,35.91814,33.723083,38.52993,38.52993,0.16857238,0.15293843,40.35533,1,1,1,3,3,0,0
658483342,658483036,31.18559931093984,117.19742029859631,35.66709,33.472008,38.52993,38.52993,0.16858123,0.15284066,40.35533,1,1,1,3,3,0,0
658982425,658981996,31.18559681485177,117.19738881692979,35.46406,33.26895,38.52993,38.52993,0.16851443,0.15287536,40.35533,1,1,1,3,3,0,0
659481270,659480956,31.185600364360376,117.19735796027454,35.375023,33.17989,38.52993,38.52993,0.1685646,0.15280133,40.35533,1,1,1,3,3,0,0
659990338,659989896,31.18560941046655,117.19732791039279,35.13615,32.940987,38.52993,38.52993,0.169253,0.15311843,40.35533,1,1,1,3,3,0,0
660489161,660488856,31.18562360654709,117.1972997775192,34.82995,32.63475,38.52993,38.52993,0.16928199,0.15312655,40.35533,1,1,1,3,3,0,0
660988095,660987816,31.185643747884793,117.19727386170617,34.166035,31.970798,38.52993,38.52993,0.16910563,0.15322232,40.35533,1,1,1,3,3,0,0
661487070,661486775,31.18567105809275,117.1972526822122,33.482788,31.287516,38.52993,38.52993,0.16918685,0.15330954,40.35533,1,1,1,3,3,0,0
661986068,661985735,31.18570500029531,117.19724123661601,32.75041,30.55509,38.52993,38.52993,0.1695115,0.15351832,40.35533,1,1,1,3,3,0,0
662484969,662484694,31.185741030353203,117.19724252161204,31.999252,29.803892,38.52993,38.52993,0.16949716,0.15376022,40.35533,1,1,1,3,3,0,0
662983927,662983654,31.185774434228378,117.19725547548448,31.370283,29.174892,38.52993,38.52993,0.16949217,0.15387966,40.35533,1,1,1,3,3,0,0
663482923,663482612,31.185802204004663,117.19727804958082,30.782707,28.587286,38.52993,38.52993,0.16966629,0.15401882,40.35533,1,1,1,3,3,0,0
663982041,663981572,31.18582356680906,117.19730797817333,30.193277,27.99784,38.52993,38.52993,0.16966064,0.15421249,40.35533,1,1,1,3,3,0,0
664480832,664480530,31.18583703008857,117.1973423454222,29.83547,27.640026,38.52993,38.52993,0.16935353,0.15414184,40.35533,1,1,1,3,3,0,0
664979834,664979488,31.18584491094711,117.19737817411766,29.446625,27.251162,38.52993,38.52993,0.1689121,0.15390329,40.35533,1,1,1,3,3,0,0
665488705,665488426,31.185847836958438,117.19741413586618,29.174656,26.979177,38.52993,38.52993,0.1694369,0.15428972,40.35533,1,1,1,3,3,0,0
665987664,665987387,31.18584814110874,117.19744553921574,28.790611,26.595121,38.52993,38.52993,0.16894326,0.15398087,40.35533,1,1,1,3,3,0,0
666486656,666486342,31.1858473003633,117.19747065675017,28.246464,26.050968,38.52993,38.52993,0.16863061,0.15368986,40.35533,1,1,1,3,3,0,0
666985578,666985301,31.18584644370744,117.19747173058248,28.207375,26.011887,38.52993,38.52993,0.17516713,0.15520446,40.35533,1,1,1,3,3,0,0
667484897,667484259,31.185845958758684,117.19747356349721,28.12517,25.929676,38.52993,38.52993,0.18322258,0.15712728,40.35533,1,1,1,3,3,0,0
667983523,667983218,31.18584541142551,117.19747517653404,28.098568,25.903086,38.52993,38.52993,0.18212965,0.15729696,40.35533,1,1,1,3,3,0,0
668482571,668482177,31.185845112979422,117.19747621605913,28.144226,25.948757,38.52993,38.52993,0.17777747,0.15652208,40.35533,1,1,1,3,3,0,0
668981412,668981135,31.185845134983957,117.19747659463381,28.244698,26.049229,38.52993,38.52993,0.17444994,0.15543534,40.35533,1,1,1,3,3,0,0
669480488,669480095,31.18584543152931,117.19747652145413,28.375578,26.180103,38.52993,38.52993,0.17225681,0.15450984,28.259066,1,1,1,3,3,0,0
669989354,669989033,31.185845791075216,117.19747613305286,28.536972,26.34152,38.52993,38.52993,0.17121814,0.15404311,28.404716,1,1,1,3,3,0,0
670488286,670487993,31.185846136968653,117.19747560700047,28.718843,26.523413,38.52993,38.52993,0.17014566,0.15350719,28.570065,1,1,1,3,3,0,0
670987420,670986953,31.185846400668606,117.19747494174459,28.920786,26.72536,38.52993,38.52993,0.16934359,0.15296148,28.758705,1,1,1,3,3,0,0
671486223,671485913,31.185846613075,117.19747429981084,29.144833,26.94941,38.52993,38.52993,0.16904385,0.15262085,28.970451,1,1,1,3,3,0,0
671985148,671984873,31.185846653985145,117.19747368935029,29.382597,27.187155,38.52993,38.52993,0.16867222,0.15243338,29.19337,1,1,1,3,3,0,0
672484122,672483833,31.185846515084258,117.19747321838942,29.624674,27.429224,38.52993,38.52993,0.16876642,0.15233469,29.423216,1,1,1,3,3,0,0
672983156,672982794,31.185846242472028,117.19747279765501,29.860205,27.664745,38.52993,38.52993,0.1686647,0.15218815,29.641918,1,1,1,3,3,0,0
673482032,673481754,31.185845950983627,117.19747252462136,30.085043,27.889587,38.52993,38.52993,0.16879089,0.15231302,29.861897,1,1,1,3,3,0,0
673980997,673980715,31.18584569266613,117.19747227747499,30.30591,28.110466,38.52993,38.52993,0.16873085,0.1522525,30.075129,1,1,1,3,3,0,0
674489994,674489657,31.185845522462245,117.19747210700879,30.520779,28.325336,38.52993,38.52993,0.16948652,0.15261497,30.287283,1,1,1,3,3,0,0
674979016,674978638,31.185845399797454,117.19747183567739,30.721426,28.525967,38.52993,38.52993,0.1686851,0.15231073,30.485266,1,1,1,3,3,0,0
675487867,675487579,31.185845340673264,117.19747163453937,30.916616,28.721169,38.52993,38.52993,0.1694366,0.15267783,30.683146,1,1,1,3,3,0,0
675986992,675986541,31.18584525395026,117.1974713574465,31.107904,28.91247,38.52993,38.52993,0.16935273,0.15262617,30.872755,1,1,1,3,3,0,0
676485790,676485503,31.185845209451962,117.1974711709238,31.278934,29.083502,38.52993,38.52993,0.1694936,0.1527888,31.044428,1,1,1,3,3,0,0
676984933,676984465,31.18584517689973,117.19747097336732,31.43696,29.241526,38.52993,38.52993,0.1693407,0.15269537,31.19899,1,1,1,3,3,0,0
677483740,677483427,31.185845182636346,117.19747084978717,31.568666,29.373232,38.52993,38.52993,0.16947976,0.15270649,31.33723,1,1,1,3,3,0,0
677982768,677982390,31.185845163400224,117.19747065628866,31.687803,29.492352,38.52993,38.52993,0.1693194,0.15274951,31.454987,1,1,1,3,3,0,0
678481638,678481353,31.185845102060103,117.19747050644308,31.78363,29.588161,38.52993,38.52993,0.16926542,0.15268739,31.557613,1,1,1,3,3,0,0
678980668,678980316,31.185845042514934,117.1974703718988,31.864677,29.669203,38.52993,38.52993,0.1690637,0.15257308,31.640732,1,1,1,3,3,0,0
679479558,679479279,31.185845045202377,117.1974702950566,31.927044,29.731573,38.52993,38.52993,0.16899799,0.15261756,31.71563,1,1,1,3,3,0,0
679988775,679988222,31.18584504028876,117.19747016489882,31.986134,29.790657,38.52993,38.52993,0.16952269,0.15289654,31.781662,1,1,1,3,3,0,0
680487492,680487185,31.185845068245577,117.19747008386342,32.0314,29.835936,38.52993,38.52993,0.16956864,0.15285367,31.841135,1,1,1,3,3,0,0
680986431,680986149,31.185845058743766,117.19746996295069,32.081562,29.886099,38.52993,38.52993,0.16937023,0.15285176,31.897888,1,1,1,3,3,0,0
681485388,681485113,31.185845020085807,117.19746990171996,32.12522,29.92975,38.52993,38.52993,0.16945696,0.1528251,31.95038,1,1,1,3,3,0,0
681984605,681984077,31.185844964002985,117.19746981017194,32.169403,29.973907,38.52993,38.52993,0.16936061,0.15273882,31.993704,1,1,1,3,3,0,0
682483319,682483041,31.185844931024064,117.19746976399244,32.20919,30.01371,38.52993,38.52993,0.1692807,0.15278266,32.041172,1,1,1,3,3,0,0
682982324,682982006,31.1858449607219,117.19746972225985,32.251114,30.055637,38.52993,38.52993,0.16901179,0.1526346,32.080627,1,1,1,3,3,0,0
683481333,683480971,31.185845052899484,117.19746972634111,32.286816,30.091331,38.52993,38.52993,0.16895546,0.15254931,32.123108,1,1,1,3,3,0,0
683980232,683979935,31.185845126044768,117.19746969918694,32.328915,30.133436,38.52993,38.52993,0.16873154,0.15254065,32.167614,1,1,1,3,3,0,0
684489270,684488879,31.185845210642764,117.19746971231584,32.36972,30.174255,38.52993,38.52993,0.16943885,0.15287006,32.214844,1,1,1,3,3,0,0
684988152,684987845,31.185845243072258,117.19746969829178,32.414284,30.218824,38.52993,38.52993,0.16920419,0.15271285,32.255993,1,1,1,3,3,0,0
685487321,685486811,31.185845228935406,117.19746973617099,32.45797,30.262512,38.52993,38.52993,0.1692781,0.15267208,32.30455,1,1,1,3,3,0,0
685986051,685985776,31.185845237104527,117.19746975255873,32.510067,30.314611,38.52993,38.52993,0.16899693,0.15264696,32.352863,1,1,1,3,3,0,0
686485139,686484742,31.18584525151962,117.19746968193246,32.575054,30.379599,38.52993,38.52993,0.17414689,0.15563206,32.41429,1,1,1,3,3,0,0
686984012,686983708,31.18584526150338,117.1974697370404,32.619144,30.423677,38.52993,38.52993,0.17219946,0.1547851,32.452927,1,1,1,3,3,0,0
687482952,687482674,31.18584530493768,117.19746981939753,32.65511,30.459627,38.52993,38.52993,0.17092958,0.1542405,32.493435,1,1,1,3,3,0,0
687981917,687981640,31.185845355371054,117.19746988830047,32.698715,30.503246,38.52993,38.52993,0.16998306,0.1536628,32.53846,1,1,1,3,3,0,0
688491187,688490586,31.185845340824496,117.19746991933575,32.74369,30.548225,38.52993,38.52993,0.17016019,0.15363775,32.58973,1,1,1,3,3,0,0
688980102,688979573,31.185845319164294,117.197469933591,32.793964,30.598494,38.52993,38.52993,0.16883886,0.15293817,32.630352,1,1,1,3,3,0,0
689478825,689478540,31.185845310531672,117.19746988809547,32.853573,30.658085,38.52993,38.52993,0.17379212,0.15574822,32.689903,1,1,1,3,3,0,0
689987762,689987486,31.185845318949166,117.19746993486378,32.89626,30.700779,38.52993,38.52993,0.1723896,0.15511253,32.730732,1,1,1,3,3,0,0
690486860,690486453,31.18584530551329,117.19746999878669,32.92878,30.733284,38.52993,38.52993,0.17118815,0.15453173,32.766968,1,1,1,3,3,0,0
690985701,690985421,31.185845298360427,117.19747000631621,32.960365,30.764883,38.52993,38.52993,0.1701542,0.153875,32.799152,1,1,1,3,3,0,0
691484697,691484388,31.18584528644169,117.19747009815939,32.991055,30.795567,38.52993,38.52993,0.1694765,0.1533382,32.83612,1,1,1,3,3,0,0
691983638,691983356,31.185845251820417,117.19747013703912,33.027332,30.831867,38.52993,38.52993,0.16893227,0.15305583,32.86909,1,1,1,3,3,0,0
692482597,692482323,31.185845224650627,117.19747013464655,33.076283,30.880833,38.52993,38.52993,0.1739786,0.15588056,32.920586,1,1,1,3,3,0,0
692981622,692981291,31.185845189995582,117.19747021276841,33.111275,30.915825,38.52993,38.52993,0.17196976,0.15488152,32.95233,1,1,1,3,3,0,0
693480540,693480259,31.185845157761392,117.19747027324125,33.139572,30.944115,38.52993,38.52993,0.17079192,0.1543095,32.98632,1,1,1,3,3,0,0
693989596,693989207,31.185845122639734,117.19747030590962,33.170933,30.97547,38.52993,38.52993,0.1704437,0.15403047,33.013958,1,1,1,3,3,0,0
694488724,694488175,31.185845107436315,117.1974703512191,33.1918,30.996338,38.52993,38.52993,0.16995512,0.15359002,33.043213,1,1,1,3,3,0,0
694987552,694987144,31.18584508478207,117.19747037117618,33.21779,31.022339,38.52993,38.52993,0.169435,0.15317813,33.064526,1,1,1,3,3,0,0
695486391,695486112,31.185845031807183,117.19747028699716,33.258656,31.063206,38.52993,38.52993,0.17429213,0.15607563,33.1042,1,1,1,3,3,0,0
695985394,695985082,31.185844997075698,117.19747025382077,33.2764,31.080963,38.52993,38.52993,0.17221521,0.15506546,33.121586,1,1,1,3,3,0,0
696484369,696484051,31.185844985076038,117.19747029052378,33.28982,31.094385,38.52993,38.52993,0.17095493,0.15431063,33.137257,1,1,1,3,3,0,0
696983381,696983019,31.18584497566396,117.19747030308302,33.30291,31.107489,38.52993,38.52993,0.16988805,0.15376358,33.151623,1,1,1,3,3,0,0
697482308,697481989,31.18584497029689,117.19747035885212,33.316082,31.120651,38.52993,38.52993,0.16940859,0.1533197,33.170937,1,1,1,3,3,0,0
697981267,697980958,31.185844971156104,117.19747040020846,33.337963,31.142544,38.52993,38.52993,0.16884768,0.15301259,33.189846,1,1,1,3,3,0,0
698490219,698489907,31.185844968384284,117.19747041836062,33.352837,31.15742,38.52993,38.52993,0.16941303,0.15315613,33.20836,1,1,1,3,3,0,0
698989395,698988877,31.185844883111105,117.19747026439211,33.388916,31.193506,38.52993,38.52993,0.16925624,0.15294297,33.231762,1,1,1,3,3,0,0
699478327,699477868,31.185844494531068,117.19747015166479,33.538906,31.343487,38.52993,38.52993,0.16855663,0.15253045,33.334236,1,1,1,3,3,0,0
699987127,699986817,31.18584344279948,117.19747013588093,34.060314,31.864897,38.52993,38.52993,0.16927075,0.15278761,33.75191,1,1,1,3,3,0,0
700486063,700485787,31.18584126631618,117.1974687080562,34.846584,32.65115,38.52993,38.52993,0.16948532,0.15269548,34.522224,1,1,1,3,3,0,0
700985060,700984757,31.185836513739893,117.19746170095907,35.243523,33.048077,38.52993,38.52993,0.16927898,0.15253703,35.001602,1,1,1,3,3,0,0
701484011,701483728,31.18583622098679,117.19745300235459,35.328278,33.132835,38.52993,38.52993,0.16914529,0.15258484,34.997005,1,1,1,3,3,0,0
701982986,701982698,31.185838485160836,117.19745076133172,35.341236,33.145794,38.52993,38.52993,0.1689924,0.15249431,34.997005,1,1,1,3,3,0,0
702481993,702481668,31.18584015078672,117.19745219272667,35.256676,33.061253,38.52993,38.52993,0.16875604,0.15238765,34.997005,1,1,1,3,3,0,0
702980930,702980639,31.18583980846862,117.19745210918319,35.033386,32.837955,38.52993,38.52993,0.16842,0.1524499,34.997005,1,1,1,3,3,0,0
703480011,703479610,31.185839023212957,117.19745089122443,34.877403,32.681965,38.52993,38.52993,0.1683227,0.15245944,34.997005,1,1,1,3,3,0,0
703989072,703988560,31.185837742377107,117.19745033852094,34.64304,32.44761,38.52993,38.52993,0.1622447,0.14922391,34.997005,1,1,1,3,3,0,0
704487852,704487531,31.185835741105493,117.19744956507374,34.400524,32.205086,38.52993,38.52993,0.16869164,0.15313883,34.997005,1,1,1,3,3,0,0
704986974,704986502,31.18583469842615,117.1974483184508,34.12559,31.93015,38.52993,38.52993,0.16843624,0.15318581,34.997005,1,1,1,3,3,0,0
705485937,705485473,31.185833934691395,117.19744792941344,33.800785,31.605333,38.52993,38.52993,0.16839649,0.15332614,34.997005,1,1,1,3,3,0,0
705984731,705984445,31.18583359857604,117.19744745210559,33.47724,31.281763,38.52993,38.52993,0.16826512,0.1535707,34.997005,1,1,1,3,3,0,0
706483711,706483417,31.18583288999257,117.19744675105986,33.131138,30.935646,38.52993,38.52993,0.1682213,0.15365332,34.997005,1,1,1,3,3,0,0
706982688,706982388,31.185832217651114,117.19744668342035,32.817844,30.622356,38.52993,38.52993,0.16823572,0.15375175,34.997005,1,1,1,3,3,0,0
707481655,707481360,31.185832390814966,117.19744782181196,32.570675,30.37521,38.52993,38.52993,0.16830252,0.15395759,34.997005,1,1,1,3,3,0,0
707980684,707980332,31.18583211640139,117.19745052694334,32.298275,30.102814,38.52993,38.52993,0.1683182,0.15400578,34.997005,1,1,1,3,3,0,0
708489780,708489283,31.185832267037974,117.19745211459725,31.996096,29.800638,38.52993,38.52993,0.16254295,0.15069517,34.997005,1,1,1,3,3,0,0
708988777,708988256,31.18583118691824,117.1974528756219,31.799065,29.60359,38.52993,38.52993,0.16258703,0.1506957,34.997005,1,1,1,3,3,0,0
709487621,709487228,31.185829796428777,117.19745443536142,31.715126,29.519646,38.52993,38.52993,0.16931789,0.1545932,34.997005,1,1,1,3,3,0,0
709986478,709986201,31.18582902727715,117.19745440898757,31.57895,29.383457,38.52993,38.52993,0.1691652,0.15448232,34.997005,1,1,1,3,3,0,0
710485480,710485173,31.18582877363193,117.1974548669914,31.449818,29.254328,38.52993,38.52993,0.16905269,0.15434073,34.997005,1,1,1,3,3,0,0
710984447,710984146,31.185828675059994,117.19745531619463,31.29594,29.100452,38.52993,38.52993,0.1688011,0.15430038,34.997005,1,1,1,3,3,0,0
711483582,711483118,31.18582843147907,117.19745515832012,31.133493,28.938,38.52993,38.52993,0.16869748,0.15415505,34.997005,1,1,1,3,3,0,0
711982532,711982091,31.185828371572295,117.19745452103233,30.998423,28.802929,38.52993,38.52993,0.16840634,0.1539166,34.997005,1,1,1,3,3,0,0
712481344,712481064,31.18582804534699,117.19745348069644,30.853237,28.657738,38.52993,38.52993,0.16826811,0.1539033,34.997005,1,1,1,3,3,0,0
712990389,712990017,31.185827962901193,117.1974525301743,30.77255,28.577045,38.52993,38.52993,0.16859919,0.15405679,34.997005,1,1,1,3,3,0,0
713479319,713479011,31.18582841056607,117.19745198832959,30.719563,28.524044,38.52993,38.52993,0.17299546,0.15664177,34.997005,1,1,1,3,3,0,0
713988261,713987964,31.18582805942529,117.19745117361634,30.559181,28.363657,38.52993,38.52993,0.17179468,0.15627755,34.997005,1,1,1,3,3,0,0
714487218,714486937,31.185826432781546,117.19745175666513,30.32254,28.127012,38.52993,38.52993,0.1707032,0.15558185,34.997005,1,1,1,3,3,0,0
714986244,714985911,31.185825356684603,117.19745207541251,30.173624,27.97812,38.52993,38.52993,0.16984344,0.15488586,34.997005,1,1,1,3,3,0,0
715485166,715484884,31.18582479457851,117.19745163330082,30.08008,27.884563,38.52993,38.52993,0.16950582,0.15452017,34.997005,1,1,1,3,3,0,0
715984140,715983858,31.18582412451041,117.19745111699334,30.034733,27.839222,38.52993,38.52993,0.1691331,0.15400335,34.997005,1,1,1,3,3,0,0
716483143,716482832,31.18582365341324,117.19745036846103,30.004583,27.809067,38.52993,38.52993,0.16904141,0.15363158,29.856117,1,1,1,3,3,0,0
716982127,716981807,31.185823345368853,117.19744966658996,29.996883,27.801374,38.52993,38.52993,0.16884413,0.15341552,29.825762,1,1,1,3,3,0,0
717481066,717480781,31.185823354655756,117.19744915162488,29.965534,27.77003,38.52993,38.52993,0.16880165,0.15313572,29.780865,1,1,1,3,3,0,0
